EdgeID,V1,V2,37_Femur_R,38_Femur_R,39_Femur_R,40_Femur_R,41_Femur_R,42_Femur_R,43_Femur_L,44_Femur_R,45_Femur_R,46_Femur_R,47_Femur_R,48_Femur_R,49_Femur_R,50_Femur_R,51_Femur_R,52_Femur_R,53_Femur_R,54_Femur_R,55_Femur_R,56_Femur_R,57_Femur_R,58_Femur_R,59_Femur_R,60_Femur_R,61_Femur_R,62_Femur_R,63_Femur_R,64_Femur_R,65_Femur_R,66_Femur_R,67_Femur_R,68_Femur_R,69_Femur_R,70_Femur_R,71_Femur_R,72_Femur_R,73_Femur_R,74_Femur_R,75_Femur_R,76_Femur_R,77_Femur_R,78_Femur_R,79_Femur_R,80_Femur_R,81_Femur_R,82_Femur_R,83_Femur_R,84_Femur_R,85_Femur_R,86_Femur_R,87_Femur_R,88_Femur_R,89_Femur_R,90_Femur_R,91_Femur_R,92_Femur_R,93_Femur_R,94_Femur_R,95_Femur_R,96_Femur_R,97_Femur_R,98_Femur_R,99_Femur_R,100_Femur_R,101_Femur_R,102_Femur_R,103_Femur_R,104_Femur_R,105_Femur_R,106_Femur_R,107_Femur_R,108_Femur_R,109_Femur_R,110_Femur_R,111_Femur_R,112_Femur_R,113_Femur_R,114_Femur_R,115_Femur_R,116_Femur_R,117_Femur_R,118_Femur_R,119_Femur_R,120_Femur_R,121_Femur_R,122_Femur_R,123_Femur_R,124_Femur_R,125_Femur_R,126_Femur_R,127_Femur_R,128_Femur_R,129_Femur_R,130_Femur_R,131_Femur_R,132_Femur_R,133_Femur_R,134_Femur_R,135_Femur_R,136_Femur_R,137_Femur_R,138_Femur_R,139_Femur_R,140_Femur_R,141_Femur_R,142_Femur_R,143_Femur_R,144_Femur_R,145_Femur_R,146_Femur_R,147_Femur_R,148_Femur_R,149_Femur_R,150_Femur_R,151_Femur_R,152_Femur_R,153_Femur_R,154_Femur_R,155_Femur_R,156_Femur_R,157_Femur_R,158_Femur_R,159_Femur_R,160_Femur_R,161_Femur_R,162_Femur_R,163_Femur_R,164_Femur_R,165_Femur_R,166_Femur_R,167_Femur_R,168_Femur_R,169_Femur_R,170_Femur_R,171_Femur_R,172_Femur_R,173_Femur_R,174_Femur_R,175_Femur_R,176_Femur_R,177_Femur_R,178_Femur_R,179_Femur_R,180_Femur_R,181_Femur_R,182_Femur_R,183_Femur_R,184_Femur_R,185_Femur_R,186_Femur_R,187_Femur_R,188_Femur_R,189_Femur_R,190_Femur_R,191_Femur_R,192_Femur_R,193_Femur_R,194_Femur_R,195_Femur_R,196_Femur_R,197_Femur_R,198_Femur_R,199_Femur_R,200_Femur_R,201_Femur_R,202_Femur_R,203_Femur_R,204_Femur_R,205_Femur_R,206_Femur_R,207_Femur_R,208_Femur_R,209_Femur_R,210_Femur_R,211_Femur_R,212_Femur_R,213_Femur_R,214_Femur_R,215_Femur_R,216_Femur_R,217_Femur_L,218_Femur_L,219_Femur_L,220_Femur_L,221_Femur_L,222_Femur_L,223_Femur_L,224_Femur_L,225_Femur_L,226_Femur_L,227_Femur_L,228_Femur_L,229_Femur_L,230_Femur_L,231_Femur_L,232_Femur_L,233_Femur_L,234_Femur_L,235_Femur_L,236_Femur_L,237_Femur_L,238_Femur_L,239_Femur_L,240_Femur_L,241_Femur_L,242_Femur_L,243_Femur_L,244_Femur_L,245_Femur_L,246_Femur_L,247_Femur_L,248_Femur_L,249_Femur_L,250_Femur_L,251_Femur_L,252_Femur_L,253_Femur_L,254_Femur_L,255_Femur_L,256_Femur_L,257_Femur_L,258_Femur_L,259_Femur_L,260_Femur_L,261_Femur_L,262_Femur_L,263_Femur_L,264_Femur_L,265_Femur_L,266_Femur_L,267_Femur_L,268_Femur_L,269_Femur_L,270_Femur_L,271_Femur_L,272_Femur_L,273_Femur_L,274_Femur_L,275_Femur_L,276_Femur_L,277_Femur_L,278_Femur_L,279_Femur_L,280_Femur_L,281_Femur_L,282_Femur_L,283_Femur_L,284_Femur_L,285_Femur_L,286_Femur_L,287_Femur_L,288_Femur_L,289_Femur_L,290_Femur_L,291_Femur_L,292_Femur_L,293_Femur_L,294_Femur_L,295_Femur_L,296_Femur_L,297_Femur_L,298_Femur_L,299_Femur_L,300_Femur_L,301_Femur_L,302_Femur_L,303_Femur_L,304_Femur_L,305_Femur_L,306_Femur_L,307_Femur_L,308_Femur_L,309_Femur_L,310_Femur_L,311_Femur_L,312_Femur_L,313_Femur_L,314_Femur_L,315_Femur_L,316_Femur_L,317_Femur_L,318_Femur_L,319_Femur_L,320_Femur_L,321_Femur_L,322_Femur_L,323_Femur_L,324_Femur_L,325_Femur_L,326_Femur_L,327_Femur_L,328_Femur_L,329_Femur_L,330_Femur_L,331_Femur_L,332_Femur_L,333_Femur_L,334_Femur_L,335_Femur_L,336_Femur_L,337_Femur_L,338_Femur_L,339_Femur_L,340_Femur_L,341_Femur_L,342_Femur_L,343_Femur_L,344_Femur_L,345_Femur_L,346_Femur_L,347_Femur_L,348_Femur_L,349_Femur_L,350_Femur_L,351_Femur_L,352_Femur_L,353_Femur_L,354_Femur_L,355_Femur_L,356_Femur_L,357_Femur_L,358_Femur_L,359_Femur_L,360_Femur_L,361_Femur_L,362_Femur_L,363_Femur_L,364_Femur_L,365_Femur_L,366_Femur_L,367_Femur_L,368_Femur_L,369_Femur_L,370_Femur_L,371_Femur_L,372_Femur_L,373_Femur_L,374_Femur_L,375_Femur_L,376_Femur_L,377_Femur_L,378_Femur_L,379_Femur_L,380_Femur_L,381_Femur_L,382_Femur_L,383_Femur_L,384_Femur_L,385_Femur_L,386_Femur_L,387_Femur_L,388_Femur_L,389_Femur_L,390_Femur_L,391_Femur_L,392_Femur_L,393_Femur_L,394_Femur_L,395_Femur_L,396_Femur_L
1,1,3,329.487097,445.125948,156.83425,516.055826,317.608894,361.375989,115.393946,373.437988,491.86816,139.501126,128.326157,157.063858,433.017705,226.414109,214.278889,524.250747,374.497652,162.424528,328.497386,553.338696,497.849627,254.564981,500.371961,377.117484,417.964495,264.804775,182.498083,349.455665,111.85603,180.482243,506.558846,557.745806,559.686502,118.885788,454.47166,532.395961,247.634507,492.873916,453.843505,124.715204,565.458237,380.522992,489.471553,161.765944,120.504687,294.907353,322.379734,414.424085,558.502736,482.601932,376.458335,259.882596,225.113221,476.129511,263.993506,540.912119,558.22767,269.333089,165.435737,389.702499,242.878892,364.663418,199.390103,309.074491,252.281936,269.673902,215.36398,278.296972,189.092216,427.360861,443.488318,394.019631,332.070749,532.704478,115.559575,206.158294,171.027703,197.376291,412.746046,531.653037,514.521136,571.439699,533.726566,139.736944,107.194757,465.468163,504.076345,264.895284,338.337386,362.217645,462.289035,530.499359,447.662598,118.670962,265.574224,535.957406,131.294547,456.982368,335.190064,548.403156,403.424145,488.847018,380.649393,487.152431,164.405976,228.290444,563.701104,542.874213,303.084398,113.154936,568.938487,264.052178,448.093697,212.693952,419.420055,254.451851,459.420417,307.785556,543.288321,269.837845,499.713827,141.620179,478.007271,306.176925,347.71847,112.311629,205.181269,455.075337,287.215739,431.053138,328.001583,162.710827,440.217659,286.619948,96.676624,427.481902,444.007045,180.028306,325.101197,239.659098,495.116894,488.447928,174.210288,340.691314,157.286981,324.503674,501.372771,564.614418,438.523003,124.439657,335.596084,452.448092,502.30593,497.351689,413.94464,186.088894,410.925445,366.395261,518.234629,471.017268,277.982485,237.778582,122.420328,181.135493,99.207681,277.696827,230.196496,533.710772,160.142341,227.592719,321.670893,343.681563,540.037915,294.184143,481.884978,461.315014,170.558748,104.917884,296.690166,191.715703,197.483879,241.441436,156.827607,109.229922,111.306911,193.976359,550.26766,381.605977,233.84517,431.063772,340.472368,184.726372,420.434062,473.378426,256.284969,189.21809,290.871213,492.210915,187.652933,128.247542,205.565485,441.590861,563.739246,115.677208,437.0927,421.429702,525.250914,218.60484,192.249394,448.667264,105.077904,546.341033,385.329829,497.366189,305.96472,408.171094,394.432892,112.708681,264.063197,355.542139,121.08486,395.20822,332.734222,557.78941,419.021748,384.896851,188.643704,162.470762,241.652056,380.230592,131.932611,130.12248,133.458514,217.80592,562.14654,471.694965,235.160944,239.774525,174.540563,157.676667,409.396946,543.066502,280.198633,103.951092,394.417205,166.88339,445.038515,214.034661,336.468214,413.093377,530.400807,472.873179,470.773575,111.365169,498.102007,503.850304,262.124732,136.184025,503.593408,362.578644,123.592825,191.936239,553.293009,553.10038,371.81937,109.735695,352.465971,490.117272,471.509241,546.122147,347.003334,234.961611,355.263119,468.469978,487.083583,501.493547,466.67337,183.53501,550.054748,291.077559,463.05282,137.328419,561.354998,531.303644,548.009048,420.528204,233.263572,432.563895,314.120231,486.916079,284.852393,271.223417,313.142752,201.577479,555.688602,257.437839,557.166428,258.68573,303.507097,473.344675,218.552903,511.403444,524.140216,460.069789,323.358865,516.079858,255.429879,473.121927,357.371926,216.444686,512.103405,423.264823,377.851106,240.700918,539.270042,307.706953,508.374411,268.394483,134.613507,403.249071,420.593625,275.281508,320.181348,534.947509,453.919846,168.378907,456.842611,501.661838,422.069181,569.239023,482.222111,299.628132,119.140494,238.694367,137.611058,453.467754,511.332726,497.211611,117.922495,576.326664,184.780376,111.622774,560.295854,247.458136,217.567135,283.985092,295.463537,161.883531,486.996458,371.643213,504.262698,346.169492,553.298499,452.353203,393.023999,208.537674,474.696543,455.919055,453.154291,126.797255
2,1,4,328.72021,444.08991,156.469216,514.854698,316.869654,360.534881,115.125365,372.568805,490.723329,139.176435,128.027476,156.698289,432.009849,225.887126,213.780151,523.030545,373.626002,162.046482,327.732803,552.05079,496.690874,253.972477,499.207337,376.239737,416.991675,264.188437,182.073316,348.642301,111.595683,180.062168,505.379822,556.447643,558.383822,118.60908,453.413869,531.1568,250.584029,498.744433,459.249139,126.20066,572.19329,385.055321,495.301545,163.692704,121.939993,298.419932,326.21953,419.360202,565.154943,488.350101,380.942251,262.978002,227.794497,481.800589,267.137877,547.354808,564.876602,272.541059,167.406207,394.344163,245.771771,369.006846,201.764996,312.755812,255.286813,272.885931,217.929135,281.611708,191.344453,432.451066,448.770614,398.712716,326.90361,524.415407,113.761427,202.950397,168.366451,194.305045,406.32357,523.380326,506.515003,562.547893,525.42159,137.562587,105.526769,458.225312,496.232737,260.773419,333.072736,356.581409,455.095652,522.244599,440.696808,116.824399,261.441794,527.617717,129.251557,449.87156,329.974387,539.869807,397.146721,481.240384,374.726352,479.572165,161.84776,224.738163,554.929713,534.426895,306.694394,114.502709,575.715034,267.197267,453.430879,215.22732,424.41571,257.482592,464.89251,311.451547,549.759353,273.051846,505.66585,143.306997,483.700749,309.823756,351.860096,113.649357,207.625154,460.495677,290.636726,436.187354,331.908365,164.648853,445.461031,290.033838,97.828126,432.57358,449.295552,182.172598,328.973432,242.513645,501.014163,494.265763,176.285283,344.749241,159.160409,328.368801,507.344565,571.339477,443.746201,125.921843,339.593331,457.837151,508.288839,503.275589,418.875088,188.305377,415.819932,370.759353,524.407264,476.627502,281.293503,240.610735,123.878463,183.292977,100.389332,281.004443,232.938341,540.067741,162.049778,230.30355,325.502279,347.775115,546.470245,297.688137,487.624656,466.809686,172.590254,106.167549,300.224009,193.999207,197.950629,242.012078,157.198266,109.488085,111.569983,194.434818,551.568207,382.507896,234.397859,432.082583,341.277068,185.162969,421.42775,474.497246,256.890693,189.665303,291.558681,493.374246,188.096447,128.550652,206.051335,442.634552,565.071633,115.950609,438.12576,422.425743,526.492334,219.121508,192.703771,449.72768,105.326253,547.6323,386.240548,498.541704,306.687861,409.135799,401.677315,114.778765,268.913161,362.072268,123.308787,402.466884,338.845445,568.03415,426.717787,391.966128,192.108463,165.454811,246.090403,387.214166,134.355775,132.512398,135.909704,221.806292,572.471307,480.358436,239.480071,244.178387,177.746294,160.572665,416.91621,553.040833,285.344952,105.860329,401.66134,169.948485,453.212395,217.965767,342.648018,420.680532,540.142509,481.55829,479.097764,113.334321,506.909416,512.759353,266.759606,138.592022,512.497915,368.989738,125.778185,195.330044,563.076302,562.880268,378.393857,111.676035,358.698252,498.783495,479.846438,555.778645,353.139026,239.116188,361.54486,476.753435,495.696165,510.360925,474.925061,186.780265,559.780782,296.224374,471.240492,139.756652,571.280843,540.698122,557.69891,427.963958,237.388124,440.212463,317.062151,491.476333,287.520203,273.763583,316.075517,203.46537,560.892951,259.848895,562.384618,261.108473,306.349618,477.777825,220.599779,516.193036,529.049095,464.378612,326.38731,520.913248,257.822129,477.55299,360.718923,218.471817,516.899553,427.228945,381.389903,242.955222,544.320621,310.588808,513.135634,270.908154,135.874241,407.025735,424.53273,277.85968,323.180033,539.957605,449.563829,166.763068,452.458546,496.847667,418.018817,563.776351,477.594493,296.752767,117.997169,236.403749,136.290481,449.116075,506.425748,492.440146,116.790858,570.795976,183.007141,110.551592,554.919005,245.083418,215.479264,281.259845,292.628138,160.330025,482.323024,368.076759,499.423568,342.847495,547.9888,448.012219,389.252365,206.536453,470.141143,451.543853,448.805619,125.580452
3,1,7,334.713974,452.187283,159.322218,524.24237,322.647339,367.108742,117.224519,379.362088,499.670998,141.714127,130.361882,159.555468,439.886958,230.005869,217.67814,532.567292,380.438562,165.001178,333.708563,562.116682,505.747353,258.603318,508.309701,383.099954,424.594949,269.005552,185.393174,354.999317,113.630478,183.345355,514.594732,566.593706,568.565188,120.771754,461.681252,540.841718,256.170944,509.864228,469.488362,129.014377,584.950669,393.640351,506.344578,167.342327,124.658716,305.073376,333.492783,428.710079,577.755398,499.238148,389.435578,268.841248,232.873307,492.54261,273.09387,559.558398,577.470851,278.617518,171.138625,403.136293,251.251394,377.234066,206.263463,319.728883,260.978579,278.97008,222.78799,287.890403,195.610588,442.092812,458.776213,407.602245,341.754041,548.238315,118.92933,212.169937,176.014927,203.131848,424.781856,547.156213,529.52474,588.103067,549.290207,143.811719,110.320592,479.041367,518.775377,272.619717,348.203415,372.78003,475.769534,545.968894,460.716585,122.131446,273.318455,551.586099,135.123139,470.308124,344.964316,564.394771,415.188125,503.101956,391.749253,501.357954,169.200108,234.947468,580.138813,558.704601,313.532398,117.055641,588.551075,273.15465,463.540493,220.025991,433.878408,263.223378,475.257671,318.395616,562.01669,279.139761,516.940087,146.502145,494.485256,316.731532,359.705107,116.183263,212.254328,470.762807,297.116711,445.912509,339.308535,168.319835,455.392951,296.500381,100.009285,442.218163,459.312965,186.234286,336.308166,247.920686,512.184687,505.285826,180.215708,352.435709,162.708995,335.690001,518.656148,584.077868,453.639816,128.729354,347.164789,468.044933,519.621476,514.496452,428.214185,192.503771,425.090913,379.025679,536.099271,487.254227,287.565128,245.975311,126.640415,187.379615,102.627579,287.269623,238.131855,552.108909,165.662785,235.43832,332.759567,355.528992,558.654161,304.325292,498.49657,477.217517,176.438268,108.534625,306.917702,198.324548,207.47094,253.651497,164.758619,114.753846,116.935871,203.786039,578.095535,400.904374,245.671077,452.863325,357.690575,194.068266,441.696054,497.317894,269.245691,198.787137,305.581014,517.102772,197.142828,134.733216,215.961245,463.922784,592.248399,121.527181,459.197144,442.742045,551.813653,229.66002,201.971739,471.357051,110.391854,573.970332,404.816546,522.518756,321.437822,428.812929,410.224098,117.220997,274.635024,369.776345,125.932518,411.030466,346.055308,580.120629,435.797374,400.306279,196.196095,168.975314,251.326649,395.453206,137.214562,135.331962,138.801554,226.525827,584.652198,490.579375,244.575664,249.37395,181.528332,163.989287,425.787241,564.808288,291.416446,108.112796,410.207783,173.564603,462.855727,222.603585,349.938791,429.631659,551.635517,491.804758,493.008915,116.625113,521.62811,527.647908,274.505276,142.6162,527.378878,379.703776,129.430299,201.001675,579.425867,579.22414,389.380955,114.918677,369.113466,513.266244,493.779328,571.916313,363.392821,246.0592,372.042728,490.596516,510.08927,525.179838,488.715052,192.203643,576.034656,304.825587,484.923498,143.814646,587.868634,556.39791,573.892335,440.390381,244.28096,452.994535,326.457708,506.040335,296.040338,281.876066,325.441837,209.494694,577.513988,267.549041,579.049857,268.845945,315.427728,491.935897,227.13685,531.489473,544.726498,478.139623,336.059201,536.349559,265.462216,491.7044,371.408168,224.94583,532.216926,439.889093,392.691695,250.154756,560.450567,319.79254,528.34147,278.936022,139.900626,419.087198,437.112981,286.093543,332.756883,555.958261,464.17393,172.1826,467.162721,512.994417,431.603756,582.098175,493.115545,306.396754,121.831887,244.086491,140.719702,463.711625,522.883771,508.443659,120.586373,589.345926,188.954579,114.144341,572.952979,253.048234,222.481993,290.400337,302.138081,165.540492,497.997746,380.038661,515.654031,353.989487,565.797555,462.571896,401.90244,213.248556,485.419974,466.218302,463.39108,129.661614
4,1,8,334.58409,452.011814,159.260394,524.03894,322.522138,366.966287,117.17903,379.214879,499.477103,141.659136,130.311296,159.493554,439.716263,229.916616,217.593672,532.360632,380.290934,164.93715,333.579069,561.898556,505.5511,258.502968,508.112454,382.951294,424.430187,268.901166,185.321233,354.861562,113.586384,183.274209,514.395047,566.373842,568.34456,120.724889,461.502099,540.631848,257.904147,513.313871,472.66483,129.887263,588.908332,396.303646,509.770408,168.474533,125.502132,307.137444,335.749131,431.610649,581.66438,502.615897,392.070424,270.660176,234.448883,495.875059,274.94157,563.344263,581.377907,280.502591,172.296516,405.863836,252.951312,379.786359,207.659001,321.892107,262.74431,280.857538,224.295331,289.838214,196.934052,445.083926,461.880205,410.360004,341.944402,548.543691,118.995575,212.288118,176.11297,203.244995,425.018464,547.460986,529.819692,588.430647,549.596168,143.891824,110.382041,479.308198,519.064341,272.771569,348.397368,372.987673,476.034544,546.273005,460.97321,122.199475,273.470696,551.893339,135.198404,470.570091,345.156465,564.709145,415.419389,503.38219,391.967462,501.637217,169.294354,235.078337,580.461957,559.015807,315.653498,117.847542,592.532724,275.002587,466.676424,221.514504,436.813669,265.004129,478.47287,320.549616,565.818829,281.028189,520.437275,147.493257,497.830533,318.874275,362.138573,116.969263,213.690265,473.947597,299.126756,448.929183,341.604015,169.458547,458.473762,298.506257,100.685864,445.209844,462.420296,187.494193,338.583348,249.597912,515.649703,508.704171,181.434898,354.819997,163.809771,337.961046,522.165014,588.029332,456.708827,129.600247,349.513464,471.211399,523.136872,517.977176,431.111184,193.806117,427.966782,381.589902,539.726145,490.55065,289.510594,247.639409,127.497176,188.647295,103.321886,289.213089,239.74289,555.844093,166.783544,237.031132,335.010787,357.934253,562.433625,306.384144,501.86905,480.446038,177.631926,109.268895,308.994093,199.666274,206.648896,252.646476,164.10581,114.299167,116.472546,202.978595,575.804998,399.315905,244.697676,451.068984,356.273329,193.299327,439.945961,495.347416,268.178882,197.9995,304.370237,515.053901,196.361706,134.199374,215.105561,462.084623,589.901786,121.045664,457.377708,440.987807,549.627251,228.750059,201.171484,469.489435,109.954458,571.69614,403.212577,520.448425,320.164217,427.113881,412.720069,117.934217,276.306016,372.026216,126.698743,413.531344,348.16085,583.65032,438.448944,402.741906,197.389833,170.003429,252.855823,397.859305,138.049431,136.155377,139.64608,227.904103,588.209462,493.564261,246.063762,250.891243,182.632825,164.987065,428.377905,568.244812,293.189543,108.770599,412.703655,174.620641,465.671931,223.957996,352.067962,432.245714,554.991894,494.7971,497.870012,117.775043,526.771394,532.850547,277.211914,144.022404,532.578864,383.447678,130.706489,202.983563,585.13904,584.935324,393.220274,116.051782,372.752947,518.327079,498.648021,577.555442,366.975896,248.485358,375.711091,495.433826,515.11878,530.358142,493.533812,194.098783,581.714392,307.831186,489.704872,145.232667,593.665054,561.884027,579.550947,444.732657,246.689584,457.461088,327.06289,506.978425,296.589133,282.398603,326.045136,209.883052,578.584574,268.04502,580.123291,269.344327,316.012464,492.84784,227.557913,532.47474,545.736303,479.025991,336.682182,537.343835,265.954326,492.615914,372.096679,225.362831,533.203541,440.704553,393.419661,250.618489,561.489522,320.385366,529.320901,279.453109,140.159971,419.864095,437.923294,286.623899,333.373742,556.988888,461.963044,171.362484,464.937599,510.550997,429.548003,579.325609,490.766808,304.937369,121.251595,242.923893,140.049447,461.502941,520.393247,506.021914,120.012013,586.53884,188.054578,113.600666,570.223973,251.842952,221.422299,289.017144,300.698981,164.752014,495.625755,378.228516,513.197942,352.303415,563.10263,460.368641,399.988157,212.232841,483.107892,463.997678,461.183923,129.044029
5,1,9,331.8643,448.337469,157.965787,519.779096,319.900397,363.983266,116.226497,376.132291,495.41692,140.507607,129.252012,158.197051,436.141867,228.047654,215.824881,528.033143,377.199599,163.596398,330.867448,557.330956,501.441542,256.401632,503.982074,379.838334,420.98005,266.715304,183.814781,351.976939,112.663055,181.784397,510.213597,561.769863,563.724561,119.743532,457.750609,536.237122,253.870856,505.286298,465.272957,127.855993,579.69856,390.105964,501.79825,165.839807,123.53944,302.334207,330.498444,424.86081,572.567893,494.755627,385.938944,266.427397,230.782402,488.120207,270.641836,554.534279,572.285901,276.115889,169.602018,399.516644,248.995477,373.846987,204.41148,316.858127,258.635325,276.465285,220.787639,285.305516,193.854255,438.123384,454.656989,403.942498,333.442126,534.904427,116.03681,207.009681,171.734009,198.19141,414.450593,533.848643,516.645991,573.799615,535.930735,140.314026,107.637447,467.39044,506.158066,265.989241,339.734643,363.713521,464.198183,532.6902,449.511342,119.161046,266.670984,538.170788,131.836764,458.869601,336.574323,550.667935,405.090195,490.865844,382.221388,489.164259,165.084935,229.233232,566.029062,545.116158,311.151867,116.166882,584.082433,271.080691,460.021009,218.355418,430.584136,261.224824,471.649222,315.97816,557.749514,277.02036,513.015159,145.38981,490.73082,314.326711,356.974004,115.301128,210.642763,467.188486,294.860818,442.526867,336.732296,167.041847,451.935327,294.249168,99.249953,438.860571,455.825579,184.820281,333.754707,246.038319,508.295865,501.449384,178.8474,349.759801,161.228778,332.636119,513.937763,578.764321,449.512906,127.558261,344.006518,463.786975,514.894308,509.815908,424.31858,190.752501,421.223722,375.577558,531.2222,482.821516,284.949054,243.737593,125.488326,185.674962,101.693942,284.656237,235.965492,547.086193,164.155696,233.296461,329.732345,352.294628,553.571901,301.556745,493.961584,472.876113,174.833151,107.54725,304.125571,196.520325,205.072,250.718582,162.853551,113.426972,115.583768,201.429706,571.411145,396.268806,242.830437,447.626967,353.554678,191.824298,436.588821,491.567519,266.132463,196.488606,302.047649,511.123627,194.863309,133.175325,213.464133,458.558548,585.400363,120.121989,453.88755,437.622718,545.433155,227.004513,199.636384,465.906855,109.115417,567.333641,400.135742,516.476988,317.721108,423.854661,403.245199,115.226786,269.962821,363.48556,123.790103,404.037849,340.168074,570.251381,428.383411,393.496106,192.858327,166.100637,247.050977,388.725595,134.880212,133.02964,136.440206,222.672078,574.705858,482.233439,240.414843,245.131499,178.440098,161.199434,418.543576,555.199539,286.458751,106.273538,403.229161,170.611851,454.981437,218.816562,343.98549,422.322591,542.25087,483.437976,482.609216,114.164983,510.624708,516.517523,268.714768,139.607805,516.254167,371.694175,126.700052,196.761677,567.203259,567.005788,381.16722,112.494543,361.327261,502.439231,483.363378,559.852115,355.727288,240.868743,364.194731,480.247705,499.329272,514.101515,478.40593,188.149234,563.883584,298.395492,474.694356,140.78097,575.467932,544.661062,561.786454,431.100636,239.128013,443.438914,317.618293,492.338405,288.024526,274.243777,316.629928,203.822258,561.876783,260.304682,563.371066,261.566469,306.886969,478.615869,220.986721,517.098463,529.977072,465.193154,326.959809,521.826954,258.274361,478.39064,361.351641,218.855027,517.806219,427.978324,382.058878,243.381377,545.275385,311.133596,514.035698,271.38334,136.112571,407.739677,425.27738,278.347059,323.746906,540.904716,457.212,169.600113,460.155964,505.300251,425.130331,573.367554,485.719533,301.801251,120.004587,240.42555,138.609113,456.756628,515.041279,500.817747,118.777754,580.5066,186.120537,112.432343,564.359522,249.252881,219.145089,286.044757,297.606452,163.057627,490.528508,374.338637,507.919974,348.680162,557.311419,455.633994,395.874492,210.050139,478.139385,459.225709,456.440892,127.71688
6,1,10,335.417152,453.137253,159.656927,525.343715,323.325167,367.879976,117.470788,380.159064,500.720723,142.011845,130.635751,159.890668,440.811087,230.489073,218.135446,533.686127,381.237799,165.347818,334.409629,563.297595,506.809844,259.1466,509.377574,383.904783,425.486952,269.570688,185.782654,355.745111,113.869196,183.730533,515.67581,567.784024,569.759649,121.025475,462.651167,541.977936,253.461929,504.472398,464.523509,127.650046,578.764798,389.477593,500.989969,165.572677,123.340446,301.847216,329.966087,424.176457,571.645617,493.95869,385.317285,265.998244,230.410665,487.333958,270.205894,553.641052,571.364079,275.67113,169.328829,398.873115,248.594403,373.244805,204.08222,316.347741,258.218723,276.019963,220.432001,284.845954,193.542,437.417668,453.92464,403.29184,329.013705,527.800399,114.495733,204.2604,169.453222,195.559244,408.946305,526.758637,509.784452,566.179023,528.813077,138.450525,106.207922,461.183061,499.435817,262.456657,335.222651,358.883068,458.033201,525.61558,443.541414,117.578477,263.129346,531.023381,130.085849,452.775388,332.104303,543.354553,399.710221,484.34669,377.145133,482.667704,162.892454,226.188802,558.511671,537.87651,310.216666,115.81773,582.32691,270.265929,458.638365,217.699127,429.289967,260.439684,470.231629,315.028453,556.073136,276.187745,511.473236,144.952825,489.255875,313.381968,355.90108,114.954578,210.009653,465.7843,293.974582,441.196804,335.72021,166.539785,450.576987,293.36477,98.951646,437.541528,454.455545,184.264783,332.751571,245.298824,506.768126,499.942223,178.309854,348.708559,160.988267,332.139914,513.171104,577.900957,448.842351,127.367978,343.49335,463.095127,514.126223,509.055398,423.685609,190.467948,420.595367,375.017295,530.429756,482.101274,284.523985,243.374001,125.301131,185.397984,101.542242,284.231605,235.613494,546.270085,163.910819,232.948444,329.240471,351.769097,552.746118,301.106902,493.224723,472.170706,174.572346,107.386818,303.671896,196.227168,200.19783,244.75948,158.982834,110.73103,112.836562,196.642107,557.829794,386.850253,237.058822,436.987729,345.151359,187.265001,426.211939,479.883898,259.807002,191.818447,294.868553,498.975195,190.23178,130.010002,208.390499,447.659487,571.486515,117.266919,443.09951,427.221262,532.469251,221.609049,194.891409,454.833139,106.521952,553.849205,390.62528,504.201316,310.169484,413.780445,402.613194,115.046191,269.539709,362.91587,123.596087,403.404602,339.63493,569.357628,427.712008,392.879381,192.556061,165.840309,246.663775,388.116347,134.668814,132.821143,136.226364,222.323085,573.805124,481.477636,240.038042,244.747305,178.16043,160.946787,417.887594,554.329377,286.009785,106.106975,402.597181,170.344452,454.268347,218.473612,343.446363,421.660686,541.401002,482.680285,483.262723,114.319575,511.316151,517.216944,269.078637,139.79685,516.953233,372.19749,126.871618,197.028114,567.971316,567.773576,381.683363,112.646873,361.816538,503.119589,484.017906,560.610217,356.208983,241.194906,364.687892,480.898014,500.00542,514.797665,479.053745,188.404009,564.647145,298.799553,475.337144,140.971604,576.24718,545.398595,562.547176,431.684394,239.45182,444.039379,317.803144,492.624941,288.192154,274.403384,316.814204,203.940881,562.20379,260.456176,563.698943,261.718699,307.065575,478.894419,221.115333,517.399409,530.285514,465.463892,327.150096,522.130652,258.424674,478.669059,361.561944,218.982399,518.107577,428.227404,382.281233,243.523023,545.59273,311.314672,514.334862,271.541282,136.191787,407.976977,425.524888,278.509054,323.935324,541.219517,454.548349,168.612047,457.475161,502.356446,422.653583,570.027198,482.889802,300.043001,119.305458,239.024866,137.801596,454.095631,512.040723,497.900056,118.085772,577.124652,185.036225,111.777329,561.071646,247.80077,217.868381,284.378302,295.87264,162.107677,487.67076,372.157794,504.960906,346.648802,554.064603,452.979537,393.568184,208.826418,475.353813,456.550327,453.781734,126.97282
7,1,11,316.551719,427.650689,150.677073,495.795922,305.139844,347.188681,110.86368,358.777136,472.557842,134.024433,123.288183,150.897667,416.017805,217.525287,205.866486,503.669117,359.795198,156.047882,315.600863,531.615098,478.304482,244.570981,480.727791,362.312178,401.555571,254.408769,175.333367,335.736339,107.464659,173.396667,486.671785,535.849189,537.713695,114.218435,436.629496,511.494556,244.485809,486.606976,448.07284,123.129438,558.268379,375.684605,483.247873,159.709074,118.972458,291.157576,318.280643,409.154641,551.401318,476.4656,371.67163,256.578163,222.250884,470.075477,260.636803,534.034367,551.12975,265.908492,163.332205,384.747393,239.790662,360.026686,196.854838,305.144579,249.074146,266.244972,212.625606,274.758398,186.68789,421.926926,437.84932,389.009633,323.565635,519.060662,112.599822,200.878094,166.647281,192.321019,402.174648,518.036151,501.343038,556.803783,520.056571,136.157952,104.449247,453.546427,491.165763,258.110692,329.671769,352.940398,450.448723,516.912021,436.196904,115.631519,258.772242,522.230274,127.931785,445.277974,326.605057,534.357258,393.091502,476.326494,370.900065,474.67531,160.195151,222.443388,549.263391,528.969925,299.439184,111.794015,562.095831,260.876407,442.704448,210.13587,414.375667,251.391544,453.894942,304.083801,536.754161,266.592489,493.703741,139.916905,472.25825,302.494518,343.53644,110.960851,202.713542,449.60212,283.761379,425.868838,324.05669,160.753895,434.923136,283.172753,95.513889,422.340552,438.666947,177.863095,321.191186,236.776705,489.162095,482.573337,172.115051,336.5938,155.161196,320.117901,494.596554,556.983469,432.596221,122.757814,331.060393,446.333109,495.517101,490.629818,408.350043,183.573842,405.371654,361.443309,511.230519,464.651316,274.225461,234.564927,120.765778,178.687387,97.866857,273.943664,227.085316,526.497497,157.977964,224.516729,317.323406,339.036595,532.739125,290.208148,475.372145,455.080191,168.253591,103.499885,292.680301,189.124603,194.728586,238.072847,154.63955,107.705947,109.753958,191.270003,542.590331,376.281815,230.582565,425.049575,335.722101,182.149072,414.568171,466.773855,252.709284,186.578121,286.812981,485.343593,185.034801,126.458233,202.697438,435.429789,555.873962,114.063281,430.994387,415.54992,517.922618,215.554868,189.567132,442.407463,103.611858,538.718489,379.953711,490.426941,301.695903,402.476295,389.649905,111.341948,260.861103,351.23075,119.616556,390.415831,328.699407,551.025522,413.94059,380.2295,186.356165,160.500603,238.721726,375.619825,130.332765,128.544584,131.840164,215.164754,555.329818,465.97508,232.309327,236.866962,172.424043,155.764643,404.432501,536.481149,276.800878,102.690556,389.634408,164.859723,439.641871,211.439226,332.38812,408.084108,523.96904,467.139006,464.535894,109.889597,491.502229,497.174363,258.651619,134.379607,496.92087,357.774531,121.955238,189.393113,545.961959,545.771883,366.892818,108.281714,347.795849,483.623291,465.261813,538.88611,342.405591,231.848405,350.555935,462.26282,480.629798,494.848832,460.490018,181.103199,542.766604,287.220824,456.917439,135.508838,553.917128,524.26395,540.748009,414.956269,230.172864,426.832487,304.742511,472.379725,276.348433,263.126335,303.794213,195.559602,539.099119,249.75231,540.532826,250.962947,294.44622,459.213481,212.028242,496.136047,508.492576,446.334903,313.705336,500.672851,247.804296,458.997383,346.702973,209.982964,496.815111,410.628708,366.57077,233.515052,523.170717,298.520694,493.197442,260.381856,130.594766,391.210506,408.037257,267.063276,310.62268,518.977229,438.027307,162.483663,440.847741,484.097767,407.29179,549.308954,465.338659,289.137619,114.969174,230.337253,132.793051,437.591043,493.430059,479.80335,113.793819,556.148444,178.310887,107.714663,540.678901,238.794188,209.949724,274.04227,285.118835,156.215702,469.945849,358.631324,486.607567,334.049484,533.926537,436.515515,379.263531,201.2364,458.076575,439.956521,437.288555,122.357858
8,1,12,318.262924,429.96247,151.491599,498.476079,306.789359,349.065503,111.462983,360.716602,475.11238,134.748938,123.954651,151.713385,418.266701,218.701178,206.979352,506.391836,361.740168,156.89144,317.306928,534.488886,480.890085,245.893075,483.326494,364.270754,403.726287,255.784044,176.281178,337.551251,108.045588,174.334009,489.30262,538.745865,540.62045,114.835874,438.989814,514.259577,245.538339,488.701855,450.001826,123.659519,560.671766,377.301955,485.328291,160.396634,119.484644,292.411031,319.650865,410.916082,553.775141,478.51682,373.271704,257.682751,223.207691,472.099188,261.758864,536.333425,553.502405,267.053248,164.035362,386.403759,240.822979,361.576628,197.702313,306.458249,250.146429,267.391176,213.540975,275.941254,187.491595,423.743353,439.734294,390.684348,321.94528,516.461304,112.035943,199.872135,165.812743,191.357912,400.160633,515.441924,498.832407,554.015414,517.452227,135.476098,103.926185,451.275152,488.706097,256.818122,328.020835,351.172939,448.192961,514.323423,434.012513,115.052458,257.47636,519.615044,127.291127,443.048106,324.969481,531.681298,391.122974,473.941141,369.042668,472.298225,159.392924,221.329434,546.512784,526.320943,300.668777,112.253077,564.403975,261.947648,444.522333,210.998754,416.077225,252.423837,455.758778,305.332466,538.958244,267.687203,495.731045,140.491448,474.197493,303.736656,344.947109,111.416491,203.545948,451.448329,284.926593,427.617591,325.387369,161.414001,436.709068,284.33555,95.906099,424.074817,440.468252,178.593458,322.510099,237.748985,491.17075,484.554936,172.82181,337.975961,156.18941,322.239242,497.874121,560.674459,435.462927,123.571299,333.254247,449.290846,498.800768,493.881098,411.056075,184.790339,408.05795,363.838503,514.618315,467.730443,276.042684,236.119329,121.566062,179.871504,98.515396,275.759019,228.590153,529.986463,159.024845,226.004545,319.426228,341.283304,536.269453,292.131285,478.522316,458.095892,169.368565,104.185752,294.61982,190.377884,194.329721,237.5852,154.3228,107.485332,109.529148,190.878222,541.478937,375.511072,230.11026,424.178941,335.034437,181.775973,413.719006,465.817756,252.191656,186.195951,286.225498,484.349458,184.655792,126.199208,202.28225,434.537893,554.735359,113.829644,430.111576,414.698744,516.861751,215.113344,189.178839,441.501274,103.399629,537.615025,379.175447,489.422394,301.077936,401.651898,388.953304,111.142896,260.394746,350.602834,119.40271,389.717861,328.111772,550.040421,413.200564,379.549741,186.023005,160.213667,238.294949,374.948307,130.099761,128.314777,131.604466,214.780091,554.337021,465.142028,231.894013,236.443501,172.11579,155.486173,403.709473,535.522049,276.306024,102.50697,388.937835,164.564993,438.855898,211.061223,331.79389,407.354552,523.032309,466.303873,463.356062,109.610498,490.253906,495.911634,257.994693,134.038308,495.658784,356.865852,121.645495,188.91209,544.57532,544.385726,365.96098,108.006699,346.912514,482.394979,464.080137,537.517441,341.535946,231.259554,349.66559,461.088761,479.40909,493.59201,459.320461,180.643231,541.38808,286.491338,455.756955,135.164671,552.510283,522.932419,539.374612,413.902358,229.588269,425.748414,306.672145,475.370841,278.098275,264.792455,305.717843,196.797888,542.512703,251.333746,543.955489,252.552048,296.310658,462.121228,213.370809,499.277588,511.712359,449.161102,315.691723,503.84312,249.373396,461.903761,348.898302,211.312579,499.960952,413.228816,368.891901,234.993673,526.483442,300.410932,496.320375,262.030597,131.421694,393.687657,410.620955,268.754325,312.589547,522.263401,434.736546,161.262974,437.535791,480.460892,404.231935,545.182169,461.842716,286.965419,114.105447,228.606802,131.795418,434.303559,489.723075,476.198738,112.938922,551.970276,176.971294,106.905437,536.61695,237.000202,208.372437,271.983477,282.976826,155.042102,466.415293,355.93704,482.951836,331.539875,529.915315,433.236111,376.414243,199.724574,454.63519,436.651265,434.003343,121.438622
9,2,3,36.98709,49.96831,17.605674,57.930655,35.653684,40.566827,12.953728,41.920866,55.21543,15.659917,14.405454,17.631449,48.60908,25.41647,24.054212,58.850588,42.03982,18.23322,36.875988,62.115902,55.886889,28.57659,56.170038,42.333914,46.919259,29.726075,20.486608,39.228693,12.556574,20.260317,56.864556,62.610629,62.828484,13.34571,51.017428,59.764942,27.98556,55.700447,51.289559,14.094259,63.903313,43.003494,55.31594,18.281421,13.618422,33.327938,36.432634,46.834709,63.117261,54.539594,42.544141,29.369736,25.440395,53.808135,29.834316,61.129318,63.086176,30.437751,18.69615,44.040884,27.448121,41.211179,22.533385,34.928988,28.510773,30.476266,24.338618,31.450773,21.369605,48.296715,50.119304,44.52877,34.444205,55.255039,11.986475,21.383872,17.739934,20.472955,42.812291,55.145978,53.368963,59.27287,55.361056,14.494285,11.11883,48.280919,52.285572,27.476396,35.094215,37.571207,47.951162,55.026313,46.434028,12.309205,27.54682,55.592451,13.618593,47.400726,34.767758,56.883392,41.845372,50.705902,39.483049,50.53013,17.053092,23.679541,58.47018,56.3099,34.252045,12.787818,64.296635,29.840953,50.639775,24.036879,47.399322,28.756005,51.919825,34.783331,61.39787,30.4948,56.473447,16.00472,54.020355,34.601537,39.296212,12.692514,23.187859,51.428781,32.458703,48.713995,37.067976,18.388207,49.749692,32.391372,10.925578,48.310403,50.177936,20.345283,36.740199,27.084252,55.95394,55.20027,19.687779,38.502062,17.775265,36.672704,56.660976,63.808021,49.558219,14.063134,37.926275,51.131917,56.766435,56.206547,46.780577,21.030218,46.439373,41.406942,58.566564,53.230451,31.415266,26.871756,13.834926,20.470425,11.211626,31.382984,26.014892,60.315549,18.097954,25.720634,36.352566,38.840029,61.030589,33.246243,54.458629,52.133982,19.27513,11.856946,33.529452,21.666113,24.194059,29.579368,19.213196,13.381929,13.636384,23.764347,67.414152,46.751145,28.648738,52.810297,41.711802,22.631117,51.508035,57.994332,31.397873,23.181404,35.635087,60.301529,22.989654,15.711807,25.184149,54.099987,69.064577,14.171796,53.548911,51.630012,64.349311,26.781621,23.552774,54.966928,12.873258,66.933095,47.20736,60.93311,37.484217,50.005679,39.057751,11.160701,26.148211,35.20669,11.990132,39.134526,32.948192,55.23373,41.492602,38.113468,18.679981,16.088269,23.929003,37.651403,13.064304,12.88506,13.215403,21.567698,55.665185,46.708439,23.286237,23.743085,17.283452,15.613546,40.53953,53.775831,27.745984,10.293502,39.056198,16.525219,44.068849,21.194258,33.317941,40.90556,52.521641,46.825109,55.050252,13.022567,58.245922,58.918104,30.651747,15.924778,58.888063,42.398399,14.452417,22.444204,64.699722,64.677198,43.47897,12.832024,41.215866,57.312221,55.136278,63.861192,40.577088,27.475408,41.542952,54.780879,56.957475,58.642514,54.570791,21.461801,64.321053,34.037367,54.14742,16.058599,65.642457,62.12838,64.081838,49.174773,27.276846,50.582175,35.670843,55.293181,32.347248,30.799569,35.559842,22.890721,63.102846,29.234108,63.270665,29.375816,34.465637,53.752041,24.818415,58.073916,59.520277,52.244572,36.719963,58.60496,29.006088,53.726746,40.582416,24.57901,58.153402,48.065076,42.907989,27.333498,61.238389,34.942564,57.729945,30.478321,15.286431,45.792129,47.761741,31.260398,36.359131,60.747531,50.44141,18.710946,50.7662,55.746694,46.902036,63.256144,53.586473,33.295891,13.239374,26.524684,15.291898,50.391172,56.821362,55.252166,13.104025,64.043751,20.533543,12.403974,62.262343,27.49855,24.176941,31.557573,32.833104,17.989153,54.117018,41.298498,56.035712,38.467755,61.484769,50.267319,43.674417,23.17355,52.750201,50.663571,50.356339,14.090224
10,2,4,36.551421,49.379736,17.398298,57.248292,35.23372,40.088992,12.801147,41.427082,54.56505,15.47546,14.235772,17.423769,48.036516,25.117091,23.770879,58.15739,41.544635,18.018451,36.441628,61.384241,55.2286,28.239988,55.508413,41.835264,46.366599,29.375932,20.245297,38.76662,12.40867,20.021671,56.194751,61.873141,62.08843,13.188512,50.416495,59.060973,25.290624,50.33664,46.350509,12.737019,57.749592,38.86237,49.98916,16.520968,12.307004,30.118545,32.924267,42.324649,57.039235,49.287574,38.447252,26.541507,22.990551,48.626553,26.96135,55.242725,57.011142,27.506675,16.895759,39.799863,24.804939,37.24265,20.363479,31.565418,25.765261,27.541482,21.994873,28.422146,19.311768,43.645868,45.292946,40.240766,34.191307,54.849343,11.898467,21.226867,17.609683,20.322637,42.497952,54.741083,52.977115,58.837674,54.954581,14.387864,11.037193,47.926428,51.901678,27.274658,34.836545,37.29535,47.599093,54.622295,46.093097,12.218828,27.344564,55.184277,13.518602,47.052698,34.512484,56.46574,41.538133,50.333606,39.193155,50.159126,16.927884,23.50568,58.040878,55.896459,30.953623,11.556369,58.104963,26.967312,45.763238,21.722162,42.834836,25.986843,46.920022,31.433747,55.485344,27.558195,51.035136,14.463488,48.818273,31.269459,35.512044,11.470244,20.954901,46.476264,29.332977,44.022908,33.498384,16.617449,44.958869,29.27213,9.87346,43.658182,45.345874,18.386061,33.202171,24.476078,50.565657,49.884564,17.791875,34.79437,16.0635,33.141108,51.204502,57.663283,44.785743,12.708849,34.27396,46.207893,51.299804,50.793834,42.275589,19.004999,41.967242,37.419437,52.92658,48.104337,28.389964,24.283995,12.502617,18.499115,10.131942,28.36079,23.509647,54.507137,16.355114,23.243727,32.8518,35.099719,55.153319,30.044616,49.214241,47.113459,17.418927,10.715117,30.300553,19.579657,24.424022,29.860519,19.395816,13.509123,13.765997,23.990226,68.05492,47.195513,28.921043,53.312257,42.108271,22.846225,51.997616,58.545565,31.696308,23.401742,35.973797,60.874692,23.20817,15.861147,25.423523,54.614205,69.721033,14.306498,54.05789,52.120753,64.960948,27.036179,23.776642,55.489386,12.995618,67.569291,47.656064,61.512276,37.840502,50.480981,38.050313,10.872827,25.473756,34.298584,11.680864,38.125108,32.098341,53.809056,40.422361,37.130386,18.198158,15.673296,23.311789,36.68024,12.727329,12.552709,12.87453,21.01139,54.229382,45.503662,22.685602,23.130667,16.83765,15.210817,39.493871,52.388761,27.030316,10.027996,38.0488,16.098975,42.932157,20.647583,32.458553,39.85046,51.166921,45.617323,49.621633,11.738385,52.502171,53.108068,27.629115,14.354403,53.08099,38.217405,13.027235,20.230935,58.319549,58.299245,39.191419,11.566631,37.151484,51.660545,49.699176,57.563709,36.575698,24.766001,37.446316,49.378824,51.340781,52.859655,49.189453,19.345408,57.978222,30.680872,48.807831,14.475027,59.169319,56.001772,57.762596,44.325547,24.58702,45.594162,32.601182,50.534916,29.563599,28.149107,32.499733,20.920856,57.67252,26.718361,57.825897,26.847874,31.49969,49.126399,22.682662,53.076354,54.398249,47.748656,33.56002,53.561699,26.509964,49.103281,37.090088,22.463859,53.149,43.928827,39.215534,24.981308,55.968508,31.935575,52.761984,27.855504,13.970954,41.851479,43.651595,28.570278,33.230239,55.519891,47.862573,17.754341,48.170757,52.896621,44.50415,60.022148,50.846842,31.593625,12.562506,25.168599,14.510093,47.814903,53.916347,52.427377,12.434076,60.769489,19.483758,11.769816,59.079155,26.092675,22.940885,29.944179,31.154498,17.06945,51.350263,39.187095,53.170863,36.501075,58.341335,47.697382,41.441545,21.988793,50.053325,48.073375,47.781851,13.369856
11,2,5,22.290963,30.114339,10.61039,34.912995,21.487361,24.448359,7.806807,25.264396,33.276614,9.437743,8.681717,10.625923,29.295174,15.317712,14.496722,35.46741,25.336086,10.988592,22.224006,37.435313,33.681282,17.222218,33.851926,25.513327,28.276771,17.914976,12.346638,23.641907,7.567455,12.21026,34.270491,37.733469,37.864764,8.043043,30.746609,36.018463,16.918772,33.673908,31.00729,8.520736,38.632981,25.997919,33.441454,11.052099,8.233067,20.148526,22.025482,28.314094,38.157771,32.97211,25.720216,17.755581,15.380083,32.529905,18.036445,36.955953,38.138978,18.401253,11.302825,26.625077,16.593861,24.914369,13.62264,21.116447,17.236292,18.424538,14.714,19.013679,12.919073,29.197955,30.299808,26.920031,17.071812,27.386425,5.940937,10.598632,8.792563,10.147148,21.219343,27.332371,26.451617,29.377809,27.438971,7.183899,5.5109,23.929795,25.914648,13.618311,17.393981,18.621669,23.766356,27.27306,23.014408,6.100894,13.653215,27.553659,6.749874,23.493539,17.232177,28.193497,20.740102,25.131706,19.569248,25.044587,8.452139,11.73645,28.979967,27.909253,20.70718,7.730915,38.87073,18.04044,30.614433,14.531569,28.655407,17.384532,31.388291,21.02837,37.118272,18.435726,34.141197,9.675703,32.658173,20.918466,23.756647,7.673299,14.018292,31.091429,19.62301,29.450196,22.40956,11.116647,30.07633,19.582304,6.605092,29.206204,30.335226,12.299804,22.211401,16.373869,33.827128,33.371494,11.902308,23.276541,10.746085,22.170582,34.254546,38.575311,29.960555,8.501906,22.928432,30.911938,34.318301,33.97982,28.281324,12.713875,28.075048,25.032679,35.406574,32.180612,18.992184,16.245392,8.363942,12.375451,6.778019,18.972667,15.727373,36.463927,10.941167,15.549479,21.977042,23.480844,36.896207,20.099106,32.923111,31.51774,11.652832,7.168149,20.270321,13.098307,12.219149,14.938986,9.703576,6.75851,6.887022,12.002124,34.047349,23.611549,14.468973,26.671709,21.066442,11.429789,26.014004,29.289892,15.857417,11.70771,17.997412,30.455137,11.610868,7.935209,12.719192,27.323063,34.880892,7.15743,27.044743,26.075609,32.499459,13.525991,11.89527,27.76091,6.501607,33.804392,23.841959,30.774115,18.93131,25.255243,24.106933,6.888524,16.139003,21.730009,7.400459,24.154319,20.336036,34.09095,25.609754,23.524109,11.529518,9.929881,14.76928,23.238917,8.063452,7.95282,8.156712,13.311853,34.357249,28.829033,14.372557,14.654529,10.667563,9.636876,25.021506,33.191115,17.125168,6.353278,24.105974,10.199572,27.199845,13.081361,20.56425,25.247423,32.417014,28.901043,31.678874,7.493885,33.517834,33.904643,17.638663,9.163973,33.887356,24.398317,8.316698,12.915602,37.231698,37.218736,25.020136,7.384236,23.717824,32.980532,31.728378,36.749162,23.350238,15.810826,23.906048,31.523862,32.776392,33.746055,31.402967,12.350274,37.013792,19.58693,31.159336,9.240981,37.774198,35.752009,36.876134,28.297808,15.696563,29.107703,17.847204,27.664855,16.184309,15.409958,17.791667,11.452922,31.572267,14.62671,31.656232,14.697611,17.244203,26.893775,12.417405,29.05614,29.779799,26.139543,18.372111,29.321838,14.512625,26.88112,20.304613,12.297624,29.09591,24.048415,21.468167,13.675777,30.639422,17.482824,28.884041,15.249228,7.648265,22.91119,23.896647,15.640525,18.191575,30.393831,26.745774,9.921188,26.917989,29.558819,24.869076,33.540588,28.413395,17.654629,7.019972,14.064302,8.108291,26.719136,30.128644,29.296603,6.948206,33.958204,10.887592,6.577015,33.01364,14.580679,12.819447,16.732913,17.409243,9.538469,28.694708,21.897887,29.712066,20.396929,32.601343,26.653465,23.157681,12.287415,27.969975,26.863571,26.700666,7.471122
12,2,6,17.596098,23.771735,8.375657,27.559711,16.961749,19.299109,6.162558,19.943274,26.26798,7.44999,6.853196,8.387919,23.1251,12.091535,11.44346,27.997356,19.999865,8.674203,17.543243,29.550784,26.587417,13.594919,26.722121,20.139776,22.321191,14.14177,9.746221,18.66251,5.973617,9.638566,27.052529,29.786144,29.889786,6.349038,24.270838,28.432348,11.813587,23.512914,21.65094,5.949631,26.975603,18.15313,23.350602,7.717164,5.748765,14.068773,15.379363,19.770407,26.643785,23.022882,17.959223,12.397891,10.739193,22.71411,12.594005,25.804612,26.630663,12.848734,7.892234,18.591046,11.586717,17.396538,9.512052,14.744627,12.035296,12.864993,10.274098,13.276363,9.020784,20.387566,21.156938,18.796997,15.712444,25.205741,5.467881,9.7547,8.092442,9.339166,19.529721,25.155991,24.345368,27.038559,25.254103,6.611871,5.072087,22.024351,23.851157,12.533933,16.00896,17.138892,21.873925,25.101403,21.181853,5.615101,12.566058,25.359659,6.212406,21.622832,15.86004,25.948549,19.088641,23.130557,18.011019,23.050375,7.779125,10.801918,26.672395,25.686938,14.458829,5.398126,27.141562,12.596772,21.376587,10.146696,20.008693,12.138783,21.916935,14.6831,25.917905,12.872781,23.839157,6.756078,22.803633,14.60636,16.588125,5.357896,9.788299,21.70965,13.701804,20.563656,15.647518,7.762221,21.000856,13.673382,4.612018,20.393288,21.181631,8.588362,15.509154,11.433085,23.619858,23.301711,8.310809,16.25289,7.503445,15.480591,23.91821,26.935181,20.919934,5.936449,16.00976,21.584237,23.962727,23.726383,19.747412,8.877453,19.60338,17.479048,24.722612,22.470087,13.261278,11.343333,5.840116,8.641149,4.732746,13.24765,10.981626,25.460908,7.639661,10.857411,15.345452,16.395481,25.762748,14.034185,22.988536,22.007237,8.136581,5.005154,14.153736,9.145882,11.88776,14.533833,9.440411,6.575216,6.700242,11.676621,33.123969,22.971193,14.076568,25.948359,20.49511,11.119808,25.308492,28.495536,15.427356,11.390192,17.509313,29.629179,11.295975,7.720002,12.374241,26.582049,33.934906,6.963317,26.311277,25.368426,31.618058,13.159159,11.572664,27.008021,6.32528,32.887601,23.195354,29.939506,18.417884,24.570309,23.425338,6.69376,15.682692,21.115619,7.19122,23.471385,19.761059,33.127068,24.885668,22.858993,11.203534,9.649126,14.351696,22.581864,7.835467,7.727964,7.92609,12.935476,33.385838,28.013926,13.96619,14.24019,10.36595,9.364405,24.314052,32.252676,16.640974,6.173647,23.424406,9.911191,26.430802,12.711501,19.98282,24.533582,31.500461,28.0839,25.562545,6.04702,27.046451,27.358578,14.233116,7.394659,27.344629,19.687666,6.710969,10.42195,30.043269,30.032809,20.189428,5.958541,19.138557,26.612888,25.602491,29.653898,18.841942,12.758186,19.29044,25.437461,26.448162,27.230609,25.339908,9.965771,29.867435,15.805227,25.143315,7.456799,30.481027,28.849268,29.756355,22.83427,12.665984,23.487796,16.539076,25.637133,14.998064,14.280471,16.48761,10.613469,29.258148,13.554632,29.335958,13.620336,15.980273,24.922571,11.50726,26.926443,27.59706,24.223621,17.025509,27.172666,13.448908,24.910843,18.816367,11.396258,26.963297,22.285763,19.894638,12.673398,28.393677,16.201404,26.766958,14.131522,7.087678,21.231893,22.145119,14.494138,16.858206,28.166087,24.648264,9.143129,24.806973,27.240698,22.918744,30.910201,26.185103,16.270083,6.469438,12.961323,7.472407,24.623715,27.765836,26.999047,6.4033,31.295067,10.033744,6.061219,30.424579,13.437204,11.814095,15.420651,16.043941,8.790424,26.444355,20.180568,27.381927,18.797321,30.044616,24.563194,21.341564,11.323787,25.776458,24.756823,24.606694,6.885207
13,2,7,32.8361,44.360463,15.629823,51.429208,31.652339,36.01409,11.499956,37.216168,49.018709,13.902435,12.788757,15.652706,43.153777,22.564028,21.354654,52.2459,37.321772,16.18694,32.737467,55.144753,49.614811,25.369495,49.866182,37.58286,41.6536,26.389974,18.187435,34.826132,11.147374,17.98654,50.482756,55.583958,55.777364,11.847947,45.29184,53.057637,25.206706,50.169616,46.196712,12.694755,57.557971,38.73342,49.823289,16.466149,12.266167,30.018607,32.81502,42.184211,56.849971,49.124031,38.319678,26.453439,22.914266,48.465203,26.871888,55.059423,56.821972,27.415404,16.839697,39.667801,24.722632,37.119074,20.29591,31.46068,25.679768,27.450095,21.921891,28.327837,19.247689,43.501044,45.142658,40.107242,28.408728,45.572989,9.886148,17.636889,14.631459,16.885586,35.310518,45.483037,44.0174,48.886796,45.660428,11.954527,9.170536,39.820907,43.123845,22.661851,28.94484,30.987801,39.548932,45.38434,38.297637,10.152328,22.719935,45.851278,11.232278,39.094945,28.675586,46.916014,34.513027,41.820973,32.564642,41.676001,14.064968,19.530299,48.224757,46.443012,30.850932,11.51803,57.912194,26.877846,45.611414,21.650097,42.692727,25.900629,46.76436,31.329462,55.301266,27.466768,50.865823,14.415504,48.656314,31.16572,35.39423,11.43219,20.885382,46.322075,29.235662,43.876858,33.38725,16.562319,44.809713,29.175017,9.840704,43.513342,45.195435,18.325064,33.09202,24.394877,50.397901,49.719067,17.732848,34.678936,16.010238,33.031222,51.034723,57.472089,44.637247,12.66671,34.160318,46.054681,51.12971,50.625417,42.135416,18.941984,41.828092,37.295366,52.751091,47.944837,28.295831,24.203477,12.461162,18.437778,10.098348,28.266754,23.431696,54.326408,16.300885,23.166658,32.742873,34.983339,54.970447,29.944997,49.051061,46.957245,17.361171,10.679589,30.200085,19.514737,19.670847,24.049343,15.621183,10.880104,11.086987,19.321472,54.810706,38.010762,23.292699,42.937122,33.913552,18.400105,41.878325,47.151973,25.527868,18.847513,28.972912,49.027827,18.691612,12.774398,20.475834,43.985697,56.152575,11.522301,43.537647,41.977498,52.318854,21.77465,19.149453,44.690559,10.466532,54.419585,38.381685,49.54133,30.476336,40.656843,36.25471,10.359736,24.271644,32.680026,11.129641,36.325975,30.583613,51.269795,38.514821,35.378195,17.339383,14.93367,22.211701,34.949291,12.126723,11.960343,12.266978,20.019858,51.670285,43.356334,21.615063,22.039125,16.043078,14.493015,37.630147,49.916524,25.754749,9.554773,36.253269,15.339261,40.906179,19.673219,30.926827,37.969908,48.752343,43.464631,48.641587,11.506548,51.465234,52.059164,27.08343,14.070898,52.032621,37.462597,12.769942,19.831367,57.167717,57.147814,38.417374,11.338186,36.417729,50.64023,48.717598,56.426804,35.853314,24.276863,36.706738,48.403574,50.326781,51.815657,48.217943,18.963329,56.833131,30.074913,47.843858,14.18914,58.000703,54.895716,56.621763,43.450101,24.101417,44.693661,30.829503,47.788646,27.956995,26.619371,30.733567,19.783932,54.538363,25.266378,54.683405,25.388853,29.787871,46.456673,21.449995,50.191972,51.442029,45.153802,31.736233,50.650941,25.069306,46.434811,35.074464,21.243083,50.26067,41.541559,37.084405,23.623724,52.926955,30.200068,49.894686,26.341724,13.211717,39.577102,41.279392,27.017655,31.424374,52.502717,49.379339,18.316976,49.69729,54.572916,45.914487,61.924251,52.45818,32.594827,12.960612,25.966192,14.969918,49.330158,55.624957,54.088802,12.828112,62.695275,20.101198,12.142802,60.951375,26.919552,23.667882,30.893111,32.141785,17.610382,52.977554,40.428935,54.855849,37.657795,60.190173,49.208913,42.754828,22.685618,51.639516,49.596821,49.296058,13.793547
14,2,8,34.004396,45.938791,16.185926,53.25904,32.778517,37.295458,11.90912,38.540305,50.762776,14.397078,13.243776,16.209623,44.689172,23.366848,22.114445,54.104789,38.649666,16.762866,33.902254,57.106783,51.380087,26.272132,51.640402,38.920044,43.13562,27.32892,18.834537,36.065233,11.543993,18.626495,52.278914,57.561614,57.761902,12.269492,46.903306,54.945408,23.432808,46.638977,42.945662,11.801374,53.507383,36.007592,46.317022,15.307359,11.402947,27.906076,30.505694,39.215537,52.849208,45.666974,35.622968,24.591803,21.301696,45.054511,24.980805,51.184668,52.823179,25.486071,15.654619,36.876218,22.982801,34.506855,18.867605,29.246664,23.872579,25.518321,20.379158,26.334293,17.893151,40.4397,41.965786,37.284733,26.781204,42.962132,9.319775,16.626479,13.793229,15.918218,33.287593,42.877334,41.495661,46.086092,43.044562,11.269657,8.64516,37.539584,40.653299,21.363564,27.286602,29.212523,37.28319,42.784291,36.103581,9.570705,21.418319,43.224477,10.588786,36.855212,27.032774,44.228215,32.53579,39.425067,30.699027,39.2884,13.259192,18.411417,45.461981,43.782311,28.679854,10.70747,53.83673,24.986367,42.401595,20.126511,39.688305,24.07792,43.473404,29.124709,51.409541,25.533845,47.286234,13.40104,45.232216,28.97249,32.903426,10.627671,19.415611,43.062244,27.178256,40.789104,31.037683,15.396777,41.656312,27.121879,9.148183,40.45117,42.014889,17.035471,30.763229,22.678132,46.851241,46.220179,16.484932,32.23847,14.88353,30.706676,47.443195,53.427536,41.495936,11.7753,31.756313,42.81362,47.531496,47.062694,39.170169,17.608957,38.884473,34.670734,49.038775,44.570757,26.304534,22.500176,11.584218,17.140234,9.387684,26.277503,21.782709,50.50323,15.153723,21.536323,30.438619,32.521414,51.101946,27.837642,45.599132,43.652666,16.139392,9.928021,28.074778,18.141403,19.911141,24.343123,15.812007,11.013012,11.222423,19.557498,55.480259,38.475091,23.577236,43.46163,34.327831,18.624876,42.389899,47.727968,25.839709,19.077749,29.326837,49.626738,18.919944,12.930447,20.725961,44.523015,56.83852,11.663054,44.069492,42.490284,52.957967,22.040643,19.383378,45.236487,10.594388,55.08436,38.850545,50.146514,30.848627,41.153496,35.438787,10.126587,23.725403,31.944552,10.879165,35.508448,29.895319,50.115953,37.648033,34.581998,16.949155,14.597583,21.711819,34.162747,11.853808,11.691172,11.990906,19.569305,50.50743,42.380587,21.12861,21.543128,15.682023,14.166845,36.783269,48.793137,25.175131,9.33974,35.437377,14.994046,39.985573,19.230467,30.230809,37.115384,47.655156,42.486446,44.047644,10.419814,46.604612,47.142448,24.525541,12.741976,47.118412,33.924451,11.563888,17.958398,51.768525,51.750501,34.789054,10.267354,32.978265,45.857525,44.116476,51.097587,32.467156,21.984041,33.239978,43.832109,45.57368,46.92194,43.664011,17.172342,51.465539,27.234495,43.325256,12.84905,52.52284,49.711103,51.274134,39.346466,21.825165,40.472578,30.104185,46.664335,27.299258,25.993104,30.010507,19.318481,53.255253,24.671943,53.396883,24.791536,29.087059,45.363699,20.945346,49.011119,50.231766,44.091481,30.989583,49.45929,24.479507,45.342352,34.249276,20.743302,49.0782,40.564221,36.211929,23.067935,51.681756,29.489559,48.720827,25.721989,12.900888,38.645982,40.308223,26.382018,30.685061,51.2675,45.517411,16.884417,45.810495,50.304802,42.323544,57.081194,48.355458,30.045606,11.94697,23.935392,13.79913,45.472077,51.274563,49.85855,11.824834,57.791916,18.529096,11.193121,56.184406,24.814191,21.816831,28.47698,29.627996,16.233085,48.834212,37.267013,50.565607,34.712602,55.482737,45.360314,39.411,20.91139,47.600822,45.717885,45.440644,12.714762
15,2,9,30.393241,41.060242,14.467034,47.603105,29.297547,33.334803,10.644411,34.447451,45.371936,12.868156,11.837331,14.488214,39.943328,20.885366,19.765963,48.359038,34.545199,14.982704,30.301946,51.04223,45.923691,23.482118,46.156361,34.786863,38.554759,24.426678,16.834371,32.235223,10.318059,16.648422,46.727065,51.44876,51.627778,10.966513,41.922329,49.110386,21.021224,41.839134,38.525916,10.586838,48.000679,32.301876,41.550314,13.732005,10.229415,25.034127,27.366205,35.179676,47.41024,40.967164,31.956835,22.060942,19.109435,40.417733,22.409909,45.917006,47.38689,22.863176,14.043527,33.081107,20.617529,30.955587,16.925848,26.236748,21.415736,22.892107,18.281841,23.624103,16.05168,36.277855,37.646884,33.447581,27.657395,44.367708,9.624686,17.170441,14.244497,16.439009,34.376651,44.280137,42.85326,47.593874,44.452836,11.638363,8.928,38.767753,41.983338,22.062508,28.179328,30.168259,38.502971,44.184049,37.284769,9.883826,22.119055,44.638637,10.935215,38.060991,27.917195,45.675214,33.600252,40.714923,31.703396,40.573785,13.692989,19.013776,46.949345,45.214722,25.856951,9.653554,48.537684,22.527006,38.228087,18.145497,35.781861,21.707977,39.1944,26.258019,46.349398,23.020597,42.63194,12.082001,40.780095,26.120783,29.664804,9.581609,17.50457,38.82371,24.503153,36.774311,27.982704,13.881301,37.556161,24.452324,8.247745,36.469639,37.879444,15.358702,27.735264,20.445967,42.239763,41.670816,14.862351,29.065299,13.465985,27.782093,42.924583,48.33896,37.543756,10.65379,28.73176,38.735941,43.004475,42.580322,35.439502,15.931835,35.181016,31.368604,44.368196,40.325724,23.799223,20.357202,10.480907,15.507754,8.493577,23.774767,19.708068,45.693173,13.710444,19.485148,27.539567,29.423991,46.234865,25.186313,41.256153,39.495074,14.602235,8.982451,25.400864,16.413569,16.773314,20.506854,13.320169,9.277455,9.453864,16.475402,46.737041,32.411744,19.861664,36.612446,28.918056,15.689754,35.709611,40.206446,21.767591,16.071258,24.705177,41.805985,15.938321,10.892718,17.459726,37.506566,47.881252,9.825056,37.124514,35.794176,44.612241,18.567225,16.328722,38.107601,8.924803,46.403533,32.728029,42.243849,25.987145,34.668055,31.227208,8.923134,20.905854,28.148232,9.586275,31.288591,26.342531,44.160126,33.173905,30.472241,14.934901,12.862792,19.131567,30.102814,10.44509,10.301782,10.565896,17.243671,44.505079,37.344038,18.617666,18.982923,13.818357,12.483244,32.411911,42.994515,22.183295,8.229796,31.225966,13.21214,35.23365,16.9451,26.638151,32.704557,41.991773,37.437317,42.535489,10.062102,45.004676,45.524048,23.68358,12.304544,45.500837,32.759825,11.1669,17.341886,49.991312,49.973908,33.594746,9.914876,31.846121,44.283237,42.601958,49.343408,31.352559,21.229329,32.09885,42.327354,44.009136,45.31111,42.165026,16.582816,49.698727,26.299535,41.8379,12.407942,50.719732,48.004522,49.513894,37.995702,21.075907,39.083155,26.308439,40.780569,23.857176,22.715712,26.226572,16.882672,46.540459,21.561132,46.664231,21.665646,25.419559,39.643927,18.304411,42.831454,43.898194,38.532118,27.0822,43.223117,21.392959,39.625271,29.930888,18.127842,42.890078,35.449601,31.646076,20.159368,45.165359,25.771309,42.577764,22.478781,11.274254,33.773226,35.22588,23.055588,26.816074,44.803335,38.89184,14.4267,39.142262,42.982372,36.162876,48.772384,41.316777,25.67213,10.207954,20.451327,11.790512,38.853105,43.810974,42.601077,10.103596,49.379653,15.831978,9.563836,48.006133,21.202206,18.641146,24.331835,25.315308,13.870177,41.725843,31.84238,43.205214,29.659793,47.406601,38.75761,33.674285,17.867502,40.671987,39.063132,38.826247,10.863985
16,2,10,33.871863,45.759744,16.122842,53.051463,32.650763,37.150099,11.862704,38.390094,50.564927,14.340966,13.192159,16.146446,44.514995,23.275776,22.028253,53.893915,38.499029,16.697532,33.770119,56.884208,51.179833,26.169736,51.439133,38.768352,42.967498,27.222405,18.76113,35.924668,11.499,18.553898,52.075156,57.337267,57.536774,12.221672,46.7205,54.731258,25.439062,50.63208,46.622553,12.811776,58.08854,39.090465,50.282561,16.617934,12.379237,30.295319,33.117509,42.573065,57.374014,49.576857,38.67291,26.697287,23.125489,48.911956,27.119593,55.56696,57.345757,27.668119,16.994925,40.033459,24.950526,37.461238,20.482998,31.750684,25.916484,27.703131,22.123967,28.588964,19.425114,43.902037,45.558783,40.476951,35.875246,57.550701,12.484473,22.272301,18.476969,21.323537,44.590998,57.437109,55.586264,61.735459,57.661122,15.096474,11.58078,50.286829,54.457862,28.617948,36.552262,39.132165,49.943372,57.312471,48.363206,12.820611,28.691298,57.902131,14.1844,49.370067,36.212241,59.246707,43.583907,52.812562,41.123438,52.629488,17.761591,24.663346,60.89942,58.649388,31.135248,11.624178,58.445902,27.125547,46.031761,21.84962,43.086176,26.139325,47.195332,31.618189,55.810913,27.719897,51.334593,14.548355,49.104722,31.452938,35.720416,11.537547,21.077858,46.748971,29.505093,44.281219,33.694941,16.714955,45.222671,29.443889,9.931394,43.914353,45.611948,18.493944,33.39699,24.619695,50.862359,50.17727,17.896271,34.998531,16.157778,33.335616,51.505026,58.001715,45.048595,12.783438,34.475117,46.479092,51.600888,51.091948,42.523708,19.116542,42.213553,37.639056,53.237211,48.386666,28.556587,24.42652,12.575997,18.607688,10.191407,28.527242,23.647628,54.827045,16.451104,23.380147,33.04461,35.305722,55.47702,30.220951,49.503084,47.389973,17.521161,10.778005,30.47839,19.694572,23.435902,28.652454,18.611121,12.962586,13.209067,23.019656,65.301629,45.286128,27.750987,51.155407,40.404701,21.921937,49.893953,56.176992,30.413973,22.45498,34.518409,58.411891,22.269239,15.219454,24.394966,52.404683,66.900335,13.727701,51.870875,50.012109,62.332829,25.942379,22.814713,53.244458,12.469856,64.835646,45.728047,59.02368,36.309593,48.438677,38.024101,10.865337,25.456208,34.274957,11.672817,38.098844,32.076229,53.771989,40.394515,37.104808,18.185621,15.662499,23.29573,36.654972,12.718561,12.544061,12.865661,20.996916,54.192024,45.472316,22.669974,23.114732,16.826051,15.200339,39.466665,52.352672,27.011695,10.021088,38.022589,16.087885,42.902582,20.633359,32.436193,39.823008,51.131674,45.585898,51.144721,12.098684,54.113675,54.738169,28.477164,14.794998,54.71026,39.390452,13.427093,20.851904,60.109611,60.088685,40.394362,11.921658,38.291813,53.246216,51.224644,59.330571,37.698354,25.52617,38.595695,50.894459,52.916637,54.482132,50.699276,19.939197,59.757808,31.622592,50.305941,14.919325,60.985464,57.720693,59.535563,45.686077,25.341695,46.993632,33.39806,51.770152,30.286229,28.837161,33.294131,21.432229,59.082221,27.371444,59.239347,27.504123,32.269644,50.327206,23.237099,54.373711,55.727917,48.915787,34.380334,54.870919,27.157952,50.303523,37.996689,23.012948,54.448133,45.002589,40.174088,25.591932,57.336558,32.716183,54.051656,28.536382,14.312449,42.874464,44.718581,29.268628,34.042493,56.876976,46.091977,17.097549,46.38876,50.939798,42.857793,57.801728,48.965848,30.424871,12.097777,24.237528,13.973316,46.04607,51.921801,50.487913,11.974098,58.521422,18.762988,11.334411,56.89362,25.12742,22.092225,28.836444,30.001989,16.437994,49.450645,37.737434,51.203895,35.150779,56.183094,45.932896,39.908484,21.175354,48.201686,46.29498,46.01424,12.87526
17,2,11,36.431858,49.218211,17.341387,57.061029,35.118469,39.957859,12.759273,41.291571,54.386564,15.424839,14.189206,17.366775,47.879385,25.034931,23.693122,57.967153,41.40874,17.959512,36.322425,61.183449,55.047944,28.147613,55.326842,41.698418,46.21493,29.279842,20.179073,38.639811,12.368081,19.956179,56.010934,61.670749,61.885335,13.145371,50.25158,58.867781,25.190164,50.136692,46.166395,12.686424,57.520198,38.708001,49.790593,16.455343,12.258117,29.998907,32.793485,42.156527,56.812662,49.091793,38.294531,26.436078,22.899228,48.433398,26.854253,55.02329,56.784682,27.397413,16.828646,39.641769,24.706408,37.094715,20.282591,31.440034,25.662915,27.432081,21.907504,28.309247,19.235057,43.472497,45.113033,40.080922,30.817672,49.437393,10.724453,19.132425,15.872147,18.317415,38.304706,49.339814,47.749895,53.032197,49.532247,12.968222,9.94816,43.197557,46.780572,24.583484,31.399244,33.615441,42.90252,49.232748,41.54512,11.013204,24.646493,49.73928,12.18473,42.410037,31.107159,50.894301,37.439591,45.367221,35.325991,45.209956,15.25762,21.186389,52.314021,50.38119,30.879391,11.528655,57.965616,26.90264,45.653489,21.670069,42.73211,25.924522,46.807499,31.358363,55.35228,27.492106,50.912745,14.428802,48.701199,31.194469,35.42688,11.442736,20.904648,46.364806,29.262631,43.917333,33.418048,16.577598,44.851049,29.20193,9.849782,43.553482,45.237126,18.341968,33.122546,24.41738,50.444391,49.764931,17.749207,34.710926,15.359576,31.688821,48.960653,55.136403,42.823173,12.15193,32.77203,44.183003,49.05178,48.567982,40.423017,18.172175,40.128183,35.779668,50.607268,45.996342,27.145878,23.219839,11.954736,17.68846,9.687947,27.117983,22.479424,52.118563,15.638411,22.225156,31.412191,33.561603,52.736429,28.728022,47.057609,45.048885,16.655607,10.245567,28.972743,18.721651,21.629295,26.443718,17.176443,11.963337,12.190818,21.245136,60.267713,41.79515,25.611742,47.211983,37.290018,20.232037,46.047771,51.846468,28.069447,20.72399,31.857483,53.909085,20.552567,14.04623,22.514428,48.364956,61.743179,12.669472,47.872297,46.156818,57.527769,23.942555,21.055991,49.139994,11.50859,59.837651,42.203002,54.473713,33.51059,44.704677,35.136133,10.040104,23.522784,31.67174,10.786255,35.205199,29.640007,49.687953,37.326511,34.286661,16.804405,14.472917,21.526396,33.87099,11.752574,11.591327,11.888502,19.40218,50.076086,42.018648,20.948167,21.359146,15.548096,14.045858,36.469133,48.376435,24.96013,9.259977,35.134736,14.865994,39.644089,19.066235,29.972632,36.798412,47.248172,42.123604,48.20033,11.402165,50.998361,51.586903,26.837739,13.943253,51.5606,37.122751,12.654098,19.651464,56.649113,56.629391,38.068866,11.23533,36.087361,50.180841,48.275651,55.914921,35.528067,24.056633,36.373748,47.964475,49.870236,51.345605,47.780528,18.791301,56.317562,29.802085,47.409837,14.060422,57.474543,54.397723,56.108112,43.055938,23.882778,44.288217,36.477052,56.542882,33.078339,31.495681,36.363543,23.408082,64.529056,29.894838,64.700668,30.039749,35.244607,54.966909,25.379345,59.386464,60.865516,53.42537,37.549883,59.929511,29.661665,54.941043,41.499633,25.134529,59.467747,49.151412,43.877767,27.951271,62.622459,35.732313,59.034719,31.167173,15.631925,46.827093,48.841221,31.966925,37.180896,62.120507,51.555016,19.124031,51.886976,56.977425,47.937501,64.652663,54.769512,34.030971,13.531662,27.110275,15.6295,51.503668,58.075819,56.47198,13.393325,65.457658,20.986866,12.67782,63.636921,28.105641,24.7107,32.254276,33.557967,18.386303,55.31177,42.210253,57.272823,39.317015,62.842181,51.37708,44.638626,23.685158,53.914778,51.782081,51.468066,14.401297
18,2,12,35.949027,48.565922,17.111561,56.304799,34.653043,39.428297,12.590174,40.744334,53.665779,15.220413,14.001157,17.136613,47.24484,24.703143,23.379117,57.198914,40.859949,17.721494,35.841043,60.372584,54.318393,27.774573,54.593595,41.145789,45.602444,28.891796,19.91164,38.127718,12.204167,19.6917,55.268621,60.853427,61.065168,12.971155,49.585595,58.087606,23.344751,46.463714,42.784278,11.757026,53.306309,35.87228,46.142969,15.249836,11.360097,27.801209,30.391058,39.06817,52.650608,45.495363,35.489101,24.49939,21.221647,44.885202,24.88693,50.992322,52.624677,25.390298,15.595791,36.737642,22.896434,34.377182,18.796703,29.136759,23.782869,25.422427,20.302576,26.235332,17.825911,40.287733,41.808084,37.144622,31.813055,51.034176,11.070843,19.750385,16.384803,18.909051,39.541913,50.933445,49.292174,54.745089,51.132094,13.387084,10.269476,44.5928,48.291542,25.377508,32.413412,34.701189,44.288233,50.822921,42.88699,11.36892,25.442552,51.345813,12.578285,43.779843,32.111892,52.538141,38.648856,46.832542,36.466988,46.670197,15.750428,21.87069,54.003716,52.008457,29.06208,10.850172,54.55423,25.319369,42.966695,20.394744,40.217245,24.398815,44.052789,29.512864,52.094694,25.874143,47.916434,13.57964,45.835041,29.358616,33.341941,10.769309,19.67437,43.636149,27.54047,41.332715,31.451333,15.601975,42.21148,27.483341,9.270104,40.990277,42.574836,17.262509,31.173222,22.980371,47.475644,46.836172,16.704632,32.668123,15.078872,31.109692,48.065873,54.128757,42.040558,11.929848,32.173105,43.375536,48.155334,47.680378,39.684266,17.84007,39.39482,35.125777,49.682395,45.155736,26.649774,22.795484,11.736258,17.365194,9.510895,26.622388,22.068601,51.16607,15.352612,21.818981,30.838117,32.948248,51.772644,28.203003,46.197607,44.225595,16.351217,10.058324,28.443252,18.379504,21.715468,26.549072,17.244875,12.011,12.239387,21.329778,60.507823,41.961664,25.713781,47.400079,37.438584,20.312643,46.231228,52.053028,28.181277,20.806556,31.984405,54.123862,20.63445,14.102191,22.604127,48.557645,61.989168,12.719948,48.063024,46.34071,57.756964,24.037944,21.13988,49.335771,11.554441,60.076048,42.371142,54.69074,33.644098,44.882784,36.75761,10.503439,24.608323,33.13334,11.284024,36.829864,31.007847,51.980973,39.049071,35.868936,17.579902,15.140819,22.519806,35.434083,12.294937,12.126249,12.437137,20.297559,52.387019,43.957743,21.914892,22.344836,16.265616,14.694052,38.152125,50.608931,26.112001,9.68731,36.756148,15.552036,41.4736,19.946112,31.355822,38.4966,49.428601,44.067542,48.865709,11.559565,51.702366,52.299032,27.20822,14.135732,52.272367,37.63521,12.828781,19.922742,57.431123,57.411129,38.594386,11.390428,36.585527,50.873561,48.94207,56.686797,36.018513,24.388722,36.875868,48.626598,50.558668,52.054404,48.440112,19.050705,57.094995,30.213487,48.064304,14.254518,58.267948,55.148654,56.882654,43.650302,24.212467,44.899591,35.691643,55.325423,32.36611,30.817529,35.580578,22.904069,63.139643,29.251154,63.307559,29.392945,34.485734,53.783384,24.832887,58.107779,59.554984,52.275037,36.741375,58.639133,29.023002,53.758075,40.60608,24.593343,58.187312,48.093104,42.933009,27.349436,61.274098,34.96294,57.763608,30.496094,15.295345,45.818831,47.789591,31.278626,36.380332,60.782954,49.465271,18.348852,49.783775,54.667886,45.99439,62.032014,52.54947,32.65155,12.983166,26.01138,14.99597,49.416005,55.721758,54.182929,12.850436,62.80438,20.136179,12.163933,61.057445,26.966399,23.70907,30.946872,32.197719,17.641028,53.069748,40.499291,54.951312,37.723329,60.294919,49.294548,42.829232,22.725097,51.729381,49.683132,49.381845,13.817551
19,3,5,27.545998,37.213714,13.111761,43.14364,26.552949,30.211994,9.647241,31.22041,41.121487,11.662665,10.728408,13.130956,36.201432,18.928822,17.914285,43.828758,31.309,13.579123,27.463256,46.260588,41.621554,21.28231,41.832428,31.528025,34.942944,22.138384,15.257325,29.215424,9.351462,15.088796,42.349668,46.629034,46.791281,9.939168,37.99504,44.509719,21.683735,43.157746,39.740109,10.920495,49.513481,33.31991,42.859823,14.164786,10.551808,25.823109,28.228685,36.288407,48.904432,42.258296,32.963995,22.75622,19.711693,41.691548,23.116185,47.364137,48.880347,23.583738,14.486126,34.1237,21.267316,31.931191,17.459288,27.063632,22.09068,23.61358,18.858016,24.368646,16.557569,37.421197,38.833373,34.501723,25.987301,41.688561,9.043499,16.133603,13.384342,15.446338,32.300815,41.606277,40.265564,44.719915,41.768548,10.935579,8.388882,36.42676,39.448172,20.730262,26.477718,28.346547,36.177966,41.515993,35.033326,9.286991,20.783394,41.94313,10.274892,35.762676,26.231414,42.917113,31.571299,38.256349,29.788985,38.123734,12.866137,17.865628,44.114305,42.484428,26.539067,9.908219,49.818126,23.121278,39.236559,18.624182,36.725801,22.280641,40.228364,26.950716,47.572113,23.62789,43.756588,12.400729,41.85589,26.809859,30.447373,9.834376,17.966347,39.847894,25.149555,37.744431,28.720898,14.247495,38.546907,25.097386,8.465323,37.431721,38.878718,15.763871,28.466931,20.985339,43.354065,42.770108,15.254426,29.832053,13.772563,28.414603,43.90184,49.439485,38.398509,10.896343,29.385891,39.617835,43.98355,43.549741,36.246347,16.294552,35.981976,32.082768,45.378319,41.243813,24.341056,20.82067,10.719524,15.860816,8.686949,24.316043,20.156758,46.733461,14.022587,19.928763,28.166556,30.093882,47.287486,25.759726,42.195425,40.394252,14.934682,9.186953,25.979161,16.787254,19.642633,24.014849,15.598778,10.864498,11.071085,19.293759,54.732091,37.956243,23.25929,42.875537,33.86491,18.373714,41.818259,47.084343,25.491253,18.82048,28.931356,48.957507,18.664803,12.756076,20.446466,43.922609,56.072035,11.505774,43.475202,41.91729,52.243813,21.743418,19.121988,44.62646,10.45152,54.341531,38.326634,49.470273,30.432624,40.598529,33.074763,9.45107,22.142747,29.813619,10.153446,33.139778,27.901085,46.772856,35.136637,32.275128,15.818523,13.623818,20.263484,31.883844,11.063073,10.911286,11.191026,18.263891,47.138219,39.553495,19.719178,20.106045,14.635919,13.221814,34.329559,45.538282,23.495767,8.716712,33.073448,13.993835,37.318245,17.947656,28.214195,34.639519,44.476212,39.652293,42.485335,10.050238,44.95161,45.470371,23.655655,12.290035,45.447186,32.721198,11.153732,17.321438,49.932367,49.914984,33.555134,9.903185,31.808571,44.231022,42.551726,49.285227,31.315591,21.204297,32.061002,42.277445,43.957245,45.257683,42.115309,16.563263,49.640127,26.268525,41.788569,12.393312,50.659927,47.947919,49.455511,37.950902,21.051056,39.037072,28.126842,43.599265,25.506151,24.28579,28.039316,18.049579,49.75727,23.051407,49.889597,23.163145,27.176524,42.38406,19.569586,45.791904,46.932376,41.195405,28.954084,46.210638,22.871611,42.364114,31.999669,19.380813,45.85458,37.899827,33.833409,21.552756,48.287125,27.552586,45.52068,24.032483,12.053515,36.107584,37.660644,24.649158,28.669564,47.900079,36.841109,13.665994,37.078327,40.715952,34.256041,46.200661,39.138182,24.318462,9.669698,19.372947,11.168809,36.804416,41.500861,40.354761,9.570843,46.775908,14.997172,9.059544,45.474814,20.084233,17.658216,23.04884,23.980455,13.138815,39.525678,30.163361,40.927043,28.095859,44.906894,36.713957,31.898671,16.925365,38.52739,37.00337,36.778974,10.291137
20,3,7,32.318693,43.661463,15.38354,50.618825,31.153585,35.446607,11.318748,36.629743,48.246308,13.683371,12.587241,15.406062,42.473791,22.208481,21.018163,51.422647,36.733683,15.931879,32.221614,54.275823,48.833017,24.969741,49.080428,36.990657,40.997254,25.97414,17.900851,34.277367,10.971721,17.703122,49.687286,54.708107,54.898465,11.661256,44.578164,52.221594,23.067511,45.911916,42.276176,11.617401,52.67325,35.446265,45.594981,15.068731,11.225185,27.471045,30.030137,38.604201,52.025335,44.955065,35.067637,24.208438,20.969621,44.35215,24.591376,50.386743,51.999712,25.088765,15.410577,36.301349,22.624519,33.968923,18.573475,28.790734,23.500426,25.120513,20.061465,25.923764,17.614212,39.80928,41.311576,36.703497,27.314298,43.817316,9.50529,16.957438,14.06779,16.235079,33.9502,43.73083,42.321655,47.00346,43.901387,11.493986,8.817246,38.286829,41.462525,21.788817,27.829757,29.794015,38.025332,43.635935,36.822242,9.761215,21.844663,44.084884,10.799561,37.588835,27.570876,45.108602,33.183433,40.209844,31.310108,40.070457,13.523124,18.777906,46.366926,44.653821,28.232868,10.54059,52.997665,24.596945,41.740751,19.812832,39.069748,23.702657,42.795856,28.67079,50.608305,25.135891,46.549261,13.19218,44.527255,28.520943,32.390614,10.462034,19.113012,42.391103,26.754673,40.153392,30.55395,15.156812,41.007083,26.699175,9.005605,39.820724,41.360071,16.769967,30.283773,22.324685,46.121048,45.499822,16.228008,31.736021,14.651561,30.228092,46.703761,52.594833,40.849194,11.591774,31.26137,42.146341,46.790687,46.329191,38.559676,17.33451,38.278433,34.130367,48.274474,43.876093,25.894561,22.149496,11.40367,16.873092,9.241371,25.867951,21.443211,49.716104,14.917543,21.200665,29.964213,32.014546,50.305488,27.403774,44.888439,42.972311,15.887849,9.773287,27.637214,17.858657,16.552471,20.236853,13.144791,9.155305,9.329391,16.258481,46.121685,31.984999,19.600158,36.130394,28.537311,15.483177,35.239446,39.677074,21.480991,15.859658,24.3799,41.255553,15.728472,10.749301,17.229845,37.012741,47.25083,9.695696,36.63572,35.322897,44.024861,18.322762,16.113733,37.605863,8.807296,45.792567,32.297121,41.687652,25.64499,34.211603,33.419671,9.549627,22.373654,30.12452,10.259327,33.485363,28.192041,47.260608,35.503046,32.611697,15.983481,13.765889,20.474794,32.216333,11.17844,11.025071,11.307727,18.454349,47.629781,39.965963,19.924813,20.315714,14.788544,13.359693,34.687551,46.013161,23.740784,8.807611,33.418342,14.139764,37.707405,18.134816,28.508416,35.000744,44.940016,40.065792,48.870331,11.560659,51.707256,52.303979,27.210793,14.137069,52.27731,37.63877,12.829994,19.924626,57.436556,57.416559,38.598036,11.391505,36.588988,50.878372,48.946699,56.692158,36.021919,24.391029,36.879356,48.631198,50.563449,52.059327,48.444695,19.052507,57.100396,30.216345,48.06885,14.255867,58.273458,55.153871,56.888035,43.654431,24.214757,44.903839,29.698693,46.035785,26.931547,25.642987,29.606277,19.058269,52.537926,24.339621,52.677648,24.457604,28.695268,44.752668,20.663221,48.350958,49.555164,43.497586,30.572166,48.793092,24.149777,44.731608,33.787952,20.463898,48.417136,40.017837,35.724169,22.757219,50.985623,29.092346,48.064576,25.375524,12.727118,38.125435,39.765287,26.026662,30.271745,50.576946,41.286196,15.314873,41.552036,45.62856,38.389225,51.77503,43.860424,27.252622,10.836402,21.710402,12.516389,41.245076,46.508174,45.223791,10.725619,52.419686,16.806665,10.152629,50.961606,22.507509,19.788779,25.829812,26.873832,14.724087,44.294674,33.80274,45.865121,31.485783,50.325164,41.143703,35.747426,18.967506,43.175937,41.468034,41.216565,11.532821
21,3,9,32.832122,44.355089,15.62793,51.422978,31.648505,36.009727,11.498563,37.211659,49.01277,13.900751,12.787208,15.650809,43.148549,22.561295,21.352067,52.23957,37.31725,16.184979,32.733501,55.138073,49.6088,25.366421,49.860141,37.578307,41.648554,26.386777,18.185232,34.821913,11.146023,17.984361,50.47664,55.577224,55.770607,11.846511,45.286353,53.05121,24.011075,47.789917,44.00546,12.092604,54.82782,36.896175,47.460018,15.685109,11.684345,28.594733,31.258503,40.183284,54.153402,46.793927,36.502059,25.198671,21.827372,46.16635,25.597272,52.447785,54.126732,26.115007,16.040938,37.786236,23.549962,35.358403,19.333213,29.968403,24.461698,26.148053,20.882068,26.984161,18.334712,41.437657,43.001403,38.204833,31.683589,50.826487,11.025789,19.670009,16.318123,18.832099,39.380993,50.726166,49.091575,54.522298,50.924006,13.332604,10.227684,44.411324,48.095015,25.274232,32.281502,34.559969,44.107997,50.616092,42.712457,11.322653,25.339011,51.136856,12.527097,43.601677,31.981209,52.324331,38.49157,46.641952,36.318582,46.480267,15.68633,21.781685,53.783942,51.796803,29.261856,10.924757,54.929241,25.493416,43.262052,20.534939,40.493702,24.566535,44.355612,29.715738,52.452797,26.052004,48.245815,13.672988,46.150115,29.56043,33.571136,10.843338,19.809613,43.936108,27.729786,41.61684,31.667532,15.709224,42.501645,27.672264,9.333827,41.272048,42.867499,17.381173,31.387509,23.13834,47.801996,47.158128,16.819461,32.892686,14.94056,30.824335,47.624984,53.632255,41.654936,11.82042,31.877994,42.977669,47.713624,47.243024,39.320258,17.67643,39.033467,34.803582,49.226678,44.74154,26.405326,22.58639,11.628606,17.20591,9.423655,26.378191,21.866174,50.696744,15.211788,21.618844,30.555251,32.646027,51.297753,27.944308,45.773854,43.819931,16.201234,9.966063,28.182353,18.210916,24.231713,29.625403,19.243098,13.402755,13.657607,23.801333,67.519071,46.823906,28.693325,52.892488,41.77672,22.666338,51.588199,58.08459,31.446738,23.217482,35.690548,60.395379,23.025434,15.73626,25.223344,54.184185,69.172065,14.193852,53.632251,51.710366,64.44946,26.823302,23.58943,55.052475,12.893294,67.037265,47.280831,61.027942,37.542555,50.083505,37.942504,10.842021,25.40158,34.201405,11.647768,38.017086,32.007395,53.656597,40.307831,37.025183,18.146596,15.628888,23.245739,36.576312,12.691268,12.517142,12.838052,20.951858,54.075732,45.374735,22.621326,23.06513,16.789943,15.16772,39.381972,52.240326,26.95373,9.999584,37.940995,16.053361,42.810515,20.589081,32.366587,39.73755,51.021948,45.488073,45.340529,10.725657,47.972549,48.526172,25.245415,13.115978,48.50143,34.9202,11.903311,18.485512,53.288033,53.269481,35.810181,10.568721,33.946242,47.203534,45.411382,52.597402,33.420132,22.629316,34.215637,45.118668,46.911357,48.299191,44.945636,17.676384,52.976154,28.033881,44.596938,13.226195,54.064489,51.170222,52.779131,40.501363,22.465776,41.660528,33.186468,51.442165,30.094352,28.654465,33.083198,21.296446,58.707909,27.198034,58.86404,27.329872,32.065202,50.008361,23.089882,54.02923,55.374856,48.605883,34.16252,54.523288,26.985895,49.984828,37.755964,22.867151,54.10318,44.717478,39.919567,25.429796,56.973306,32.508912,53.709215,28.355591,14.221774,42.602835,44.435269,29.083198,33.826819,56.516635,46.234029,17.150242,46.531727,51.096792,42.989877,57.979869,49.116757,30.518638,12.135061,24.312227,14.016381,46.187981,52.08182,50.643513,12.011002,58.701781,18.820814,11.369343,57.068962,25.204861,22.160311,28.925316,30.094453,16.488655,49.603049,37.853738,51.361702,35.259111,56.356246,46.074458,40.031479,21.240615,48.35024,46.437658,46.156053,12.914941
22,3,11,26.198174,35.392848,12.470203,41.032624,25.253714,28.733723,9.175202,29.692796,39.109414,11.092012,10.203468,12.488459,34.430098,18.002636,17.03774,41.684218,29.777052,12.914697,26.11948,43.997059,39.585013,20.240967,39.785569,29.98536,33.233187,21.055154,14.510785,27.785914,8.893895,14.350502,40.2775,44.347477,44.501786,9.452845,36.135944,42.33186,16.973592,33.783017,31.107759,8.548344,38.758158,26.082157,33.549809,11.08791,8.259743,20.213811,22.096848,28.405837,38.281408,33.078946,25.803554,17.813112,15.429918,32.635307,18.094886,37.075696,38.262554,18.460876,11.339449,26.711347,16.647628,24.995095,13.66678,21.184868,17.29214,18.484237,14.761676,19.075287,12.960933,29.292561,30.397984,27.007256,21.70805,34.82383,7.554333,13.476931,11.180382,12.902836,26.981936,34.755096,33.635153,37.35602,34.890646,9.13485,7.00751,30.428474,32.952359,17.316671,22.117711,23.678806,30.220649,34.679678,29.264493,7.75773,17.361055,35.03648,8.582956,29.873742,21.911965,35.85008,26.372547,31.956791,24.883721,31.846012,10.747508,14.923749,36.850134,35.488644,21.129429,7.888559,39.663359,18.408311,31.238705,14.827889,29.239731,17.739027,32.028343,21.457169,37.875167,18.811657,34.837385,9.873004,33.32412,21.345024,24.241079,7.829768,14.304145,31.725427,20.023151,30.050727,22.866522,11.343332,30.689629,19.981615,6.739779,29.80176,30.953805,12.550614,22.664323,16.707755,34.516911,34.051986,12.145013,23.751183,10.636357,21.944199,33.904774,38.181421,29.654629,8.415093,22.694311,30.596298,33.967878,33.632853,27.992545,12.584054,27.788375,24.777071,35.045039,31.852017,18.798256,16.079511,8.278538,12.249086,6.708809,18.778938,15.566781,36.091596,10.829447,15.390704,21.752635,23.241082,36.519462,19.893875,32.586934,31.195913,11.533845,7.094955,20.063342,12.964561,10.57394,12.927573,8.397069,5.848531,5.95974,10.386136,29.463151,20.432446,12.520844,23.08058,18.230017,9.890861,22.51143,25.346247,13.722345,10.131362,15.574207,26.3546,10.047559,6.866798,11.006656,23.644235,30.184464,6.19374,23.403389,22.56474,28.123671,11.704826,10.293668,24.023129,5.626219,29.252906,20.631833,26.630631,16.382363,21.85483,23.497257,6.71431,15.73084,21.180447,7.213298,23.543445,19.821728,33.228773,24.962071,22.929174,11.237931,9.67875,14.395758,22.651194,7.859523,7.75169,7.950425,12.97519,33.488338,28.099933,14.009068,14.283909,10.397775,9.393155,24.3887,32.351697,16.692065,6.192601,23.496323,9.94162,26.511949,12.750528,20.044171,24.608905,31.597173,28.170122,37.151728,8.788532,39.308387,39.762022,20.685925,10.747145,39.741749,28.61338,9.753493,15.146906,43.663859,43.648658,29.342624,8.659939,27.815324,38.678261,37.209784,43.097961,27.384233,18.54231,28.036065,36.969936,38.438854,39.576036,36.828154,14.483911,43.408308,22.970776,36.542434,10.837456,44.300082,41.928539,43.246869,33.186547,18.408307,34.13636,23.935871,37.102865,21.70567,20.667146,23.861388,15.360146,42.343312,19.616689,42.455921,19.711778,23.127153,36.068728,16.653668,38.968795,39.939334,35.057185,24.639852,39.325137,19.463683,36.051755,27.231638,16.493023,39.022132,32.252658,28.792145,18.341341,41.092222,23.447181,38.737984,20.451582,10.25751,30.727463,32.049113,20.976372,24.397727,40.762846,34.148132,12.667049,34.368009,37.739734,31.752024,42.823527,36.277295,22.540854,8.962872,17.956841,10.352402,34.114121,38.46727,37.404946,8.871242,43.356727,13.900922,8.397318,42.150738,18.616135,16.367452,21.364037,22.227554,12.178406,36.636466,27.958507,37.935395,26.042134,41.624331,34.030273,29.566972,15.68817,35.711151,34.298531,34.090539,9.538885
23,4,6,26.121162,35.288808,12.433545,40.912005,25.179479,28.649257,9.148231,29.605512,38.994449,11.059406,10.173474,12.451748,34.328887,17.949715,16.987656,41.561684,29.68952,12.876733,26.042699,43.867725,39.468649,20.181467,39.668615,29.897216,33.135495,20.99326,14.468129,27.704235,8.867751,14.308317,40.159101,44.217113,44.370968,9.425058,36.02972,42.207422,21.044343,41.885148,38.568286,10.598481,48.05347,32.337402,41.59601,13.747107,10.240665,25.061659,27.396302,35.218366,47.462381,41.012219,31.991981,22.085204,19.130451,40.462184,22.434555,45.967504,47.439005,22.888321,14.058971,33.11749,20.640204,30.989632,16.944463,26.265603,21.439289,22.917283,18.301947,23.650084,16.069334,36.317753,37.688287,33.484366,27.420807,43.988176,9.542354,17.023561,14.122646,16.298386,34.082585,43.901354,42.486683,47.186746,44.072576,11.538806,8.851628,38.436125,41.624203,21.87378,27.938276,29.910193,38.173608,43.806088,36.965827,9.799278,21.929843,44.256788,10.841673,37.735409,27.678385,45.284497,33.312828,40.366637,31.432198,40.226707,13.575856,18.851128,46.547729,44.827944,25.756498,9.616051,48.349118,22.439491,38.079574,18.075003,35.64285,21.623643,39.042133,26.156009,46.169334,22.931164,42.466318,12.035063,40.621667,26.019305,29.549559,9.544385,17.436566,38.672882,24.40796,36.631445,27.873993,13.827374,37.410258,24.357328,8.215703,36.327957,37.732285,15.299035,27.627514,20.366536,42.075665,41.508928,14.804612,28.952382,13.366435,27.576709,42.607255,47.981605,37.266207,10.57503,28.519355,38.449578,42.686556,42.265539,35.177508,15.814056,34.920934,31.136705,44.040196,40.027608,23.623283,20.206707,10.403425,15.39311,8.430787,23.599007,19.562372,45.355377,13.609087,19.3411,27.335975,29.206468,45.893066,25.000119,40.951159,39.203099,14.494285,8.916047,25.213084,16.292229,17.540734,21.445092,13.929599,9.701921,9.886401,17.229192,48.875375,33.89466,20.770383,38.287555,30.241127,16.407598,37.343412,42.045989,22.763511,16.806557,25.835499,43.718711,16.667538,11.391087,18.258551,39.222582,50.071935,10.274576,38.823051,37.431846,46.65336,19.416721,17.075801,39.851116,9.333134,48.526607,34.225416,44.176608,27.17612,36.254202,27.573321,7.87904,18.459666,24.854615,8.464587,27.627521,23.260199,38.992961,29.292235,26.906692,13.187372,11.35772,16.892987,26.580492,9.222913,9.096374,9.329583,15.225993,39.297552,32.974422,16.439218,16.761736,12.201475,11.022583,28.619402,37.963738,19.587633,7.26683,27.572225,11.666191,31.11097,14.962359,23.521228,28.877805,37.078327,33.056787,37.680883,8.913707,39.868259,40.328356,20.980556,10.900217,40.307793,29.020922,9.892413,15.362644,44.285766,44.270348,29.760553,8.783283,28.2115,39.229159,37.739765,43.711808,27.774269,18.80641,28.435385,37.496501,38.986341,40.139719,37.3527,14.690207,44.026575,23.29795,37.06291,10.991815,44.931051,42.52573,43.862837,33.659225,18.670498,34.622566,22.618231,35.060398,20.5108,19.529445,22.547847,14.514589,40.012364,18.536814,40.118775,18.626669,21.854032,34.083188,15.736904,36.823611,37.740722,33.12733,23.283459,37.160336,18.392231,34.067149,25.732569,15.585102,36.874011,30.477188,27.207173,17.331672,38.830145,22.156442,36.605505,19.325748,9.692847,29.035954,30.284849,19.821648,23.054661,38.518901,34.716177,12.877762,34.939712,38.367525,32.280211,43.535886,36.880758,22.915815,9.111967,18.255549,10.524611,34.681601,39.107164,38.027168,9.018813,44.077955,14.132161,8.537005,42.851905,18.925809,16.63972,21.719422,22.597303,12.38099,37.245904,28.42359,38.566441,26.475338,42.316741,34.596359,30.058811,15.949139,36.305197,34.869078,34.657627,9.697562
24,4,8,23.648671,31.948556,11.256652,37.03949,22.796122,25.93747,8.282307,26.80321,35.30344,10.012581,9.210506,11.273132,31.079496,16.25069,15.379694,37.627674,26.879267,11.657889,23.577635,39.715438,35.732755,18.271196,35.913794,27.067303,29.999064,19.006149,13.098653,25.081898,8.028376,12.953967,36.357852,40.031755,40.171047,8.532932,32.619337,38.212291,18.20841,36.24071,33.370828,9.170231,41.57779,27.979617,35.990536,11.894548,8.860634,21.684353,23.70438,30.472343,41.066356,35.485417,27.680745,19.109004,16.552434,35.009504,19.411277,39.772929,41.04613,19.803893,12.164386,28.65458,17.858733,26.813472,14.661029,22.726053,18.550133,19.828953,15.835578,20.463002,13.903832,31.423576,32.609418,28.972016,25.394847,40.738153,8.837327,15.765792,13.079208,15.094195,31.564427,40.657745,39.347596,43.700398,40.816316,10.686272,8.197634,35.596309,38.548839,20.257657,25.874083,27.700307,35.353188,40.569518,34.234642,9.075268,20.309578,40.986918,10.040646,34.947364,25.633394,41.938697,30.851542,37.384188,29.109861,37.254596,12.572817,17.458331,43.108596,41.515875,22.285725,8.320256,41.833915,19.415695,32.948226,15.639337,30.839859,18.709786,33.781077,22.631401,39.947865,19.841114,36.743842,10.413299,35.147764,22.513118,25.567659,8.258248,15.086931,33.461584,21.118907,31.695237,24.11788,11.964089,32.369103,21.075098,7.10861,31.432645,32.647735,13.23744,23.904616,17.622078,36.40583,35.915463,12.809642,25.050953,11.565252,23.860631,36.865748,41.515882,32.244428,9.15,24.676251,33.268335,36.934362,36.570079,30.437191,13.683045,30.215191,26.940903,38.105594,34.633719,20.439946,17.483768,9.00152,13.318823,7.294703,20.418941,16.92626,39.243549,11.775205,16.734805,23.652338,25.270774,39.708781,21.631247,35.432818,33.920316,12.541119,7.714572,21.815514,14.096782,14.922,18.243459,11.849988,8.253478,8.410417,14.65697,41.578554,28.834376,17.669481,32.571437,25.726296,13.958035,31.768249,35.768757,19.365046,14.297432,21.978403,37.191751,14.179168,9.690461,15.532651,33.36687,42.596475,8.740639,33.026986,31.843481,39.688273,16.517913,14.526479,33.901567,7.939749,41.281855,29.115752,37.581287,23.118877,30.841652,25.977058,7.42291,17.391006,23.415742,7.974559,26.028121,21.913629,36.735597,27.596462,25.349022,12.423935,10.700204,15.915025,25.041705,8.688984,8.56977,8.789479,14.344537,37.022555,31.065481,15.487526,15.791373,11.495112,10.384469,26.96258,35.765958,18.453674,6.846142,25.976025,10.990816,29.309907,14.096164,22.159547,27.206024,34.931805,31.143077,39.3511,9.30881,41.635434,42.115924,21.910526,11.383373,42.09445,30.307284,10.330898,16.043598,46.248749,46.232647,31.0797,9.172606,29.461985,40.968005,39.412593,45.64935,29.005373,19.640011,29.695793,39.158547,40.714424,41.918926,39.008372,15.341355,45.978068,24.33064,38.705736,11.479031,46.922636,44.410698,45.807072,35.151182,19.498075,36.157224,24.743808,38.355244,22.438328,21.36475,24.66681,15.878616,43.772577,20.278835,43.888988,20.377134,23.907793,37.2862,17.2158,40.284157,41.287455,36.240514,25.471552,40.652526,20.120665,37.268654,28.150821,17.049732,40.339294,33.341321,29.764002,18.960438,42.479258,24.238623,40.045554,21.14191,10.603745,31.764645,33.130906,21.684413,25.221253,42.138765,39.032346,14.47882,39.283673,43.137656,36.293523,48.948585,41.466043,25.764877,10.244833,20.525212,11.833108,38.993471,43.969251,42.754983,10.140098,49.558048,15.889174,9.598388,48.179566,21.278804,18.708492,24.419739,25.406765,13.920286,41.876587,31.957418,43.361303,29.766945,47.577868,38.897631,33.795942,17.932053,40.818924,39.204257,38.966516,10.903234
25,4,10,34.903887,47.153973,16.61408,54.667859,33.645581,38.282005,12.224143,39.559781,52.105563,14.777913,13.594104,16.638403,45.871299,23.984953,22.69942,55.53598,39.672035,17.20628,34.799043,58.617383,52.739204,26.967087,53.006405,39.949565,44.276652,28.05183,19.332752,37.019237,11.849357,19.119206,53.661806,59.084246,59.289831,12.594047,48.144002,56.398835,23.95513,47.678569,43.902929,12.064429,54.700073,36.810208,47.349438,15.648563,11.657121,28.528108,31.185672,40.089659,54.027227,46.6849,36.41701,25.139959,21.776515,46.058785,25.537632,52.325584,54.000618,26.054161,16.003564,37.698196,23.495092,35.276019,19.288168,29.898578,24.404703,26.087129,20.833414,26.921289,18.291993,41.341109,42.901211,38.115817,32.829213,52.664285,11.424463,20.381242,16.908158,19.513035,40.804942,52.560337,50.866642,56.49373,52.765331,13.814688,10.597499,46.017161,49.834048,26.188105,33.448746,35.809598,45.702866,52.446282,44.256866,11.732061,26.255226,52.985876,12.980055,45.178238,33.137595,54.216289,39.883359,48.328444,37.631799,48.160914,16.25352,22.569273,55.728677,53.669686,29.31904,10.946107,55.036585,25.543236,43.346597,20.57507,40.572836,24.614543,44.442293,29.773809,52.555302,26.102916,48.340099,13.699708,46.240303,29.618198,33.636742,10.864529,19.848326,44.02197,27.783977,41.698169,31.729418,15.739924,42.584704,27.726342,9.352068,41.352703,42.951272,17.41514,31.448848,23.183558,47.895412,47.250286,16.852331,32.956967,15.21525,31.391057,48.500594,54.618313,42.420785,12.037745,32.464088,43.767836,48.590864,48.111613,40.043182,18.00142,39.751118,35.443464,50.131736,45.564137,26.890802,23.001653,11.842404,17.52225,9.596914,26.863168,22.268196,51.62883,15.491465,22.016318,31.117026,33.246241,52.24089,28.458079,46.615431,44.625583,16.499102,10.149294,28.7005,18.545733,23.647734,28.911438,18.779343,13.079752,13.328461,23.227725,65.891876,45.69546,28.001822,51.61779,40.76991,22.120085,50.344934,56.684764,30.688878,22.657946,34.830413,58.939863,22.470526,15.357019,24.615467,52.878358,67.505033,13.851783,52.339725,50.464157,62.896242,26.176866,23.02093,53.725723,12.582568,65.421681,46.141373,59.557182,36.637787,48.876503,39.96802,11.420809,26.757614,36.027206,12.26957,40.046584,33.716072,56.520992,42.459617,39.001729,19.115331,16.463218,24.486685,38.528896,13.368777,13.185355,13.523397,22.070348,56.962501,47.797012,23.828939,24.296435,17.686255,15.977431,41.484332,55.029114,28.392623,10.5334,39.96643,16.910351,45.095905,21.688205,34.094439,41.858893,53.745695,47.916401,43.846043,10.372124,46.391309,46.926683,24.413291,12.683657,46.902756,33.769183,11.510961,17.876204,51.531586,51.513646,34.629829,10.220361,32.827327,45.647641,43.91456,50.86372,32.318558,21.883422,33.087843,43.631495,45.365095,46.707183,43.464166,17.093746,51.229987,27.109846,43.126962,12.790242,52.282449,49.483582,51.039459,39.166382,21.725273,40.287341,29.441808,45.637588,26.698597,25.421182,29.350191,18.89342,52.083487,24.12909,52.222001,24.246052,28.447062,44.36557,20.48449,47.932735,49.126525,43.121343,30.307725,48.371046,23.940888,44.344692,33.495695,20.286891,47.998341,39.671694,35.415165,22.560375,50.544611,28.840705,47.648831,25.156033,12.617032,37.795661,39.421328,25.801539,30.009903,50.13947,43.675149,16.201041,43.956371,48.268777,40.61055,54.770902,46.39833,28.829547,11.463431,22.966637,13.240627,43.63165,49.199288,47.840586,11.346238,55.452859,17.779153,10.740093,53.91041,23.809867,20.933822,27.324409,28.428839,15.57607,46.857707,35.758676,48.519026,33.307652,53.237141,43.524411,37.815888,20.065027,45.674236,43.867509,43.60149,12.200147
26,4,12,21.269681,28.734622,10.124265,33.313423,20.502897,23.328234,7.449131,24.106883,31.752014,9.005344,8.283956,10.139087,27.952987,14.615917,13.832541,33.842437,24.175289,10.485139,21.205792,35.720178,32.138141,16.433166,32.300968,24.344409,26.981244,17.094184,11.780965,22.55873,7.220744,11.650835,32.700356,36.004674,36.129954,7.674543,29.337924,34.368242,14.328429,28.518274,26.259928,7.216171,32.71809,22.017515,28.321409,9.359971,6.972545,17.063692,18.653277,23.979073,32.315636,27.923925,21.782329,15.037118,13.02532,27.549422,15.27498,31.297822,32.29972,15.583935,9.572309,22.548653,14.053263,21.099861,11.53695,17.88342,14.597335,15.603654,12.461217,16.102596,10.941102,24.72761,25.660764,22.798447,17.702413,28.398028,6.160384,10.990126,9.117343,10.521964,22.003145,28.341977,27.42869,30.46297,28.452515,7.449259,5.714462,24.813717,26.871887,14.121345,18.036482,19.309518,24.64424,28.280475,23.864517,6.326249,14.157539,28.571439,6.999202,24.361346,17.868701,29.234912,21.506202,26.060024,20.292099,25.969687,8.764344,12.169972,30.050432,28.940168,16.648418,6.215598,31.251777,14.504379,24.613775,11.683273,23.038733,13.977034,25.235952,16.906653,29.842814,14.822186,27.449268,7.779193,26.256927,16.818291,19.100167,6.169275,11.270602,24.997277,15.776753,23.677738,18.017119,8.937702,24.181145,15.744026,5.310445,23.48157,24.389296,9.88895,17.857801,13.164468,27.196758,26.830432,9.569367,18.714165,8.904902,18.37198,28.385536,31.966001,24.827256,7.04523,18.999984,25.615634,28.438367,28.157879,23.435737,10.53554,23.264803,20.743699,29.34018,26.66694,15.738154,13.461984,6.930904,10.2551,5.616705,15.721981,13.03272,30.216372,9.06656,12.885305,18.2116,19.457748,30.574587,16.655421,27.282222,26.117641,9.656291,5.939992,16.797301,10.854105,10.566934,12.919007,8.391505,5.844656,5.955791,10.379254,29.443628,20.418907,12.512547,23.065286,18.217937,9.884307,22.496514,25.329452,13.713252,10.124649,15.563887,26.337137,10.040901,6.862248,10.999363,23.628568,30.164463,6.189636,23.387881,22.549788,28.105036,11.69707,10.286848,24.007211,5.62249,29.233522,20.618162,26.612985,16.371508,21.840349,23.02664,6.579832,15.415774,20.756233,7.068826,23.071903,19.424727,32.563248,24.462116,22.469935,11.012851,9.484898,14.107431,22.197523,7.702108,7.596434,7.791189,12.715315,32.817613,27.537131,13.728486,13.997823,10.189522,9.205023,23.900229,31.703738,16.357746,6.068572,23.025724,9.742503,25.980951,12.495152,19.642714,24.116023,30.964325,27.605914,28.895546,6.835467,30.572934,30.925757,16.088918,8.35882,30.90999,22.254664,7.585987,11.780828,33.960495,33.948672,22.82185,6.735452,21.63396,30.08284,28.9407,33.520356,21.298669,14.421676,21.805646,28.754154,29.896636,30.781103,28.64388,11.26517,33.761734,17.866009,28.421655,8.429062,34.455331,32.610813,33.636171,25.811542,14.317453,26.550279,24.493047,37.96654,22.210932,21.148233,24.416829,15.717697,43.328973,20.073324,43.444204,20.170626,23.665504,36.908331,17.04133,39.875905,40.869035,35.873241,25.213415,40.240541,19.916756,36.890962,27.865532,16.876945,39.930483,33.00343,29.462365,18.768288,42.048761,23.992981,39.639721,20.927651,10.496283,31.442732,32.795148,21.464656,24.965653,41.711718,32.985349,12.235722,33.19774,36.454654,30.670832,41.365338,35.042013,21.773312,8.657676,17.345391,9.999891,32.952497,37.157416,36.131266,8.569166,41.880382,13.427581,8.11138,40.715459,17.982234,15.810122,20.636567,21.470681,11.763718,35.388954,27.006489,36.643653,25.15537,40.206976,32.871505,28.560183,15.153971,34.495146,33.130628,32.929718,9.214076
27,5,6,36.683999,49.558844,17.461404,57.455941,35.361519,40.234402,12.847579,41.577345,54.762967,15.531592,14.287408,17.486968,48.210753,25.208195,23.8571,58.368336,41.695324,18.083807,36.573808,61.606892,55.428923,28.342419,55.709752,41.987008,46.534778,29.482484,20.31873,38.907233,12.453679,20.094293,56.398579,62.097565,62.313636,13.236349,50.599365,59.275197,26.093685,51.934995,47.822292,13.141461,59.583333,40.09638,51.576482,17.045563,12.697792,31.074909,33.969722,43.668598,58.85042,50.852618,39.66808,27.384288,23.720578,50.170608,27.817462,56.996866,58.821436,28.380104,17.432256,41.063641,25.592578,38.425229,21.010087,32.567725,26.583393,28.416016,22.693283,29.324644,19.924981,45.031769,46.731148,41.518545,30.373734,48.725231,10.569964,18.856816,15.643503,18.053547,37.752914,48.629058,47.062043,52.268251,48.818719,12.781411,9.804853,42.575283,46.106683,24.229351,30.946928,33.1312,42.284495,48.523534,40.946649,10.854555,24.291452,49.022768,12.009205,41.799107,30.65905,50.161152,36.900262,44.713692,34.817108,44.558692,15.037829,20.881192,51.56042,49.655433,31.936493,11.923318,59.949968,27.823605,47.216357,22.411906,44.194969,26.812003,48.409872,32.431861,57.247168,28.43325,52.655654,14.922747,50.368399,32.262357,36.639657,11.834458,21.620282,47.952024,30.264387,45.420766,34.562057,17.145103,46.386446,30.201607,10.186972,45.044459,46.78574,18.969874,34.256439,25.253267,52.171267,51.468548,18.35682,35.899194,16.573561,34.19343,52.830387,59.494252,46.207814,13.11239,35.362253,47.675121,52.928715,52.406679,43.617956,19.608461,43.299819,38.607608,54.607145,49.631783,29.291424,25.055079,12.89961,19.086514,10.453659,29.261323,24.256144,56.23789,16.874434,23.98178,33.894935,36.214232,56.90459,30.998616,50.776929,48.609442,17.972026,11.055352,31.262679,20.201366,23.237644,28.410066,18.453679,12.852928,13.097324,22.824919,64.749203,44.903026,27.516224,50.722653,40.062893,21.736486,49.471871,55.701758,30.156683,22.26502,34.226397,57.917749,22.08085,15.090704,24.188595,51.961361,66.334385,13.61157,51.432068,49.589026,61.805518,25.722917,22.621709,52.794031,12.364366,64.287162,45.341206,58.524363,36.002428,48.028905,40.317506,11.520674,26.991586,36.342233,12.376857,40.396757,34.010891,57.015219,42.83089,39.342766,19.282478,16.607175,24.700801,38.865798,13.485675,13.30065,13.641647,22.263335,57.460589,48.214956,24.037303,24.508886,17.840906,16.11714,41.847077,55.510297,28.640892,10.625505,40.315902,17.058218,45.49023,21.87785,34.392566,42.224913,54.215655,48.335389,53.361977,12.623193,56.459643,57.11121,29.711723,15.436399,57.082091,41.098129,14.009192,21.755888,62.715519,62.693684,42.145562,12.438493,39.951862,55.554577,53.445365,61.902705,39.332675,26.632795,40.268918,53.100866,55.210709,56.844073,52.897221,20.803613,62.348463,32.993513,52.486833,15.566116,63.629342,60.223034,62.116584,47.666687,26.440323,49.030927,32.136501,49.814618,29.142215,27.747884,32.036499,20.622661,56.850485,26.337531,57.001676,26.465199,31.05071,48.426176,22.359355,52.319831,53.622884,47.068071,33.081672,52.798258,26.132104,48.403388,36.561425,22.143671,52.391441,43.302688,38.656576,24.625238,55.170762,31.480382,52.009942,27.458466,13.77182,41.254949,43.029408,28.163052,32.756592,54.728539,48.014766,17.810796,48.323931,53.064822,44.645664,60.213006,51.008525,31.694086,12.602452,25.24863,14.556232,47.966945,54.08779,52.594086,12.473614,60.962723,19.545712,11.807242,59.267015,26.175645,23.013832,30.039396,31.253563,17.123728,51.513547,39.311703,53.339936,36.617141,58.526849,47.84905,41.573321,22.058713,50.212485,48.226239,47.933787,13.412369
28,5,7,25.909452,35.002795,12.332773,40.580417,24.975401,28.417058,9.074085,29.365562,38.678402,10.96977,10.091019,12.350828,34.050655,17.804234,16.849973,41.22483,29.448889,12.772368,25.831625,43.512182,39.148759,20.017898,39.347105,29.654901,32.866935,20.823112,14.350866,27.479695,8.795878,14.192349,39.833615,43.858738,44.011346,9.348668,35.737702,41.865335,19.426764,38.665634,35.603724,9.783826,44.359826,29.851778,38.39872,12.690432,9.453513,23.135287,25.290478,32.511296,43.814172,37.859804,29.532908,20.387618,17.659984,37.352047,20.710117,42.434199,43.792593,21.129003,12.978325,30.571904,19.053689,28.607605,15.642022,24.24669,19.791352,21.15574,16.895162,21.832214,14.83416,33.526178,34.791366,30.91058,24.592596,39.451189,8.558146,15.267733,12.666021,14.617353,30.567272,39.373321,38.104562,42.319854,39.526884,10.348681,7.938662,34.471782,37.331038,19.617695,25.056692,26.825224,34.236341,39.287882,33.153132,8.78857,19.667976,39.692096,9.723451,33.843338,24.823607,40.613806,29.876907,36.20318,28.190248,36.077682,12.175627,16.906803,41.746747,40.204343,23.776687,8.876899,44.63269,20.714645,35.15253,16.685641,32.90311,19.961509,36.041101,24.145488,42.620459,21.168526,39.202081,11.10997,37.499222,24.019292,27.278188,8.810742,16.096278,35.700233,22.531805,33.815714,25.731416,12.764512,34.534662,22.485066,7.58419,33.535554,34.831936,14.123052,25.503884,18.801031,38.841456,38.318281,13.666634,26.726914,12.339016,25.457008,39.332222,44.293469,34.401717,9.762174,26.327197,35.494127,39.405427,39.016772,32.473567,14.598498,32.236714,28.743363,40.655018,36.950861,21.807464,18.653506,9.603759,14.209909,7.782749,21.785054,18.058698,41.869108,12.563016,17.854434,25.234779,26.961495,42.365466,23.078469,37.803423,36.189728,13.380173,8.230709,23.275064,15.039916,16.347896,19.986742,12.982332,9.042153,9.214088,16.05754,45.551659,31.589691,19.357917,35.683852,28.184613,15.291818,34.803915,39.186698,21.215504,15.663646,24.078584,40.745669,15.534081,10.616449,17.016898,36.555294,46.666849,9.575865,36.182933,34.886335,43.48075,18.096308,15.91458,37.141086,8.698445,45.226609,31.897955,41.172427,25.328039,33.788776,35.898278,10.257886,24.033021,32.358738,11.020222,35.968842,30.282935,50.765744,38.136168,35.03038,17.168913,14.786852,21.99333,34.605693,12.007502,11.842757,12.146378,19.823036,51.162297,42.930084,21.402558,21.822451,15.885353,14.350529,37.260193,49.425777,25.501546,9.460837,35.89685,15.188455,40.504016,19.479805,30.622774,37.596613,48.273042,43.037316,39.745959,9.402217,42.053214,42.538525,22.130382,11.497597,42.516836,30.611395,10.43456,16.204584,46.71282,46.696557,31.391561,9.264646,29.757613,41.379087,39.808069,46.107406,29.29642,19.837083,29.993768,39.551474,41.122963,42.339552,39.399792,15.495294,46.439423,24.574779,39.094119,11.594214,47.393469,44.856326,46.266711,35.503898,19.693723,36.520034,26.831924,41.592022,24.331887,23.167709,26.748429,17.218603,47.466521,21.990155,47.592756,22.096749,25.925358,40.432762,18.668632,43.683715,44.771681,39.298831,27.621082,44.083171,21.818637,40.413735,30.526453,18.48855,43.743505,36.154977,32.27577,20.560499,46.064059,26.284107,43.424977,22.926064,11.498589,34.445246,35.926805,23.514349,27.349661,45.694832,41.252877,15.302513,41.518502,45.591737,38.358244,51.733247,43.825027,27.230628,10.827657,21.692882,12.506288,41.211791,46.470641,45.187294,10.716963,52.377382,16.793102,10.144436,50.92048,22.489345,19.772809,25.808967,26.852144,14.712204,44.258927,33.775461,45.828107,31.460373,50.28455,41.110499,35.718577,18.952199,43.141093,41.434568,41.183303,11.523514
29,5,8,47.547249,64.234729,22.632258,74.470397,45.833143,52.149035,16.652138,53.889664,70.979951,20.13097,18.518345,22.665392,62.487426,32.67311,30.921914,75.65298,54.042581,23.438974,47.404427,79.850571,71.843117,36.735474,72.207108,54.420641,60.315145,38.213146,26.335726,50.42885,16.141593,26.044826,73.099917,80.486547,80.766603,17.156035,65.583379,76.82839,36.06776,71.786676,66.101929,18.164666,82.358521,55.422857,71.291124,23.561075,17.551407,42.95301,46.95434,60.360523,81.345458,70.29057,54.830843,37.851684,32.787553,69.347867,38.450434,78.7834,81.305395,39.22814,24.095577,56.759845,35.375108,53.112923,29.041002,45.016442,36.744654,39.277779,31.367584,40.533722,27.541124,62.244754,64.593704,57.388631,40.416365,64.835518,14.064768,25.091547,20.8158,24.022689,50.235364,64.707546,62.622421,69.549985,64.959916,17.007398,13.046685,56.652178,61.351184,32.240432,41.179078,44.085547,56.265246,64.567132,54.485061,14.443455,32.323066,65.231431,15.979873,55.619372,40.796017,66.746205,49.100794,59.497621,46.328877,59.291373,20.009868,27.785254,68.60812,66.073277,44.143943,16.480905,82.865328,38.458938,65.264404,30.978664,61.088116,37.06066,66.914129,44.828662,79.129407,39.301615,72.782825,20.626839,69.621286,44.594366,50.644851,16.358078,29.884449,66.281273,41.832688,62.782463,47.773106,23.698671,64.117267,41.745912,14.080855,62.262316,64.669187,26.220945,47.350668,34.906111,72.113286,71.141958,25.373556,49.621353,22.9087,47.263653,73.024469,82.235555,63.87046,18.124518,48.879252,65.898636,73.160383,72.438802,60.290645,27.103671,59.850902,53.365123,75.480383,68.603219,40.487886,34.632225,17.830405,26.382213,14.449505,40.44628,33.527902,77.734468,23.32458,33.148664,46.851061,50.056894,78.656011,42.847642,70.18609,67.190095,24.84172,15.28119,43.212641,27.92321,29.854017,36.499165,23.70793,16.512497,16.826479,29.323778,83.185017,57.688107,35.350823,65.164737,51.469861,27.92544,63.557823,71.561524,38.74309,28.604461,43.971559,74.408468,28.367854,19.387427,31.075729,66.756137,85.221543,17.487145,66.076142,63.708336,79.403188,33.046913,29.06271,67.825891,15.884828,82.591422,58.251049,75.187801,46.253273,61.704007,55.654309,15.903146,37.259202,50.166841,17.085021,55.763708,46.948654,78.703843,59.123786,54.308778,26.617545,22.924554,34.097,53.650371,18.615634,18.360225,18.830938,30.732321,79.318632,66.555954,33.181107,33.832081,24.627597,22.248109,57.765731,76.626447,39.535905,14.667454,55.652096,23.547174,62.79474,30.200197,47.475518,58.287296,74.839323,66.7222,69.437681,16.426026,73.468543,74.316399,38.662607,20.086733,74.278507,53.479256,18.229569,28.310016,81.609049,81.580637,54.842235,16.185684,51.987667,72.290818,69.54619,80.551368,51.181944,34.656128,52.400238,69.097908,71.843358,73.968785,68.832914,27.07086,81.131415,42.933061,68.298893,20.255527,82.798168,78.365684,80.82968,62.026641,34.405673,63.801869,43.534437,67.482497,39.47816,37.589297,43.398967,27.936953,77.013793,35.678732,77.218608,35.851679,42.063545,65.601614,30.289605,70.876241,72.641451,63.761825,44.814835,71.524352,35.400445,65.570743,49.52876,29.997423,70.973249,58.660965,52.367004,33.359134,74.738318,42.64561,70.456442,37.197231,18.656306,55.886949,58.290759,38.151715,44.374457,74.139251,64.63593,23.97632,65.052117,71.434153,60.100554,81.056808,68.666032,42.665557,16.965014,33.988892,19.595131,64.571554,72.811239,70.800462,16.791577,82.066052,26.311807,15.894528,79.783345,35.236809,30.980479,40.438066,42.072539,23.05141,69.345875,52.920146,71.804502,49.292815,78.786956,64.412848,55.964664,29.694728,67.594429,64.920608,64.526919,18.055299
30,5,9,38.513497,52.030435,18.332237,60.321374,37.125063,42.240965,13.488311,43.650883,57.494096,16.306181,14.999947,18.359075,50.615111,26.465373,25.046897,61.279272,43.774747,18.98568,38.39781,64.679341,58.193265,29.755908,58.488099,44.080977,48.855553,30.952829,21.332063,40.847608,13.074766,21.096433,59.211279,65.194484,65.421331,13.89647,53.122848,62.23136,25.061211,49.880033,45.930061,12.62148,57.225742,38.509848,49.535706,16.371105,12.195366,29.845338,32.625609,41.94072,56.521828,48.840483,38.098494,26.300748,22.782003,48.185459,26.716782,54.741615,56.493991,27.25716,16.742497,39.438836,24.579932,36.90482,20.178761,31.279086,25.531542,27.291651,21.795356,28.164327,19.13659,43.249953,44.882091,39.87574,29.377437,47.126982,10.223256,18.238289,15.130377,17.461368,36.514571,47.033964,45.51835,50.553787,47.217404,12.362165,9.483242,41.17876,44.594326,23.434598,29.93183,32.044455,40.897511,46.931901,39.603548,10.498512,23.494662,47.41476,11.615288,40.428045,29.653395,48.515803,35.689887,43.247027,33.675064,43.097111,14.54457,20.196263,49.869173,48.026673,30.403927,11.351143,57.073095,26.488408,44.950543,21.336405,42.074145,25.525351,46.086784,30.875524,54.499996,27.068798,50.128819,14.206636,47.951325,30.714155,34.881397,11.266547,20.58277,45.650907,28.812062,43.241118,32.903496,16.322345,44.160458,28.752295,9.698121,42.882869,44.54059,18.059549,32.612544,24.041415,49.667677,48.99868,17.475914,34.176467,15.771971,32.539645,50.275215,56.616778,43.972947,12.478202,33.651938,45.369287,50.368788,49.872001,41.508349,18.660086,41.205598,36.740329,51.96604,47.231313,27.874727,23.843276,12.275713,18.163383,9.948062,27.846083,23.082981,53.517912,16.058292,22.821887,32.255587,34.46271,54.152367,29.49935,48.321074,46.258419,17.102799,10.520653,29.750642,19.224315,17.737054,21.685111,14.085503,9.810507,9.997052,17.422025,49.4224,34.274017,21.002851,38.716079,30.579594,16.591236,37.761369,42.516578,23.018286,16.99466,26.124656,44.208021,16.854086,11.518579,18.462905,39.661571,50.632353,10.389572,39.257568,37.850793,47.175515,19.634037,17.266918,40.29714,9.437593,49.069729,34.608475,44.671043,27.480282,36.659968,30.466064,8.705638,20.396286,27.462135,9.352615,30.52595,25.700448,43.083749,32.365312,29.729498,14.570872,12.549269,18.665246,29.369076,10.190497,10.050683,10.308358,16.823366,43.420295,36.433799,18.163871,18.520225,13.481543,12.178973,31.62189,41.946549,21.64259,8.0292,30.464852,12.890101,34.374851,16.532074,25.988862,31.907403,40.968248,36.524805,46.526432,11.006191,49.227293,49.795396,25.90572,13.459032,49.770007,35.833554,12.214647,18.969009,54.681807,54.662769,36.746813,10.845151,34.834121,48.438164,46.599137,53.973112,34.29425,23.221196,35.110563,46.298768,48.138346,49.562479,46.12121,18.138718,54.36177,28.76712,45.763391,13.572132,55.47857,52.508603,54.159594,41.560695,23.053379,42.750179,30.007604,46.514625,27.211676,25.909713,29.914226,19.256503,53.084399,24.59279,53.225574,24.711999,28.993742,45.218162,20.878149,48.85388,50.070612,43.950025,30.890162,49.300613,24.400971,45.196883,34.139397,20.676753,48.920747,40.434082,36.095753,22.993928,51.515949,29.39495,48.564519,25.639467,12.859499,38.521997,40.178905,26.297378,30.586617,51.103022,42.902545,15.914448,43.178792,47.414912,39.892157,53.802015,45.577553,28.319558,11.260645,22.560361,13.006403,42.859815,48.328962,46.994295,11.145525,54.471909,17.464644,10.550103,52.956746,23.388675,20.563507,26.841045,27.925938,15.300533,46.028803,35.126112,47.660734,32.718446,52.295386,42.754472,37.146932,19.710081,44.866268,43.091502,42.830188,11.984329
31,5,10,54.032791,72.996477,25.719345,84.628311,52.084877,59.26227,18.923524,61.240324,80.661761,22.876875,21.044285,25.756998,71.010839,37.129788,35.139726,85.972201,61.414099,26.636098,53.870488,90.742352,81.642665,41.746267,82.056304,61.843727,68.542253,43.425497,29.927972,57.307449,18.343339,29.597394,83.070895,91.465076,91.783332,19.496153,74.529086,87.30794,39.202364,78.025567,71.846765,19.743334,89.516198,60.239589,77.486947,25.608739,19.076778,46.686003,51.035083,65.606381,88.415091,76.399436,59.596124,41.141327,35.637079,75.374804,41.792114,85.630368,88.371546,42.637409,26.189694,61.692772,38.449515,57.728901,31.56492,48.928766,39.938086,42.691363,34.093702,44.056458,29.934689,67.654368,70.207463,62.376206,47.65755,76.451752,16.584678,29.587066,24.545256,28.326706,59.235767,76.300853,73.842147,82.010886,76.598438,20.054523,15.38419,66.802248,72.343149,38.016779,48.556915,51.98412,66.345991,76.135281,64.24686,17.031212,38.114218,76.9186,18.842902,65.584398,48.105223,78.704767,57.897923,70.157493,54.629375,69.914293,23.59493,32.76339,80.900271,77.911274,47.980392,17.913222,90.066965,41.801317,70.936384,33.670949,66.397146,40.281518,72.729484,48.724619,86.006363,42.717229,79.108214,22.419471,75.671914,48.469961,55.04628,17.779721,32.481638,72.041627,45.468272,68.238744,51.924958,25.758269,69.689552,45.373954,15.30459,67.673392,70.289439,28.499747,51.465807,37.939721,78.380487,77.324743,27.578714,53.933832,24.899633,51.371209,79.370828,89.382424,69.421269,19.699671,53.127215,71.625708,79.518553,78.734262,65.530341,29.459178,65.052382,58.002941,82.040179,74.565339,44.006578,37.642018,19.379997,28.67502,15.705272,43.961356,36.441721,84.490161,25.351656,36.029525,50.92276,54.407203,85.491792,46.571414,76.285774,73.029404,27.000647,16.609237,46.968135,30.349941,32.463833,39.689895,25.78046,17.956007,18.297438,31.887241,90.456991,62.73116,38.441166,70.861391,55.969319,30.366662,69.114002,77.817381,42.129983,31.105043,47.815521,80.913202,30.847751,21.082262,33.792346,72.59191,92.671548,19.015859,71.85247,69.277673,86.344557,35.93585,31.60335,73.755181,17.273468,89.811504,63.343314,81.760663,50.296701,67.098126,51.290673,14.656242,34.337854,46.233456,15.745452,51.391494,43.267594,72.532983,54.488122,50.05064,24.530567,21.127129,31.423588,49.443856,17.156055,16.920672,17.354478,28.32272,73.099569,61.337563,30.579506,31.17944,22.696644,20.503722,53.236546,70.618468,36.43605,13.517436,51.288633,21.700932,57.871251,27.832318,43.753149,53.717217,68.971465,61.490774,74.891618,17.716198,79.239081,80.153532,41.699336,21.664432,80.112664,57.679749,19.661398,30.533608,88.018978,87.988335,59.149782,17.456978,56.071004,77.968853,75.00865,86.878223,55.201997,37.378171,56.51598,74.525158,77.486248,79.778615,74.23935,29.197123,87.503829,46.30521,73.663385,21.846484,89.301496,84.520865,87.178394,66.898483,37.108044,68.813145,47.239487,73.225674,42.837995,40.788379,47.092487,30.31456,83.568143,38.715212,83.790388,38.902878,45.643413,71.184716,32.867437,76.908247,78.823687,69.188351,48.628854,77.611517,38.413242,71.151218,53.743964,32.55039,77.013511,63.653375,56.823759,36.198203,81.099011,46.275015,76.45272,40.362945,20.244073,60.643274,63.251663,41.398662,48.150998,80.448959,66.606609,24.707331,67.035485,73.612101,61.932954,83.528141,70.759584,43.966383,17.482259,35.025175,20.192565,66.54027,75.031173,72.959091,17.303534,84.568157,27.114025,16.379135,82.215851,36.31114,31.925039,41.670978,43.355285,23.754223,71.460155,54.533624,73.993743,50.795699,81.189084,66.376725,57.670965,30.600088,69.655309,66.899966,66.494273,18.605785
32,5,11,35.882001,48.475373,17.079657,56.199821,34.588434,39.354784,12.566701,40.668368,53.565721,15.192035,13.975052,17.104662,47.156753,24.657085,23.335528,57.092269,40.783768,17.688453,35.774219,60.260022,54.217118,27.722788,54.491807,41.069074,45.51742,28.837928,19.874516,38.05663,12.181412,19.654985,55.165575,60.739968,60.951315,12.946971,49.493145,57.979304,24.271436,48.308121,44.482628,12.223729,55.422338,37.296254,47.974645,15.855188,11.811043,28.904796,31.59745,40.619006,54.740607,47.301331,36.897864,25.47191,22.064054,46.666949,25.874833,53.016496,54.713648,26.398182,16.214876,38.195966,23.805323,35.741807,19.54285,30.293362,24.726945,26.431586,21.1085,27.276761,18.533522,41.886981,43.467684,38.619102,31.840203,51.077726,11.08029,19.767239,16.398785,18.925187,39.575656,50.976909,49.334238,54.791805,51.175727,13.398508,10.27824,44.630853,48.332752,25.399164,32.441072,34.730801,44.326026,50.866291,42.923587,11.378622,25.464264,51.389629,12.589019,43.817203,32.139295,52.582974,38.681837,46.872505,36.498107,46.710022,15.763868,21.889354,54.0498,52.052839,29.712209,11.092894,55.774627,25.885771,43.927875,20.850981,41.116918,24.944624,45.038265,30.173076,53.260069,26.452956,48.988341,13.883421,46.860386,30.015378,34.087811,11.010222,20.114492,44.612304,28.15656,42.257341,32.15491,15.950996,43.155765,28.098153,9.477479,41.907243,43.527248,17.648677,31.870577,23.49445,48.53769,47.883912,17.07832,33.39892,15.239066,31.440193,48.576512,54.703807,42.487186,12.056587,32.514904,43.836346,48.666923,48.186922,40.105861,18.029598,39.813341,35.498944,50.210207,45.635458,26.932894,23.037657,11.86094,17.549678,9.611936,26.905217,22.303052,51.709644,15.515714,22.05078,31.165733,33.298281,52.322663,28.502624,46.688399,44.695436,16.524928,10.165181,28.745425,18.574763,21.865273,26.732222,17.36384,12.093859,12.323821,21.476923,60.92524,42.25114,25.891169,47.727071,37.696856,20.452771,46.550157,52.412119,28.375688,20.950091,32.205052,54.497239,20.776798,14.199476,22.760063,48.892623,62.416804,12.807697,48.39459,46.660394,58.155404,24.203771,21.285715,49.676117,11.63415,60.490487,42.663442,55.068027,33.876194,45.19241,41.051656,11.730457,27.483082,37.003997,12.60223,41.13235,34.630202,58.053422,43.610807,40.059167,19.633597,16.909578,25.150583,39.573514,13.731239,13.542845,13.890051,22.668733,58.506902,49.092912,24.475003,24.955174,18.165775,16.41062,42.60908,56.521096,29.162421,10.818987,41.050023,17.368834,46.318571,22.276229,35.018827,42.993796,55.202879,49.215538,50.510061,11.94855,53.442172,54.058917,28.123788,14.611405,54.031353,38.901651,13.260475,20.593151,59.363705,59.343038,39.893104,11.773721,37.816646,52.585477,50.588992,58.594331,37.230551,25.209412,38.116757,50.262905,52.259988,53.806057,50.070143,19.691769,59.016266,31.230184,49.681689,14.734189,60.228689,57.00443,58.79678,45.119153,25.027227,46.410483,37.529105,58.173663,34.032368,32.404064,37.412322,24.083206,66.390171,30.75705,66.566732,30.90614,36.261114,56.552237,26.111323,61.099259,62.620968,54.966238,38.632878,61.657967,30.517151,56.525625,42.696544,25.859446,61.182886,50.569012,45.143268,28.757428,64.428584,36.762886,60.737369,32.066081,16.082773,48.177656,50.249874,32.888899,38.253249,63.912155,50.787215,18.83922,51.114231,56.128869,47.223575,63.6898,53.953838,33.524153,13.330137,26.706526,15.396732,50.736632,57.210904,55.630951,13.19386,64.482807,20.674312,12.489011,62.689186,27.687067,24.342687,31.773918,33.058193,18.112479,54.488019,41.581622,56.419868,38.731473,61.906281,50.611928,43.97383,23.332418,53.111833,51.010897,50.701559,14.18682
33,6,7,43.009256,58.104054,20.472196,67.362812,41.458747,47.17184,15.062829,48.74634,64.2055,18.209635,16.750922,20.502168,56.523517,29.554731,27.970672,68.432527,48.884662,21.201917,42.880065,72.229492,64.986284,33.229376,65.315535,49.226639,54.558562,34.566016,23.822198,45.615833,14.601011,23.559062,66.123133,72.80477,73.058097,15.518633,59.323986,69.495754,35.317221,70.292857,64.726404,17.786675,80.644712,54.269555,69.807617,23.070789,17.186178,42.059195,45.97726,59.104472,79.65273,68.827884,53.689861,37.064023,32.105273,67.904798,37.650314,77.143985,79.6135,38.411836,23.594169,55.578721,34.638983,52.007689,28.436684,44.079689,35.980029,38.460443,30.714852,39.69025,26.968017,60.949494,63.249565,56.194423,40.317485,64.676895,14.030358,25.03016,20.764873,23.963917,50.112461,64.549237,62.469213,69.379829,64.800989,16.965789,13.014766,56.513577,61.201086,32.161555,41.078332,43.97769,56.127591,64.409167,54.351762,14.408119,32.243987,65.07184,15.940778,55.483297,40.696209,66.582908,48.980668,59.352058,46.215532,59.146315,19.960913,27.717276,68.440267,65.911626,43.225311,16.137938,81.140907,37.658611,63.906256,30.334,59.816877,36.289431,65.521651,43.895781,77.48273,38.483752,71.268219,20.197596,68.172473,43.666361,49.590936,16.017667,29.262556,64.901964,40.962153,61.475965,46.778951,23.205504,62.782991,40.877183,13.787833,60.966642,63.323426,25.675289,46.365304,34.179717,70.612614,69.661499,24.845534,48.588736,22.431955,46.280065,71.504783,80.52418,62.541274,17.747335,47.862043,64.527243,71.637868,70.931304,59.035957,26.539626,58.605366,52.25456,73.909586,67.175542,39.645306,33.911506,17.459343,25.833182,14.148801,39.604566,32.830164,76.116764,22.839181,32.458819,45.87606,49.015178,77.019128,41.955955,68.725472,65.791825,24.324748,14.963179,42.313358,27.34211,29.411919,35.958661,23.356848,16.267969,16.577302,28.889532,81.953159,56.833824,34.827325,64.199735,50.707661,27.511902,62.616617,70.501794,38.169357,28.180868,43.320399,73.306578,27.947764,19.100325,30.615539,65.767568,83.959526,17.228184,65.097643,62.764901,78.227333,32.557532,28.63233,66.82148,15.649595,81.368354,57.388429,74.07437,45.568324,60.790253,56.885818,16.255048,38.083667,51.276924,17.463075,56.997637,47.987525,80.445387,60.432066,55.510513,27.206533,23.431824,34.851492,54.837536,19.027557,18.766497,19.247626,31.41236,81.07378,68.028692,33.915332,34.580711,25.172552,22.740411,59.04396,78.322023,40.410748,14.992013,56.883555,24.068221,64.184251,30.868462,48.526048,59.577066,76.495354,68.198616,68.501777,16.204631,72.478308,73.314737,38.141499,19.815997,73.277356,52.758444,17.983864,27.928444,80.509094,80.481065,54.103052,15.967528,51.286959,71.316458,68.608823,79.465669,50.492097,34.189021,51.693969,68.166582,70.875029,72.971808,67.90516,26.70599,80.037898,42.354395,67.378338,19.982516,81.682186,77.309444,79.74023,61.190625,33.941941,62.941925,43.297877,67.115806,39.263641,37.385042,43.163143,27.785147,76.595311,35.484858,76.799013,35.656866,41.834978,65.245144,30.125015,70.491109,72.246727,63.415353,44.571317,71.135699,35.208084,65.21444,49.259628,29.834422,70.587591,58.342209,52.082449,33.177865,74.332201,42.41388,70.073592,36.995106,18.554931,55.583267,57.974015,37.944404,44.133333,73.736389,68.555261,25.430173,68.996685,75.765708,63.744873,85.971852,72.829737,45.25267,17.993722,36.049877,20.783321,68.486982,77.226297,75.093592,17.809769,87.042295,27.907277,16.858325,84.621171,37.373464,32.859043,42.89011,44.623693,24.44918,73.550804,56.129067,76.158514,52.281785,83.564364,68.318652,59.358195,31.495329,71.693154,68.857201,68.43964,19.150119
34,6,8,26.388313,35.64972,12.560708,41.330427,25.436999,28.942264,9.241793,29.908298,39.39326,11.172514,10.277522,12.579097,34.679982,18.133294,17.161395,41.986751,29.993166,13.008428,26.309048,44.316377,39.87231,20.387871,40.074321,30.202986,33.474384,21.207966,14.6161,27.987577,8.958444,14.454654,40.569823,44.669339,44.824767,9.521451,36.398209,42.639093,21.77794,43.345247,39.912761,10.967939,49.728594,33.46467,43.04603,14.226326,10.59765,25.935298,28.351326,36.446064,49.1169,42.441889,33.107209,22.855085,19.797331,41.872679,23.216614,47.569913,49.09271,23.686198,14.549061,34.271952,21.359713,32.069917,17.53514,27.181211,22.186653,23.716171,18.939945,24.474517,16.629504,37.583775,39.002085,34.651617,21.442932,34.398532,7.462073,13.312339,11.043838,12.745255,26.652409,34.330636,33.224371,36.899796,34.464531,9.023287,6.921928,30.056855,32.549915,17.105185,21.84759,23.389619,29.851567,34.256139,28.907089,7.662986,17.149026,34.608583,8.478133,29.508899,21.644357,35.412248,26.050462,31.566506,24.57982,31.457081,10.61625,14.741487,36.400088,35.055225,26.654485,9.951309,50.034783,23.221831,39.407197,18.705178,36.885519,22.377539,40.403315,27.067924,47.779003,23.730646,43.946883,12.454659,42.037919,26.926454,30.579788,9.877145,18.044482,40.021191,25.25893,37.908581,28.845804,14.309457,38.714546,25.206533,8.502139,37.594511,39.047801,15.832427,28.590732,21.076604,43.54261,42.956114,15.320767,29.961791,13.83244,28.538138,44.092707,49.654428,38.565449,10.943716,29.513649,39.790077,44.174773,43.739077,36.403931,16.365394,36.138411,32.22225,45.575605,41.423124,24.446881,20.91119,10.766128,15.929773,8.724716,24.421759,20.244391,46.936639,14.083552,20.015405,28.289012,30.224718,47.493073,25.871719,42.378873,40.569869,14.999612,9.226894,26.092108,16.860238,15.903481,19.443407,12.62941,8.796343,8.963605,15.621019,44.313346,30.730932,18.831676,34.713794,27.41842,14.876113,33.857778,38.121416,20.638764,15.237833,23.424013,39.638006,15.11179,10.327842,16.554297,35.561546,45.39822,9.315547,35.199307,33.937957,42.298734,17.604364,15.481946,36.131413,8.461979,43.997133,31.030815,40.053163,24.639501,32.870235,33.416325,9.548671,22.371414,30.121503,10.2583,33.482011,28.189218,47.255877,35.499491,32.608432,15.98188,13.764511,20.472744,32.213107,11.177321,11.023967,11.306595,18.452501,47.625013,39.961962,19.922818,20.31368,14.787063,13.358355,34.684079,46.008553,23.738407,8.806729,33.414996,14.138348,37.70363,18.133,28.505562,34.99724,44.935517,40.06178,34.905286,8.257118,36.93154,37.357744,19.435115,10.097301,37.338697,26.883224,9.163732,14.231022,41.023651,41.009368,27.568373,8.136302,26.133424,36.339515,34.959831,40.49197,25.728399,17.421118,26.340817,34.734487,36.114584,37.183004,34.601278,13.608117,40.783551,21.581809,34.332834,10.182151,41.621403,39.393259,40.631874,31.179866,17.295218,32.072247,24.889713,38.581411,22.570639,21.49073,24.812262,15.972246,44.030688,20.398412,44.147786,20.497291,24.048768,37.506063,17.317315,40.521698,41.530912,36.454211,25.621748,40.89224,20.239309,37.488414,28.316816,17.150268,40.57716,33.537923,29.93951,19.072241,42.729743,24.381549,40.281689,21.266576,10.666271,31.95195,33.326267,21.812278,25.369974,42.387242,40.503472,15.024526,40.764271,44.763511,37.661423,50.793454,43.028896,26.735953,10.63096,21.298806,12.279097,40.463131,45.626449,44.366415,10.522277,51.425887,16.488036,9.96015,49.995451,22.080801,19.413613,25.340117,26.364344,14.44494,43.454913,33.161891,44.995587,30.888859,49.371073,40.363679,35.069708,18.60791,42.357386,40.681862,40.435161,11.314176
35,6,10,33.013689,44.60038,15.714355,51.707356,31.823526,36.208867,11.562152,37.417446,49.283819,13.977624,12.857923,15.737361,43.387167,22.686063,21.470148,52.528464,37.523621,16.274485,32.914523,55.442995,49.883145,25.506702,50.135876,37.786121,41.878878,26.532701,18.285799,35.014484,11.207662,18.083818,50.755785,55.884575,56.079028,11.912025,45.536794,53.344592,22.636247,45.053559,41.485792,11.400205,51.688485,34.783572,44.74255,14.78701,11.015322,26.957454,29.468702,37.882468,51.052684,44.114598,34.412022,23.755844,20.577579,43.522955,24.131622,49.444727,51.02754,24.619713,15.122466,35.62267,22.201537,33.333849,18.226231,28.252471,23.061068,24.650867,19.686402,25.439101,17.284902,39.065017,40.539227,36.017298,35.076578,56.269486,12.206539,21.776466,18.065628,20.848825,43.598296,56.158422,54.348782,60.361081,56.377449,14.76039,11.322964,49.167325,53.245501,27.980845,35.738522,38.26099,48.831514,56.03656,47.286526,12.535194,28.052561,56.613092,13.868621,48.270972,35.406071,57.927735,42.613626,51.63683,40.207932,51.457831,17.366176,24.114282,59.543654,57.343713,27.704857,10.34346,52.006502,24.136933,40.960115,19.442293,38.339066,23.25937,41.995488,28.134589,49.661828,24.665799,45.678696,12.94546,43.694507,27.987544,31.784845,10.266374,18.755561,41.598305,26.254308,39.402443,29.98253,14.87335,40.240169,26.199847,8.837182,39.075997,40.586556,16.456335,29.717406,21.907169,45.258492,44.648884,15.924512,31.142495,14.377586,29.662845,45.830429,51.611341,40.085339,11.375015,30.676801,41.35823,45.915729,45.462862,37.838634,17.010365,37.56265,33.49215,47.37177,43.055636,25.410348,21.735314,11.190429,16.557575,9.068563,25.384236,21.042236,48.786442,14.638594,20.804225,29.403901,31.415894,49.364806,26.89134,44.049052,42.168754,15.590756,9.590532,27.120415,17.524711,20.518663,25.085872,16.294458,11.349037,11.564837,20.15423,57.173054,39.64903,24.296617,44.787717,35.37523,19.193152,43.683285,49.184228,26.628122,19.659843,30.221648,51.140932,19.497223,13.324976,21.358345,45.881486,58.572758,12.018913,45.414125,43.786733,54.573803,22.71314,19.974797,46.616728,10.917641,56.765076,40.03594,51.676568,31.78987,42.409158,30.227682,8.63752,20.236696,27.247258,9.279436,30.2871,25.499355,42.74664,32.112069,29.49688,14.456862,12.451078,18.5192,29.139277,10.110762,9.972041,10.227701,16.691732,43.080552,36.148723,18.021748,18.375314,13.376057,12.083678,31.374464,41.618339,21.473248,7.966376,30.22648,12.789243,34.105885,16.402718,25.785512,31.657743,40.647693,36.239017,47.597751,11.25962,50.360802,50.941987,26.502226,13.76894,50.916013,36.658659,12.495902,19.40579,55.940911,55.921435,37.592946,11.094871,35.636213,49.553503,47.67213,55.215899,35.083911,23.755888,35.91902,47.364845,49.246781,50.703706,47.183198,18.556381,55.613505,29.429513,46.817141,13.884645,56.756022,53.717667,55.406674,42.517672,23.584207,43.734546,29.333155,45.469165,26.600068,25.327367,29.241876,18.823695,51.891277,24.040043,52.029279,24.156574,28.34208,44.201841,20.408893,47.755843,48.945227,42.962207,30.195876,48.192535,23.852536,44.181041,33.372082,20.212024,47.821207,39.525288,35.284467,22.477117,50.35808,28.73427,47.472986,25.063196,12.57047,37.656178,39.275846,25.70632,29.899154,49.954433,42.46163,15.750893,42.735039,46.927623,39.482181,53.249085,45.109147,28.028514,11.144918,22.328506,12.872735,42.419339,47.83228,46.511329,11.030981,53.912095,17.285157,10.441678,52.412503,23.148307,20.352173,26.565197,27.63894,15.143287,45.55576,34.765117,47.170919,32.382195,51.75794,42.315079,36.765169,19.507518,44.405173,42.648645,42.390016,11.861165
36,6,12,33.544686,45.317739,15.967107,52.539025,32.335381,36.791256,11.748119,38.019274,50.076508,14.202442,13.064732,15.990483,44.085013,23.050949,21.815477,53.37334,38.127157,16.536246,33.443925,56.334749,50.685473,25.916955,50.942269,38.393879,42.552464,26.959457,18.579911,35.577662,11.387928,18.374681,51.572149,56.783432,56.981012,12.10362,46.269215,54.202594,25.14945,50.055656,46.091777,12.66592,57.427229,38.645438,49.710117,16.428746,12.238305,29.950421,32.740481,42.08839,56.720837,49.012446,38.232636,26.39335,22.862216,48.355115,26.810849,54.934356,56.692901,27.353131,16.801446,39.577697,24.666475,37.034759,20.249809,31.389218,25.621437,27.387743,21.872096,28.263491,19.203968,43.402232,45.040117,40.016139,31.56223,50.631805,10.983557,19.594666,16.255619,18.759966,39.230151,50.531869,48.903537,54.31346,50.728951,13.281536,10.188508,44.241214,47.910795,25.177423,32.157853,34.427593,43.939049,50.422216,42.548854,11.279284,25.241954,50.940985,12.479114,43.434668,31.858711,52.123912,38.344135,46.463298,36.17947,46.302233,15.626246,21.698254,53.577931,51.598405,30.757504,11.483149,57.736815,26.79645,45.473287,21.584533,42.563438,25.822193,46.622741,31.234585,55.133794,27.383589,50.711782,14.371849,48.508965,31.071339,35.287043,11.397569,20.822133,46.181795,29.147126,43.743982,33.286141,16.512163,44.674014,29.086664,9.810903,43.381567,45.058567,18.269569,32.991805,24.321,50.245278,49.568501,17.679147,34.573916,16.001829,33.013872,51.007916,57.441901,44.6138,12.660057,34.142375,46.03049,51.102853,50.598826,42.113284,18.932035,41.806121,37.275776,52.723383,47.919654,28.280968,24.190763,12.454617,18.428093,10.093043,28.251906,23.419388,54.297872,16.292323,23.154489,32.725674,34.964963,54.941574,29.929268,49.025296,46.93258,17.352052,10.67398,30.184222,19.504487,20.136855,24.619078,15.991253,11.137856,11.349641,19.779203,56.109187,38.911248,23.844509,43.954314,34.716973,18.836009,42.870434,48.269016,26.13263,19.294016,29.659288,50.18931,19.134422,13.077027,20.960912,45.027731,57.482845,11.795267,44.569067,42.971956,53.558302,22.290497,19.603109,45.749291,10.714487,55.7088,39.290958,50.714978,31.198329,41.620015,40.50726,11.574896,27.118622,36.513278,12.435109,40.586885,34.170963,57.283562,43.032473,39.527933,19.373231,16.685336,24.817055,39.04872,13.549145,13.36325,13.705852,22.368117,57.731028,48.44188,24.150434,24.624237,17.924874,16.192995,42.044031,55.771557,28.775691,10.675514,40.50565,17.138502,45.70433,21.980818,34.554435,42.423644,54.470821,48.56288,49.562925,11.724497,52.440055,53.045234,27.596426,14.33742,53.018189,38.172189,13.011822,20.206999,58.25055,58.23027,39.145051,11.552947,37.10753,51.599425,49.640375,57.495604,36.532424,24.7367,37.402013,49.320402,51.280038,52.797116,49.131256,19.32252,57.909626,30.644573,48.750086,14.457902,59.099315,55.935515,57.694256,44.273104,24.557931,45.540219,35.222631,54.598411,31.940798,30.412566,35.113026,22.603094,62.309946,28.866775,62.475657,29.006702,34.032569,53.076635,24.506567,57.344205,58.772393,51.588109,36.258569,57.868576,28.641621,53.051658,40.072489,24.27017,57.422693,47.461129,42.368841,26.990047,60.468916,34.503504,57.004556,30.095355,15.094354,45.216742,47.161605,30.867604,35.902271,59.984226,50.254817,18.64173,50.578405,55.540476,46.728536,63.022146,53.388246,33.172722,13.190399,26.426564,15.23533,50.204765,56.611168,55.047778,13.05555,63.80684,20.457586,12.35809,62.032023,27.396827,24.087505,31.440835,32.711648,17.922608,53.916828,41.145726,55.828424,38.325455,61.257324,50.081369,43.512857,23.087827,52.555068,50.476156,50.17006,14.038102
37,7,8,37.529363,50.700903,17.863794,58.779985,36.176408,41.161584,13.143645,42.535474,56.024952,15.88951,14.616654,17.889947,49.321745,25.789105,24.406875,59.713406,42.656172,18.50054,37.416633,63.026592,56.706255,28.995556,56.993555,42.954577,47.607149,30.161893,20.786965,39.80383,12.740668,20.557356,57.698256,63.528572,63.749622,13.541374,51.765402,60.641165,32.831961,65.346375,60.171632,16.535033,74.969774,50.450627,64.895282,21.447307,15.976793,39.099506,42.741858,54.945313,74.047597,63.984492,49.911725,34.455841,29.846037,63.126363,35.000876,71.715392,74.011128,35.70881,21.933856,51.667668,32.201451,48.347927,26.435605,40.977818,33.448128,35.753996,28.553459,36.897262,25.070288,56.660501,58.798717,52.240043,36.30995,58.248048,12.635748,22.542176,18.700856,21.581917,45.131311,58.133079,56.259808,62.483512,58.359807,15.279399,11.721105,50.896159,55.117733,28.964714,36.995169,39.606332,50.54854,58.006931,48.949227,12.97596,29.038952,58.603736,14.356273,49.968288,36.651028,59.964604,44.112017,53.452497,41.621734,53.267204,17.97681,24.962194,61.637343,59.360047,40.183518,15.002301,75.43097,35.008551,59.409133,28.199377,55.607526,33.735721,60.910851,40.806807,72.030221,35.775626,66.25303,18.776279,63.375133,40.593531,46.10119,14.890494,27.203331,60.334772,38.079621,57.149863,43.487087,21.572518,58.364912,38.000629,12.817575,56.676381,58.867317,23.868502,43.102548,31.774469,65.64356,64.759375,23.097138,45.169516,20.853456,43.023414,66.47311,74.857827,58.140349,16.498485,44.49407,59.986568,66.59683,65.939986,54.881695,24.672077,54.481404,48.577493,68.708692,62.44851,36.855532,31.52521,16.230758,24.015344,13.153174,36.817659,30.51996,70.760554,21.232025,30.174746,42.647838,45.566061,71.59942,39.003584,63.889375,61.162164,22.613056,13.910245,39.335838,25.418092,26.677592,32.615705,21.18544,14.75559,15.036166,26.20377,74.334249,51.550174,31.589545,58.231301,45.99354,24.954213,56.795361,63.947479,34.62088,25.560987,39.293047,66.491512,25.349554,17.324632,27.769315,59.653379,76.154091,15.626538,59.045734,56.929859,70.954801,29.530768,25.970478,60.609312,14.194705,73.803811,52.05322,67.187925,41.331991,55.138788,49.067172,14.02088,32.849274,44.22919,15.062871,49.163622,41.391901,69.388607,52.126008,47.880895,23.467143,20.211248,30.061344,47.300416,16.412323,16.187144,16.602144,27.094902,69.930631,58.678519,29.253855,29.827781,21.712722,19.614865,50.928689,67.557087,34.856511,12.931442,49.06522,20.760175,55.362475,26.62576,41.856407,51.388523,65.981484,58.825088,63.239303,14.959751,66.910348,67.68252,35.211376,18.293683,67.648011,48.705411,16.6023,25.782913,74.324189,74.298313,49.946724,14.740863,47.34697,65.837753,63.338125,73.360922,46.61317,31.562537,47.722712,62.929859,65.430236,67.365935,62.68852,24.65437,73.889191,39.100627,62.202169,18.447411,75.407161,71.370344,73.614391,56.489811,31.334439,58.106573,38.029283,58.948986,34.485942,32.835937,37.910943,24.404181,67.275001,31.166972,67.453916,31.318049,36.744393,57.305951,26.459328,61.913574,63.455564,55.698813,39.147767,62.479729,30.923876,57.278983,43.265593,26.204094,61.998315,51.242983,45.744925,29.140699,65.287272,37.252853,61.546861,32.493449,16.29712,48.819756,50.919592,33.327233,38.763078,64.76396,57.730824,21.414911,58.10255,63.802787,53.679966,72.397447,61.330387,38.107563,15.152629,30.357832,17.501768,57.673326,65.032758,63.236795,14.99772,73.298873,23.500897,14.196504,71.260029,31.472433,27.67081,36.118036,37.577898,20.58881,61.937602,47.266647,64.133572,44.026826,70.370085,57.531574,49.985916,26.522418,60.373264,57.985089,57.633459,16.126437
38,7,11,20.364045,27.511137,9.693186,31.894979,19.629909,22.334947,7.131956,23.080442,30.400053,8.621907,7.931235,9.707377,26.762784,13.993589,13.243568,32.401468,23.145935,10.038695,20.302875,34.199257,30.769739,15.733462,30.925633,23.307855,25.832416,16.366335,11.279347,21.598208,6.913294,11.154757,31.308015,34.47164,34.591585,7.34777,28.088752,32.904885,12.90224,25.679691,23.64613,6.497905,29.461475,19.825989,25.502421,8.428321,6.278529,15.365247,16.796612,21.592302,29.099079,25.1445,19.614212,13.540389,11.728837,24.807274,13.754576,28.182574,29.084748,14.032778,8.619524,20.304259,12.654463,18.999674,10.388613,16.103383,13.14438,14.050535,11.220883,14.499814,9.852073,22.266333,23.106605,20.52919,19.211785,30.819348,6.685641,11.927184,9.894721,11.419105,23.879213,30.758517,29.767359,33.060354,30.87848,8.08441,6.201698,26.929425,29.163082,15.325382,19.574338,20.955918,26.745498,30.691772,25.899293,6.865648,15.364662,31.007544,7.59598,26.438483,19.392251,31.727587,23.3399,28.281996,22.022278,28.183956,9.511624,13.207628,32.612642,31.407712,15.433948,5.762182,28.97202,13.446313,22.818248,10.831001,21.358102,12.957436,23.395038,15.673345,27.665838,13.740936,25.446897,7.211716,24.341535,15.591429,17.706846,5.719238,10.448433,23.173774,14.62587,21.950493,16.702805,8.285713,22.417177,14.59553,4.923058,21.768635,22.610143,9.16757,16.555108,12.204146,25.212808,24.873204,8.8713,17.349003,8.670558,17.888498,27.638534,31.124776,24.173896,6.859826,18.499975,24.941526,27.689976,27.41687,22.818996,10.258284,22.652561,20.197802,28.568057,25.965166,15.323984,13.107715,6.748509,9.985224,5.468895,15.308237,12.689747,29.42119,8.827962,12.546212,17.732339,18.945693,29.769979,16.217112,26.564256,25.430322,9.402174,5.783674,16.355259,10.568466,13.314187,16.277766,10.573177,7.364184,7.504213,13.077713,37.098555,25.727535,15.765633,29.061935,22.954343,12.454087,28.34529,31.914751,17.278504,12.756915,19.610278,33.184421,12.651393,8.646335,13.859042,29.771662,38.006797,7.798854,29.4684,28.412415,35.411948,14.738143,12.961283,30.248747,7.084259,36.833825,25.978594,33.531985,20.627869,27.518531,21.958063,6.274488,14.700388,19.793016,6.740789,22.001225,18.523301,31.052113,23.326924,21.427192,10.501787,9.044741,13.45276,21.167422,7.344683,7.243913,7.42963,12.125247,31.294674,26.25924,13.0914,13.348238,9.716666,8.777854,22.791111,30.232491,15.598646,5.786953,21.95719,9.290392,24.775276,11.915301,18.731172,22.996892,29.527391,26.32483,30.791141,7.283885,32.578569,32.954538,17.144377,8.907173,32.937735,23.714607,8.08364,12.553669,36.188359,36.17576,24.319,7.177309,23.053183,32.056323,30.839257,35.719345,22.695897,15.367762,23.236132,30.640473,31.857904,32.800393,30.522965,12.004183,35.976558,19.038048,30.286162,8.982022,36.715656,34.750135,35.842759,27.504821,15.256701,28.292021,22.120755,34.289263,20.059676,19.099905,22.05192,14.195348,39.132314,18.129107,39.236384,18.216985,21.373364,33.333547,15.390779,36.013695,36.910635,32.398712,22.771351,36.343014,17.987704,33.317861,25.166595,15.242316,36.062987,29.806859,26.608766,16.950471,37.976097,21.669123,35.800386,18.900688,9.479658,28.397324,29.61875,19.385681,22.547587,37.671699,27.864535,10.336186,28.043954,30.795247,25.909335,34.943571,29.601911,18.393112,7.313614,14.652603,8.447456,27.836783,31.388909,30.522063,7.238845,35.378657,11.343014,6.852128,34.394582,15.19058,13.355677,17.432841,18.137462,9.937458,29.894991,22.813863,30.954905,21.250121,33.965039,27.768363,24.126354,12.801391,29.139943,27.987259,27.81754,7.783635
39,7,12,39.271972,53.055109,18.693267,61.509328,37.856195,43.072848,13.753946,44.510533,58.626371,16.627311,15.295352,18.720634,51.611913,26.986576,25.540164,62.486091,44.636836,19.359579,39.154007,65.953119,59.339309,30.341913,59.639949,44.949097,49.817702,31.562407,21.752171,41.65205,13.332258,21.5119,60.377372,66.478408,66.709722,14.170143,54.169036,63.456929,32.746934,65.177143,60.015801,16.492211,74.775619,50.319972,64.727218,21.391763,15.935417,38.998247,42.631166,54.803018,73.855831,63.818786,49.782466,34.366609,29.768742,62.96288,34.910232,71.529666,73.819457,35.616332,21.877053,51.53386,32.118056,48.222718,26.367143,40.871695,33.361505,35.661401,28.479513,36.801707,25.005361,56.513764,58.646442,52.104753,40.751235,65.372711,14.181301,25.299443,20.988269,24.221729,50.651589,65.24368,63.141278,70.126241,65.498141,17.148313,13.154783,57.121569,61.859509,32.50756,41.520267,44.450817,56.731432,65.102102,54.936497,14.563126,32.590879,65.771906,16.112274,56.080205,41.134032,67.29923,49.507619,59.990588,46.712735,59.782631,20.17566,28.015468,69.176572,66.620726,41.120279,15.352036,77.189421,35.824672,60.794082,28.856763,56.903852,34.52217,62.330809,41.758098,73.709394,36.609629,67.797525,19.213992,64.852538,41.539851,47.175904,15.237622,27.837497,61.7413,38.967335,58.482144,44.500861,22.075417,59.725519,38.886503,13.116379,57.997624,60.239635,24.424927,44.107358,32.515197,67.173847,66.26905,23.63558,46.222511,21.117709,43.568604,67.315453,75.806421,58.8771,16.707552,45.057897,60.746714,67.440741,66.775574,55.577153,24.98472,55.171789,49.193065,69.579365,63.239854,37.322563,31.924695,16.436433,24.319665,13.31985,37.28421,30.906707,71.657227,21.501076,30.557118,43.188269,46.143472,72.506724,39.497835,64.698978,61.937207,22.899607,14.086515,39.834299,25.740188,28.549369,34.904119,22.671872,15.790886,16.091147,28.042303,79.549757,55.167085,33.80596,62.31698,49.220582,26.705073,60.780289,68.434221,37.049982,27.354421,42.049962,71.156751,27.128153,18.540179,29.717691,63.838834,81.497285,16.722941,63.188555,60.924225,75.933197,31.602733,27.792643,64.861838,15.190647,78.982102,55.705426,71.902026,44.231964,59.007487,52.077851,14.881177,34.86485,46.943018,15.987103,52.180219,43.931638,73.646175,55.324372,50.818786,24.907047,21.451376,31.905858,50.20269,17.419356,17.18036,17.620824,28.757399,74.221456,62.278934,31.048822,31.657963,23.044978,20.818401,54.053588,71.702277,36.995248,13.724894,52.07578,22.033985,58.759423,28.259472,44.424646,54.541636,70.029997,62.434496,69.321196,16.398471,73.345295,74.191729,38.597748,20.053036,74.153901,53.389541,18.198988,28.262524,81.472145,81.443781,54.750234,16.158531,51.900455,72.169547,69.429522,80.416239,51.096084,34.597991,52.312334,68.981992,71.722837,73.844698,68.717442,27.025447,80.995313,42.861039,68.184318,20.221548,82.65927,78.234221,80.694084,61.922588,34.347955,63.694838,41.097719,63.705354,37.268481,35.485342,40.969832,26.37326,72.703163,33.681715,72.896513,33.844982,39.709157,61.929748,28.594229,66.909142,68.57555,60.192936,42.30645,67.520978,33.419005,61.900604,46.756527,28.318402,67.000721,55.377582,49.435908,31.491951,70.555051,40.258642,66.51284,35.11522,17.612072,52.758834,55.028098,36.01628,41.890722,69.989515,62.609551,23.224646,63.012691,69.194645,58.216362,78.515623,66.513307,41.327964,16.43315,32.923317,18.98081,62.547194,70.528558,68.580821,16.26515,79.493227,25.486915,15.396224,77.282084,34.132112,30.00922,39.170306,40.753537,22.328733,67.171837,51.261065,69.553384,47.747453,76.316933,62.393462,54.210135,28.763779,65.475299,62.885304,62.503957,17.489253
40,8,12,17.666331,23.866617,8.409087,27.669712,17.029449,19.376139,6.187155,20.022876,26.372826,7.479726,6.88055,8.421398,23.217401,12.139797,11.489135,28.109105,20.079692,8.708825,17.613265,29.668733,26.693538,13.649182,26.82878,20.220162,22.410283,14.198216,9.785122,18.736999,5.99746,9.677038,27.160506,29.905032,30.009087,6.374379,24.367712,28.545832,13.286191,26.44388,24.349804,6.691273,30.338204,20.41598,26.261335,8.679135,6.465368,15.822494,17.296454,22.234856,29.965025,25.892763,20.197902,13.943331,12.07787,25.545501,14.163891,29.021245,29.950266,14.450373,8.876028,20.908484,13.031041,19.565076,10.697762,16.582595,13.535537,14.468658,11.554799,14.931307,10.145255,22.928945,23.794223,21.140108,20.360472,32.662059,7.08538,12.640319,10.486334,12.101862,25.306969,32.597591,31.547171,35.037057,32.724727,8.567783,6.572502,28.539555,30.906764,16.241698,20.744702,22.208888,28.344631,32.526855,27.447831,7.276151,16.283327,32.861508,8.050149,28.01926,20.551728,33.624603,24.735409,29.972998,23.339006,29.869097,10.080331,13.997322,34.562576,33.285603,16.109618,6.01444,30.240362,14.034968,23.817189,11.305162,22.29312,13.524689,24.419229,16.359495,28.876998,14.342489,26.560915,7.527431,25.407163,16.273993,18.48202,5.969616,10.905846,24.188279,15.266163,22.911445,17.434023,8.648447,23.39856,15.234496,5.13858,22.721625,23.599974,9.56891,17.279861,12.738421,26.316577,25.962108,9.259669,18.10851,8.106882,16.725561,25.841744,29.101344,22.602343,6.413866,17.297286,23.32007,25.889841,25.63449,21.335526,9.59139,21.17991,18.884737,26.710838,24.277162,14.327767,12.255578,6.309786,9.336082,5.11336,14.313044,11.864783,27.508509,8.254053,11.730579,16.579554,17.714028,27.834622,15.162833,24.837305,23.777089,8.790935,5.407675,15.291998,9.881407,12.918356,15.793828,10.258837,7.145247,7.281112,12.688912,35.995614,24.962654,15.29692,28.197923,22.27191,12.083827,27.502583,30.965925,16.764814,12.377651,19.027264,32.197847,12.275267,8.389279,13.447012,28.88655,36.876854,7.566994,28.592304,27.567713,34.35915,14.299978,12.575943,29.349451,6.873643,35.738755,25.206249,32.535078,20.014601,26.700404,24.286513,6.939839,16.259228,21.891883,7.455588,24.334253,20.487525,34.344904,25.800528,23.699348,11.615405,10.003852,14.879301,23.412031,8.123519,8.012063,8.217474,13.411017,34.613186,29.043789,14.479622,14.763695,10.747029,9.708664,25.207898,33.438367,17.252739,6.400606,24.285547,10.275552,27.402465,13.178808,20.717439,25.435499,32.658498,29.116336,36.275134,8.581167,38.380908,38.823839,20.197841,10.493566,38.804044,27.938248,9.52336,14.789515,42.633612,42.61877,28.650286,8.455609,27.159023,37.76565,36.33182,42.081067,26.738103,18.104805,27.374555,36.097632,37.531891,38.642241,35.959195,14.142164,42.38409,22.428781,35.680217,10.581747,43.254824,40.939237,42.22646,32.403512,17.973964,33.330914,20.407549,31.633632,18.506096,17.620658,20.344045,13.095948,36.101599,16.725046,36.197609,16.806118,19.718043,30.751935,14.198796,33.224511,34.051985,29.889501,21.007759,33.528325,16.594595,30.737463,23.217496,14.061831,33.269985,27.498381,24.547974,15.637693,35.034929,19.990896,33.027723,17.43687,8.745479,26.198011,27.32484,17.884302,20.801324,34.754106,28.680883,10.639006,28.865557,31.697457,26.668402,35.967314,30.469159,18.931976,7.527881,15.081881,8.694942,28.652318,32.308511,31.416269,7.450922,36.415147,11.675331,7.052875,35.402242,15.635619,13.746959,17.943572,18.668836,10.228596,30.770826,23.482242,31.861792,21.872687,34.960114,28.581895,24.833185,13.176433,29.993657,28.807203,28.632512,8.011673
41,9,10,31.452067,42.490681,14.97103,49.261481,30.318202,34.496106,11.015236,35.647516,46.952583,13.316451,12.249715,14.992948,41.334856,21.612961,20.454561,50.043749,35.748669,15.504665,31.357591,52.820416,47.52356,24.300177,47.764336,35.998752,39.897912,25.277644,17.42084,33.35822,10.677515,17.228412,48.354922,53.241109,53.426363,11.348559,43.382801,50.821272,21.972876,43.733232,40.270021,11.066114,50.173716,33.764214,43.431336,14.353666,10.69251,26.167446,28.6051,36.772294,49.556547,42.821788,33.403552,23.059662,19.974538,42.247483,23.424427,47.995713,49.53214,23.898214,14.67929,34.578721,21.550905,32.356976,17.692098,27.424511,22.385247,23.928455,19.109477,24.693589,16.778355,37.920188,39.351195,34.961785,27.304917,43.802267,9.502025,16.951614,14.062959,16.229503,33.93854,43.715811,42.30712,46.987317,43.886309,11.490038,8.814218,38.27368,41.448284,21.781334,27.820199,29.783782,38.012272,43.620948,36.809596,9.757863,21.83716,44.069743,10.795852,37.575925,27.561407,45.09311,33.172036,40.196035,31.299354,40.056695,13.518479,18.771456,46.351002,44.638485,27.355323,10.212963,51.350371,23.832414,40.443349,19.197002,37.855368,22.965922,41.465658,27.779633,49.035278,24.354607,45.102399,12.782135,43.143242,27.634444,31.383837,10.13685,18.518934,41.073487,25.923075,38.905328,29.60426,14.685703,39.732485,25.869301,8.725689,38.583001,40.074502,16.248717,29.342482,21.630781,44.687496,44.085579,15.723603,30.74959,14.34734,29.600444,45.734018,51.502769,40.001013,11.351086,30.612267,41.271226,45.819138,45.367224,37.759034,16.974581,37.48363,33.421694,47.272116,42.965062,25.356894,21.68959,11.166888,16.522744,9.049486,25.330836,20.997971,48.683813,14.607799,20.76046,29.342045,31.349805,49.260959,26.83477,43.956388,42.080046,15.557959,9.570357,27.063363,17.487845,19.612651,23.978193,15.574968,10.847915,11.054186,19.264309,54.648549,37.898307,23.223787,42.810093,33.813219,18.345669,41.754428,47.012474,25.452344,18.791753,28.887196,48.882778,18.636313,12.736605,20.415256,43.855566,55.986448,11.488212,43.408842,41.853307,52.164069,21.71023,19.0928,44.558342,10.435567,54.258585,38.268133,49.394762,30.386172,40.53656,31.36836,8.963468,21.000352,28.275466,9.629606,31.43002,26.461604,44.359737,33.323857,30.60998,15.002409,12.920934,19.218044,30.238884,10.492304,10.348348,10.613655,17.321615,44.706249,37.512839,18.701821,19.068728,13.880818,12.539671,32.558418,43.188857,22.283567,8.266996,31.367113,13.271861,35.392912,17.021695,26.75856,32.852387,42.181583,37.60654,44.035344,10.416905,46.591598,47.129284,24.518693,12.738418,47.105255,33.914978,11.560659,17.953383,51.754069,51.736051,34.779339,10.264487,32.969056,45.84472,44.104157,51.083319,32.458091,21.977902,33.230696,43.81987,45.560954,46.908838,43.651818,17.167547,51.451168,27.22689,43.313158,12.845462,52.508174,49.697222,51.259817,39.335479,21.81907,40.461277,27.95696,43.335933,25.352098,24.139108,27.869963,17.940562,49.456744,22.91218,49.588272,23.023244,27.012382,42.128067,19.451389,45.515329,46.648912,40.946591,28.779206,45.931533,22.73347,42.108242,31.806396,19.263756,45.577626,37.670919,33.62906,21.42258,47.995479,27.386173,45.245742,23.887331,11.980713,35.8895,37.43318,24.500281,28.496404,47.61077,39.489855,14.64853,39.744128,43.643285,36.71893,49.522326,41.952079,26.066874,10.364916,20.765794,11.971807,39.450524,44.484627,43.256127,10.258953,50.138932,16.075416,9.710893,48.744293,21.528219,18.927779,24.70597,25.704565,14.083449,42.367435,32.332,43.869553,30.115852,48.135542,39.353561,34.192074,18.142239,41.297374,39.663781,39.423254,11.031034
42,9,11,44.310591,59.862113,21.091625,69.401014,42.713168,48.599122,15.518586,50.221262,66.148171,18.760605,17.257756,21.122503,58.233753,30.448971,28.816983,70.503096,50.36377,21.843425,44.177491,74.414946,66.95258,34.2348,67.291792,50.716094,56.209344,35.611883,24.542988,46.996035,15.042795,24.271891,68.123826,75.00763,75.268622,15.988182,61.118957,71.598493,32.395677,64.478027,59.372048,16.315309,73.973546,49.780219,64.032928,21.162307,15.764487,38.579936,42.173888,54.215178,73.063624,63.134241,49.248479,33.997979,29.449431,62.287515,34.53577,70.76241,73.02764,35.234297,21.642391,50.981087,31.773545,47.705462,26.084319,40.433289,33.003657,35.278883,28.17403,36.406957,24.737144,55.907575,58.017377,51.545857,39.373193,63.162071,13.701747,24.443919,20.27853,23.402648,48.938757,63.037403,61.006096,67.754856,63.283259,16.568426,12.709942,55.18995,59.767671,31.408286,40.11622,42.947671,54.813005,62.900614,53.078767,14.07066,31.488787,63.547767,15.567422,54.1838,39.743046,65.023443,47.833472,57.96195,45.133099,57.761025,19.493401,27.068099,66.837301,64.367883,40.090262,14.967484,75.255912,34.927304,59.271258,28.133933,55.478474,33.657428,60.769492,40.712104,71.863056,35.692599,66.099272,18.732703,63.228054,40.499323,45.9942,14.855937,27.140199,60.194749,37.991247,57.017231,43.386164,21.522453,58.229461,37.912439,12.787828,56.544848,58.730699,23.813109,43.002517,31.700728,65.491217,64.609084,23.043535,45.064688,19.720848,40.686696,62.862775,70.792096,54.982589,15.602407,42.077477,56.728535,62.979776,62.358607,51.900921,23.332069,51.522371,45.939118,64.976937,59.056763,34.853808,29.81299,15.349221,22.711006,12.438789,34.817992,28.862338,66.917356,20.078856,28.535873,40.331518,43.091245,67.710662,36.885193,60.41937,57.840281,21.384879,13.154742,37.199402,24.037566,27.224357,33.284174,21.619642,15.058011,15.344336,26.740824,75.857753,52.606711,32.236983,59.42477,46.936192,25.465657,57.959399,65.258103,35.330446,26.084868,40.09837,67.854276,25.869101,17.679706,28.338456,60.875993,77.714893,15.946809,60.255894,58.096654,72.409041,30.13601,26.502751,61.851518,14.48563,75.316443,53.120067,68.564962,42.179102,56.268874,49.448216,14.129763,33.104374,44.572663,15.179845,49.545415,41.713341,69.927462,52.530807,48.252727,23.649383,20.368203,30.294794,47.66774,16.539777,16.31285,16.731073,27.305315,70.473696,59.134203,29.481033,30.059416,21.881338,19.76719,51.32419,68.08172,35.127199,13.031865,49.446249,20.921394,55.792408,26.832529,42.181454,51.787594,66.493881,59.28191,63.260574,14.964783,66.932853,67.705285,35.223219,18.299837,67.670765,48.721794,16.607884,25.791585,74.349188,74.323304,49.963524,14.745821,47.362895,65.859898,63.359429,73.385598,46.628849,31.573153,47.738764,62.951026,65.452244,67.388594,62.709605,24.662663,73.914044,39.113779,62.223091,18.453616,75.432524,71.39435,73.639152,56.508812,31.344978,58.126118,44.417052,68.850634,40.278538,38.351381,44.278836,28.503345,78.575168,36.402081,78.784134,36.578534,42.91634,66.931618,30.903695,72.313183,74.11418,65.05453,45.723409,72.974434,36.118152,66.900121,50.532904,30.60559,72.412158,59.850255,53.42869,34.035456,76.25356,43.510206,71.884873,37.951366,19.034543,57.019999,59.472544,38.925201,45.274103,75.642347,63.695673,23.627537,64.105806,70.395002,59.226273,79.877677,67.667149,42.044902,16.718225,33.494456,19.310081,63.632234,71.752056,69.77053,16.547311,80.872241,25.92905,15.663311,78.622739,34.72422,30.529807,39.849815,41.460511,22.716082,68.337103,52.150319,70.759964,48.575754,77.640845,63.475836,55.150548,29.26276,66.611135,63.976209,63.588248,17.792649
43,9,12,53.692665,72.536978,25.557446,84.095591,51.757012,58.889225,18.804404,60.854828,80.15401,22.732869,20.911815,25.594863,70.563839,36.896063,34.918528,85.431022,61.027509,26.468429,53.531383,90.171145,81.12874,41.483482,81.539775,61.454432,68.110793,43.152142,29.739581,56.946709,18.227871,29.411083,82.54798,90.889321,91.205573,19.373429,74.059939,86.758352,37.825487,75.285129,69.323342,19.049903,86.372183,58.123836,74.765427,24.709301,18.406758,45.046283,49.242614,63.302134,85.30975,73.716112,57.502971,39.696349,34.385423,72.727467,40.324279,82.622832,85.267735,41.139885,25.269852,59.52598,37.09908,55.70133,30.456287,47.210275,38.535369,41.191944,32.896253,42.509094,28.883314,65.278191,67.741615,60.18541,48.007571,77.013251,16.706483,29.804368,24.725528,28.534751,59.670823,76.861244,74.384479,82.613214,77.161014,20.201813,15.497179,67.292876,72.874473,38.295993,48.91354,52.365917,66.833268,76.694456,64.71872,17.156298,38.394147,77.483528,18.981293,66.066082,48.458531,79.282814,58.323153,70.672764,55.0306,70.427777,23.768223,33.00402,81.494443,78.483492,47.178147,17.613708,88.561021,41.102388,69.750309,33.107961,65.286967,39.608,71.513427,47.90993,84.568313,42.002985,77.785503,22.044611,74.406659,47.65953,54.125891,17.482439,31.938537,70.837072,44.70803,67.097774,51.056759,25.327583,68.524324,44.615289,15.048693,66.541875,69.11418,28.023224,50.605284,37.305359,77.069945,76.031852,27.11759,53.032043,24.592966,50.738514,78.393287,88.281579,68.566267,19.457047,52.472893,70.743557,78.539193,77.764561,64.723261,29.096355,64.251188,57.288569,81.029761,73.646983,43.464587,37.178414,19.141311,28.321854,15.511844,43.419923,35.9929,83.449569,25.039422,35.58578,50.295588,53.737117,84.438864,45.997835,75.346228,72.129965,26.668103,16.404676,46.38967,29.976147,32.447877,39.670388,25.767789,17.947182,18.288445,31.871569,90.412532,62.700328,38.422272,70.826563,55.94181,30.351736,69.080033,77.779134,42.109276,31.089755,47.79202,80.873434,30.832589,21.0719,33.775737,72.556232,92.626001,19.006513,71.817155,69.243623,86.302119,35.918188,31.587818,73.71893,17.264979,89.767362,63.312181,81.720478,50.27198,67.065148,59.994682,17.143401,40.164975,54.079256,18.417449,60.112612,50.610089,84.841804,63.734736,58.544215,28.693396,24.712396,36.756159,57.83446,20.067431,19.792104,20.299527,33.129075,85.504539,71.746525,35.768837,36.47058,26.548256,23.983196,62.270769,82.602396,42.619234,15.81134,59.992296,25.383572,67.691981,32.555453,51.178043,62.833009,80.675897,71.925736,72.982166,17.264502,77.218785,78.109921,40.636161,21.112071,78.070095,56.209134,19.160107,29.755116,85.774828,85.744965,57.641687,17.011891,54.641406,75.980943,73.096214,84.663158,53.794555,36.42517,55.075037,72.625049,75.510642,77.744562,72.346528,28.452707,85.272813,45.124603,71.785248,21.289482,87.024646,82.365903,84.955676,65.192825,36.161929,67.058671,51.80333,80.300063,46.976607,44.728976,51.642129,33.243274,91.641726,42.455519,91.885443,42.661316,50.053059,78.061927,36.042786,84.338412,86.438905,75.872691,53.326925,85.109626,42.124375,78.025193,58.93621,35.695108,84.453847,69.802978,62.313547,39.695339,88.934049,50.745681,83.838877,44.262441,22.199869,66.502068,69.362455,45.398219,52.802903,88.221196,73.581433,27.294601,74.05522,81.320518,68.418368,92.274932,78.169294,48.570397,19.312943,38.692896,22.307064,73.508148,82.88819,80.599126,19.115503,93.423855,29.953317,18.094304,90.825224,40.113523,35.268124,46.034625,47.895307,26.241686,78.943227,60.244205,81.742123,56.114857,89.690937,73.327476,63.710079,33.804428,76.949383,73.905509,73.457335,20.554122
44,10,12,46.780869,63.199375,22.267465,73.270062,45.094391,51.308482,16.383734,53.021055,69.835875,19.806493,18.219861,22.300065,61.480236,32.146475,30.423506,74.433584,53.171507,23.061178,46.640349,78.563516,70.685129,36.143361,71.043253,53.543473,59.342968,37.597216,25.911239,49.616024,15.881418,25.625028,71.921672,79.189242,79.464783,16.879509,64.526287,75.590048,32.548485,64.782165,59.652101,16.392267,74.322473,50.015029,64.334966,21.262128,15.838847,38.761915,42.372819,54.470907,73.408259,63.43204,49.48078,34.158345,29.588342,62.58132,34.698673,71.096191,73.372105,35.400495,21.744476,51.221562,31.923419,47.930485,26.207357,40.62401,33.159332,35.445291,28.306925,36.578686,24.853827,56.171286,58.29104,51.788995,42.889284,68.802549,14.925336,26.626801,22.089437,25.492543,53.309069,68.666747,66.454041,73.805476,68.934558,18.048014,13.84496,60.118503,65.105023,34.213098,43.698665,46.782969,59.707896,68.517741,57.818788,15.327193,34.300788,69.222687,16.957619,59.022503,43.292166,70.830143,52.10508,63.138047,49.163559,62.919179,21.234194,29.485324,72.805982,70.116041,39.613655,14.789546,74.361244,34.512076,58.566621,27.799467,54.818926,33.257297,60.047043,40.228104,71.008723,35.268273,65.313461,18.510002,62.476377,40.017853,45.447405,14.679324,26.817547,59.479133,37.539594,56.33939,42.870374,21.266586,57.537209,37.461723,12.635802,55.872624,58.032488,23.530011,42.491288,31.323858,64.712634,63.840989,22.769586,44.528944,20.844883,43.005728,66.445784,74.827055,58.116448,16.491703,44.47578,59.961909,66.569453,65.91288,54.859134,24.661935,54.459008,48.557524,68.680447,62.422839,36.840382,31.51225,16.224086,24.005472,13.147767,36.802524,30.507414,70.731466,21.223297,30.162341,42.630306,45.54733,71.569987,38.98755,63.863112,61.137022,22.60376,13.904527,39.319668,25.407643,27.601663,33.745463,21.919271,15.266702,15.556995,27.111428,76.909074,53.335794,32.683759,60.248344,47.586686,25.818588,58.762665,66.162522,35.820094,26.446381,40.654098,68.794676,26.227624,17.924731,28.731202,61.71968,78.791952,16.167817,61.090987,58.901823,73.412567,30.553669,26.870056,62.708726,14.686388,76.360262,53.856264,69.515212,42.763667,57.048711,52.069547,14.878805,34.859292,46.935534,15.984554,52.1719,43.924634,73.634433,55.315551,50.810683,24.903076,21.447955,31.900771,50.194685,17.416578,17.177621,17.618015,28.752814,74.209623,62.269004,31.043871,31.652915,23.041304,20.815081,54.04497,71.690844,36.989349,13.722705,52.067477,22.030472,58.750055,28.254966,44.417562,54.53294,70.018831,62.424542,61.229388,14.48429,64.783757,65.531387,34.092264,17.712261,65.497975,47.157422,16.074634,24.963462,71.961966,71.936913,48.359282,14.272359,45.842156,63.745252,61.325069,71.029315,45.131679,30.559395,46.205956,60.929779,63.350687,65.224865,60.69611,23.870788,71.540794,37.857904,60.225217,17.861102,73.010518,69.102003,71.274728,54.694413,30.338546,56.25979,47.130741,73.057108,42.739382,40.694484,46.98408,30.244776,83.375769,38.626089,83.597502,38.813324,45.538342,71.020849,32.791776,76.731204,78.642234,69.029079,48.51691,77.432855,38.324814,70.987427,53.620245,32.475458,76.836226,63.506845,56.692951,36.114874,80.91232,46.16849,76.276726,40.270029,20.197471,60.503673,63.106057,41.303362,48.040154,80.263766,64.316282,23.857748,64.730412,71.080886,59.803335,80.655953,68.326454,42.454561,16.881116,33.820804,19.498226,64.252225,72.451162,70.450329,16.708537,81.660207,26.181686,15.815924,79.388788,35.06255,30.827269,40.238085,41.864476,22.937413,69.002936,52.658438,71.449404,49.049045,78.397327,64.094304,55.687899,29.547877,67.26015,64.599553,64.207811,17.966009
45,11,12,35.63857,48.146506,16.963786,55.818549,34.353779,39.087793,12.481446,40.392465,53.20232,15.088969,13.880242,16.988621,46.836832,24.489806,23.177215,56.704943,40.507082,17.568451,35.531519,59.851206,53.849298,27.534711,54.122123,40.790453,45.20862,28.642286,19.739683,37.798446,12.098771,19.521642,54.79132,60.327895,60.537808,12.859136,49.157373,57.58596,28.829073,57.379315,52.835479,14.519074,65.829424,44.299663,56.983219,18.832441,14.028895,34.332476,37.530751,48.246355,65.01968,56.183473,43.826465,30.254969,26.207194,55.429968,30.733553,62.971818,64.987658,31.355175,19.259671,45.368322,28.275435,42.453326,23.212564,35.981784,29.370117,31.394852,25.072209,32.398731,22.013707,49.752427,51.62995,45.870913,34.444834,55.256049,11.986694,21.384263,17.740259,20.473329,42.813073,55.146986,53.369938,59.273953,55.362068,14.49455,11.119033,48.281801,52.286527,27.476898,35.094856,37.571894,47.952038,55.027318,46.434876,12.30943,27.547323,55.593467,13.618842,47.401592,34.768393,56.884432,41.846137,50.706829,39.483771,50.531054,17.053404,23.679974,58.471248,56.310929,36.335561,13.565687,68.207731,31.656146,53.720139,25.499017,50.282572,30.505202,55.078053,36.899164,65.132637,32.349766,59.908667,16.97827,57.306356,36.706312,41.686559,13.464586,24.598351,54.557139,34.433132,51.677215,39.322782,19.506742,52.775913,34.361705,11.590169,51.249074,53.230207,21.582865,38.975066,28.731759,59.357559,58.558044,20.885366,40.844102,18.153686,37.453436,57.867243,65.166443,50.613274,14.362527,38.733696,52.220474,57.974946,57.40314,47.776498,21.477934,47.42803,42.288463,59.813399,54.363684,32.084072,27.443834,14.129461,20.906224,11.450313,32.051102,26.568728,61.599618,18.483245,26.268206,37.126483,39.666902,62.329882,33.954029,55.618009,53.243873,19.685482,12.109371,34.243268,22.127367,24.085887,29.447119,19.127293,13.322098,13.575415,23.658097,67.112743,46.542121,28.520649,52.574182,41.525309,22.529933,51.277742,57.735039,31.257492,23.07776,35.475763,60.031921,22.886868,15.641559,25.071551,53.858106,68.755789,14.108434,53.309493,51.399174,64.061605,26.66188,23.447469,54.721171,12.815702,66.633837,46.996296,60.660678,37.316624,49.782104,44.495754,12.714603,29.788821,40.10851,13.659515,44.583218,37.535561,62.923911,47.269609,43.419998,21.280791,18.328236,27.260633,42.8936,14.883244,14.679044,15.05538,24.570564,63.415437,53.211645,26.528374,27.04883,19.689823,17.787417,46.18384,61.263028,31.609051,11.726664,44.493984,18.826022,50.204546,24.14513,37.956791,46.600833,59.834218,53.344559,53.306698,12.610116,56.401155,57.052047,29.680944,15.420408,57.022958,41.055555,13.99468,21.733351,62.65055,62.628739,42.101902,12.425607,39.910475,55.497027,53.389999,61.838578,39.291929,26.605206,40.227202,53.045857,55.153516,56.785187,52.842424,20.782062,62.283875,32.959334,52.432461,15.54999,63.563427,60.160647,62.052236,47.617308,26.412933,48.980135,36.530195,56.625258,33.12653,31.541567,36.41652,23.442185,64.623067,29.938391,64.794929,30.083513,35.295954,55.04699,25.416319,59.472984,60.95419,53.503205,37.604589,60.016821,29.704878,55.021086,41.560093,25.171147,59.554385,49.22302,43.941692,27.991993,62.713693,35.784371,59.120726,31.21258,15.654699,46.895315,48.912377,32.013497,37.235064,62.21101,53.389777,19.804625,53.733551,59.005161,49.643521,66.953549,56.718672,35.242079,14.013233,28.075087,16.185729,53.336602,60.142645,58.481728,13.869972,67.787193,21.733756,13.129003,65.901659,29.105876,25.590114,33.402154,34.752242,19.040643,57.280228,43.712449,59.311073,40.716246,65.078634,53.20551,46.227245,24.528075,55.83352,53.624923,53.299733,14.913816