Source,HIP CENTRE ,,,FEMUR KNEE CENTRE ,,,MEDIAL EPICONDYLE,,,LATERAL EPICONDYLE,,,MEDIAL DISTAL CONDYLE,,,LATERAL DISTAL CONDYLE,,,MEDIAL POSTERIOR CONDYLE,,,LATERAL POSTERIOR CONDYLE,,,Medial Anterior Cortex,,,Lateral Anterior Cortex,,,Medial Posterior Proximal,,,Lateral Posterior Proximal,,,MA Length,TEA Length,AP Length
,X,Y,Z,X,Y,Z,X,Y,Z,X,Y,Z,X,Y,Z,X,Y,Z,X,Y,Z,X,Y,Z,X,Y,Z,X,Y,Z,X,Y,Z,X,Y,Z,,,
37_Femur_R,-63.25888968,-122.2023954,883.8600302,-54.3999054,-99.18671773,541.6777043,-24.17596786,-114.219349,556.7965143,-82.37900012,-82.37172071,558.1225356,-33.17478174,-100.0926051,534.9278502,-68.05764513,-88.99059094,537.3041679,-28.68962849,-82.40646143,553.3230514,-63.62525259,-68.69922333,553.5816782,-53.75378102,-127.7013937,552.1774596,-82.8136491,-116.0782922,549.0693899,-32.4520507,-93.25046713,570.1440513,-64.51968035,-77.76699035,568.7168973,343.0698867,66.35979752,51.77987069
38_Femur_R,-85.46062501,-740.0058057,951.5450294,-73.49243624,-481.9397412,566.7483016,-32.66091666,-509.7399863,574.2825834,-111.2912489,-473.3748868,597.3465256,-44.81801051,-478.4401906,558.2392557,-91.94358168,-467.0563175,568.518702,-38.75871984,-470.1735618,591.707801,-85.95556894,-454.3111875,601.2693949,-72.61954401,-522.3934953,559.7715294,-111.878445,-506.6953539,563.9863865,-43.84162526,-494.2230366,604.0629418,-87.16391065,-475.1437979,612.8520401,463.4758385,89.64984685,69.95285776
39_Femur_R,-30.11092274,-393.43207,159.9817865,-25.89408946,-246.8986739,88.03083958,-11.50764271,-256.7087377,85.43227007,-39.21200199,-249.6756975,98.87621236,-15.7910342,-244.3318219,86.05096237,-32.39510692,-242.6691445,91.19303538,-13.65612314,-247.7055038,97.71962588,-30.2853097,-244.5498267,103.4316291,-25.58653741,-258.0133469,78.77532579,-39.41889279,-253.9658566,82.82693258,-15.44701774,-257.2203683,97.25282486,-30.71105295,-252.9470317,103.2958243,163.2995916,31.58693974,24.64696573
40_Femur_R,-99.07859481,-1384.336814,-191.3982633,-85.20330048,-848.3972144,-155.3501914,-37.86536464,-872.0768972,-178.8948978,-129.025274,-874.1537647,-129.0138727,-51.95966567,-837.8253237,-156.7690282,-106.5945969,-841.5472073,-139.3806111,-44.93483985,-866.6366212,-129.068285,-99.65240701,-867.0416929,-107.5994623,-84.19131471,-864.8423497,-200.0110135,-129.7060386,-859.974367,-181.8064487,-50.82769549,-892.9823418,-146.052599,-101.0532954,-890.7470763,-121.8017605,537.3297328,103.9353603,81.09969766
41_Femur_R,-60.97836962,-678.9520262,-528.0133106,-52.43875692,-404.3895936,-343.876489,-23.30441005,-409.7654988,-363.7126839,-79.40918887,-426.222219,-337.7652435,-31.97881141,-398.3181689,-341.379469,-65.60412713,-405.6528201,-333.2567806,-27.65535056,-422.1988429,-335.4810152,-61.33152494,-429.0212879,-324.1628003,-51.8159257,-399.4114859,-372.7412904,-79.8281685,-402.4188956,-361.5402599,-31.28213525,-431.0145559,-352.6409384,-62.19370805,-437.2858052,-339.0274074,330.7020161,63.96748791,49.91317599
42_Femur_R,-69.38130215,-368.6285127,-906.5424385,-59.66491497,-202.8398243,-568.901579,-26.51580101,-196.8522251,-591.5058349,-90.3519225,-227.8296293,-575.3003705,-36.38555099,-198.2778101,-562.987063,-74.64449763,-210.1261258,-559.1559375,-31.46630921,-225.1646337,-570.7606688,-69.78312292,-238.3261773,-563.4893877,-58.95625645,-181.5133574,-594.5119029,-90.8286383,-190.8490313,-585.1857142,-35.59287155,-224.0890352,-592.6847292,-70.76411646,-238.0132572,-582.8381475,376.2733679,72.78232649,56.7913043
43_Femur_L,-22.15471556,42.7980846,-309.5480757,-19.05209587,34.73746584,-189.7079688,-8.466979017,40.00223846,-195.0029231,-28.85101723,28.84846781,-195.4673262,-11.61857025,35.05472838,-187.3440149,-23.8353499,31.16654814,-188.1762559,-10.0477666,28.86063481,-193.7864367,-22.28302427,24.06004532,-193.8770137,-18.82580828,44.72396003,-193.3852241,-29.00324128,40.65328304,-192.2967068,-11.36545324,32.65845458,-199.6775371,-22.5962734,27.23578552,-199.1777149,120.1509511,23.24072468,18.13449956
44_Femur_R,-71.69710955,620.8271624,-798.2977916,-61.65640904,404.3228846,-475.4729451,-27.40084477,427.6458736,-481.7938237,-93.36768676,397.1374082,-501.1432958,-37.60002702,401.38694,-468.3342892,-77.13597984,391.8364505,-476.9582208,-32.51659091,394.4516597,-496.4126933,-72.11234229,381.1439359,-504.4343834,-60.92409693,438.2615228,-469.6197888,-93.86031437,425.0915822,-473.1558391,-36.78088955,414.6279435,-506.7780268,-73.12607941,398.6214345,-514.1516324,388.8326111,75.2116532,58.68688306
45_Femur_R,-94.43475621,1233.89316,-501.7395559,-81.2098004,774.3308392,-276.0848927,-36.0906055,805.0974483,-267.9351831,-122.977827,783.040222,-310.0984679,-49.5243031,766.2806029,-269.8755439,-101.5984814,761.0660655,-286.0022636,-42.82873263,776.8612429,-306.4711476,-94.98167369,766.9643162,-324.3852991,-80.24524667,809.1890016,-247.0574798,-123.626684,796.4951442,-259.7642475,-48.44538865,806.702039,-305.0071526,-96.31690211,793.2998758,-323.9593842,512.1449533,99.06388387,77.29853448
46_Femur_R,-26.78310147,374.2163829,51.73911799,-23.0323073,229.3402397,41.99453926,-10.23583253,235.7413736,48.35918606,-34.87834091,236.3027961,34.87525889,-14.04582898,226.4824275,42.37808176,-28.81484049,227.4885336,37.677614,-12.1468656,234.2707485,34.88996772,-26.93821541,234.3802482,29.08647748,-22.75874552,233.7857179,54.06733192,-35.06236639,232.4697961,49.14624166,-13.73983279,241.3925704,39.48119761,-27.31690605,240.7883295,32.92566791,145.2519265,28.09599093,21.92301411
47_Femur_R,-24.6375967,274.3226214,213.3375996,-21.18726612,163.3888833,138.9392715,-9.415874182,165.5609549,146.9538539,-32.08435355,172.2101001,136.4700942,-12.92066455,160.9357952,137.9303798,-26.50657989,163.8992752,134.6485026,-11.17382078,170.5845021,135.5471785,-24.78028498,173.3410311,130.9741862,-20.93561845,161.3775371,150.6017567,-32.25363737,162.5926458,146.0761114,-12.6391807,174.1463878,142.4804447,-25.12863997,176.6802127,136.9800568,133.6162799,25.84531497,20.1668347
48_Femur_R,-30.15500558,160.2160022,394.0080604,-25.93199879,88.15971803,247.2601372,-11.52449007,85.55734417,257.0845631,-39.26940894,99.0209686,250.0412264,-15.8141525,86.17694225,244.6895273,-32.44253383,91.32654333,243.0244157,-13.6761159,97.86268885,248.0681483,-30.32964784,103.5830545,244.9078513,-25.62399648,78.89065403,258.3910822,-39.47660263,82.94819243,254.3376663,-15.46963241,97.39520443,257.5969427,-30.75601438,103.4470509,253.3173499,163.5386647,31.63318348,24.68304925
49_Femur_R,-83.13593901,-160.600525,1161.584308,-71.49330696,-130.3529189,711.8823113,-31.77247973,-150.1090658,731.7517157,-108.2639225,-108.2543558,733.4943961,-43.59887829,-131.5434519,703.0115349,-89.44254734,-116.9529908,706.1345332,-37.70441145,-108.3000126,727.18683,-83.61741956,-90.28572063,727.5267219,-70.644159,-167.8274046,725.6812733,-108.8351458,-152.5521215,721.5965937,-42.64905251,-122.5513946,749.2932822,-84.79289215,-102.2027386,747.4176915,450.8684447,87.21120632,68.05001152
50_Femur_R,266.0358014,-83.97399068,547.7269237,153.7388995,-68.1582753,341.0477029,176.9200099,-78.48826955,339.6605132,142.7385284,-56.60349032,360.4473685,164.0509846,-68.78077518,329.7381625,144.1083863,-61.15178862,343.1375809,173.0404627,-56.62736315,339.1442573,152.3388578,-47.20814121,351.301549,157.730979,-87.75274497,347.074191,139.369334,-79.76568212,355.2091092,176.5808706,-64.07905369,350.4472815,157.0068216,-53.43925133,360.6159498,235.747813,45.60055471,35.58164603
51_Femur_R,477.2303216,-79.47319871,323.0332436,287.3899391,-64.50516539,206.7762038,305.7329577,-74.28149826,194.6699201,287.5538863,-53.56968744,227.881727,290.4901243,-65.09430085,192.6271148,280.4856201,-57.87420854,213.046257,302.3089544,-53.59228075,196.082599,291.0945858,-44.67790511,215.8428462,293.5136238,-83.0494214,209.8265084,282.3137144,-75.49044477,225.1827116,310.5593087,-60.64457966,203.6713298,299.3280756,-50.57504361,221.2681232,223.1123308,43.15648115,33.67456045
52_Femur_R,1406.31996,-194.4376507,100.6519541,861.8696867,-157.8171386,86.55632132,885.9254009,-181.7357329,38.46666326,888.0352488,-131.0626015,131.0741839,851.1299154,-159.2585065,52.78478055,854.9109021,-141.5939628,108.2873096,880.3987337,-131.1178779,45.64840111,880.8102379,-109.3081322,101.2348784,878.5759694,-203.1871707,85.52826531,873.6306835,-184.6935189,131.7657589,907.162822,-148.3719013,51.63483478,904.8920607,-123.7359616,102.6580128,545.8624816,105.5858446,82.38755365
53_Femur_R,905.9614172,-138.8962133,-440.0334569,564.1060297,-112.7364112,-254.2900581,561.8115646,-129.8226193,-292.6325072,596.1938233,-93.62435201,-236.0950209,545.3996145,-113.7660499,-271.3466439,567.5627683,-101.1474125,-238.3608186,560.9576574,-93.6638386,-286.2155868,581.0662858,-78.0840829,-251.9743353,574.0740729,-145.1464183,-260.8931112,587.5295409,-131.9355089,-230.5222436,579.6532945,-105.9892216,-292.0715577,596.4726633,-88.39057892,-259.6953271,389.9359581,75.42507294,58.8534123
54_Femur_R,244.8609022,-60.24110373,-361.7431005,156.7374529,-48.89525554,-217.8430894,147.5608261,-56.30576741,-231.7471943,172.7355508,-40.60610559,-217.9673622,146.0123689,-49.34182333,-220.1930461,161.4901863,-43.86895528,-212.6095792,148.6316441,-40.62323143,-229.1517816,163.6100157,-33.86608768,-220.6512312,159.0495999,-62.95189939,-222.4848747,170.6896829,-57.22215524,-213.9952843,154.3839421,-45.96891119,-235.4055937,167.7224043,-38.33614976,-226.8922599,169.1203234,32.7128403,25.52549441
55_Femur_R,63.06887305,-121.8353247,-881.2050974,54.23649933,-98.88878134,-540.0506165,24.10334826,-113.8762577,-555.1240127,82.13155064,-82.12429309,-556.4460509,33.07513156,-99.79194759,-533.3210375,67.85321404,-88.72328161,-535.6902173,28.60345078,-82.15892946,-551.6609834,63.43413549,-68.49286507,-551.9188334,53.59231578,-127.3178051,-550.5188327,82.56489402,-115.729617,-547.420099,32.35457145,-92.97036201,-568.4314565,64.32587657,-77.53339439,-567.0085893,342.0393757,66.16046641,51.62433466
56_Femur_R,-650.1710704,-205.2259851,-1338.602543,-375.7260651,-166.5735911,-833.4943977,-432.378919,-191.8193039,-830.1042127,-348.8420029,-138.3345839,-880.9056907,-400.9280093,-168.094933,-805.8547494,-352.1898304,-149.4502757,-838.6018991,-422.8976036,-138.3929273,-828.8425229,-372.3044708,-115.3730721,-858.5540102,-385.4824008,-214.4609704,-848.2226718,-340.6079505,-194.9412021,-868.1037873,-431.5500885,-156.6042867,-856.466246,-383.7126158,-130.6014268,-881.3176905,576.1495526,111.4442542,86.95881068
57_Femur_R,-1108.783691,-184.6458253,-750.5264771,-667.7138122,-149.8695119,-480.4180958,-710.331473,-172.5835725,-452.2906923,-668.0947226,-124.4623258,-529.4540831,-674.9166966,-151.2382929,-447.5444951,-651.6725091,-134.4633307,-494.9857635,-702.3762385,-124.5148184,-455.5728712,-676.3210857,-103.8034054,-501.4832814,-681.9414114,-192.9547219,-487.5050891,-655.9198527,-175.3924053,-523.1832655,-721.5448829,-140.8999341,-473.2043179,-695.4505476,-117.5046534,-514.0882195,518.3730005,100.2685711,78.23853962
58_Femur_R,-682.8789775,-94.41477607,-48.87444213,-418.5055373,-76.63263647,-42.0299035,-430.186479,-88.24699569,-18.67859124,-431.2109762,-63.64120391,-63.64682805,-413.2905334,-77.33253397,-25.6311636,-415.1264999,-68.75500833,-52.58200793,-427.5028473,-63.66804493,-22.16588996,-427.702665,-53.07769757,-49.15749773,-426.6177518,-98.66335635,-41.53070143,-424.2164265,-89.68323352,-63.98264214,-440.4989178,-72.0462307,-25.07277447,-439.3962845,-60.08354382,-49.84854144,265.0591785,51.27023411,40.00563883
59_Femur_R,-1210.468715,-185.5813257,587.9353393,-753.7105753,-150.6288195,339.7607824,-750.6449059,-173.45796,390.990707,-796.5835605,-125.092909,315.4501187,-728.7166519,-152.0045354,362.5503439,-758.329176,-135.1445836,318.4774852,-749.5039877,-125.1456676,382.4169628,-776.3714294,-104.329321,336.6667102,-767.0290283,-193.932319,348.5832213,-785.007082,-176.2810236,308.004247,-774.4835104,-141.6137978,390.2412139,-796.9561228,-118.0999858,346.9828439,520.9993153,100.7765777,78.63493193
60_Femur_R,-568.5183667,-139.8678744,839.8956095,-363.9132256,-113.525069,505.7883732,-342.6069213,-130.7308053,538.0709424,-401.0576306,-94.27930969,506.0769101,-339.0117113,-114.5619107,511.2445059,-374.9481283,-101.8549984,493.6372024,-345.093148,-94.31907251,532.0449099,-379.869951,-78.63032721,512.3083206,-369.2815716,-146.1618033,516.5656765,-396.3075316,-132.8584758,496.8545344,-358.4488411,-106.7306789,546.5650191,-389.4181003,-89.00892326,526.7987493,392.6637907,75.9527159,59.2651267
61_Femur_R,-80.24584294,-155.0174889,1121.203574,-69.00794951,-125.8213954,687.1347918,-30.66795718,-144.8907496,706.3134662,-104.5002898,-104.4910557,707.9955649,-42.08322876,-126.9705413,678.5723946,-86.33321151,-112.8872957,681.5868266,-36.39367421,-104.5351253,701.9072719,-80.71058554,-87.14707314,702.235348,-68.1883209,-161.993137,700.4540536,-105.0516554,-147.248876,696.5113718,-41.16642225,-118.2910794,723.2452265,-81.8451946,-98.64981389,721.4348379,435.1946804,84.1794397,65.68435507
62_Femur_R,5.077211348,-110.4747893,710.3475622,1.99447903,-90.8956244,435.3397864,29.07153693,-89.21324199,447.4905902,-24.23636946,-90.43537871,448.5562974,17.13148948,-82.99694782,429.9150107,-11.60875184,-89.28725619,431.8248283,13.14615001,-68.88481107,444.6990103,-16.67770692,-73.38304843,444.9068655,13.90263992,-110.4825995,443.7783121,-10.99411039,-114.0702884,441.2803942,14.88504892,-77.94429832,458.2178434,-13.65641418,-80.0537624,457.0708571,275.7210976,53.3325626,41.61485264
63_Femur_R,41.09881193,-64.1870081,489.5571416,32.51211011,-53.56351753,300.0273568,48.09324314,-43.22891264,308.4014444,16.69770682,-62.32770575,309.1359083,38.82478782,-43.63315449,296.2887113,23.83883309,-57.29110303,297.6049189,31.58325,-36.58367342,306.4775442,15.33301286,-49.54543243,306.6207938,46.36893515,-61.1505163,305.8430176,32.74566183,-71.8709861,304.1215033,35.74291436,-41.39159567,315.79445,19.43492327,-52.48572222,315.0039702,190.0213918,36.75572113,28.68011294
64_Femur_R,129.6084725,-67.09269517,937.4263741,105.1979295,-57.69681208,574.5060858,121.1416136,-25.64115258,590.5411713,87.36385947,-87.37158005,591.9475562,106.1587182,-35.18533965,567.3471566,94.38386638,-72.18227924,569.8674911,87.40070566,-30.42836365,586.8571992,72.86274029,-67.48126151,587.1315001,135.4407376,-57.01152933,585.6421788,123.113218,-87.83257094,582.3457445,98.9019124,-34.41880748,604.6976359,82.4800594,-68.42989607,603.1839892,363.8616398,70.38153355,54.91799015
65_Femur_R,46.66559097,2.144661868,300.0574971,38.39516739,0.842486717,183.8916238,37.68451323,12.28009086,189.0242377,38.20075528,-10.23767061,189.4744025,35.05869205,7.236502422,181.6001475,37.71577752,-4.903646054,182.4068725,29.09759264,5.553057514,187.8450481,30.99769045,-7.044820399,187.9328481,46.66889004,5.872605973,187.4561365,48.18436364,-4.644015721,186.4009925,32.92440534,6.287584784,193.5555305,33.81546282,-5.768597902,193.0710327,116.4671872,22.52817649,17.5785055
66_Femur_R,63.47801018,40.644842,484.1495833,52.97186474,32.1529873,296.7133096,42.751414,47.562014,304.9948987,61.63924534,16.51326702,305.7212497,43.15119067,38.39593634,293.0159605,56.65827602,23.57551371,294.3176296,36.17957688,31.23438721,303.0922494,48.99816268,15.16364721,303.2339168,60.47505892,45.8567524,302.4647318,71.07711237,32.38395926,300.762233,40.9343917,35.34810468,312.3062424,51.90597457,19.22024867,311.5244942,187.9224505,36.34972418,28.36331767
67_Femur_R,97.25525042,187.8759591,1358.86085,83.63530327,152.4912802,832.7841518,37.16852795,175.6026932,856.0280573,126.6508206,126.6396291,858.0667041,51.00345142,153.8840062,822.4068158,104.6329355,136.8155883,826.0602055,44.10790353,126.69304,850.6878987,97.81850276,105.6193083,851.0855158,82.6419411,196.3302088,848.9266472,127.319057,178.4606628,844.14825,49.8923129,143.3647916,876.5487787,99.1936106,119.5602414,874.3546488,527.4412487,102.0226368,79.6072191
68_Femur_R,-10.69389076,232.6878375,1496.171562,-4.200877098,191.4491659,916.9356563,-61.23200687,187.9056432,942.5283211,51.04792172,190.4797722,944.7729699,-36.08324816,174.8125561,905.509707,24.45096638,188.0615359,909.5322659,-27.68911563,145.0888281,936.648548,35.12746737,154.5632533,937.0863437,-29.28247464,232.7042876,934.7093249,23.1563761,240.2608676,929.4480783,-31.35167638,164.1703988,965.1226286,28.76386098,168.6134634,962.7067854,580.7383419,112.3318608,87.65140106
69_Femur_R,-126.0421471,196.8492016,1501.377543,-99.70838504,164.2690004,920.1261657,-147.4927216,132.5747561,945.8078811,-51.2086535,191.1470791,948.0603402,-119.0681528,133.814488,908.6604594,-73.10911351,175.7007878,912.6970149,-96.85974983,112.1950862,939.9076491,-47.02339974,151.9463067,940.3469681,-142.2046008,187.5368656,937.9616784,-100.4246432,220.4144834,932.6821251,-109.6166399,126.9400585,968.4808062,-59.60316958,160.9636097,966.056557,582.7590412,112.7227234,87.95638715
70_Femur_R,-44.09316248,22.82512132,318.9150572,-35.78862792,19.62861579,195.4485667,-41.21271353,8.723191354,200.9037473,-29.72142774,29.7240543,201.3822034,-36.11549089,11.97015031,193.0130791,-32.10965359,24.55661196,193.8705039,-29.73396291,10.35181386,199.6504498,-24.7881067,22.95731267,199.7437677,-46.07731526,19.39548069,199.2370965,-41.88345884,29.88088468,198.1156404,-33.6467054,11.70937394,205.7198159,-28.05994538,23.28004078,205.2048691,123.7867409,23.94399327,18.68325284
71_Femur_R,-189.6025512,-8.713772891,1219.135251,-155.999775,-3.423028138,747.1526729,-153.1123832,-49.8940763,768.0065112,-155.2098775,41.59571165,769.8355331,-142.4436574,-29.4019489,737.842392,-153.2394102,19.92354072,741.1201199,-118.223678,-22.56210303,763.2154573,-125.9437857,28.62314379,763.5721892,-189.6159553,-23.86043017,761.6353074,-195.7733328,18.86866126,757.3482515,-133.7720389,-25.54649134,786.4171784,-137.3924103,23.43784481,784.4486611,473.206818,91.53210422,71.42156392
72_Femur_R,-187.2507547,-119.8962809,1428.169764,-156.2591773,-94.84656372,875.2604404,-126.1103571,-140.3009166,899.6899049,-181.82667,-48.71169877,901.8325333,-127.2896393,-113.2623413,864.3538066,-167.1335461,-69.54428347,868.1935381,-106.7244083,-92.13682912,894.0773707,-144.5373431,-44.73051968,894.4952683,-178.3924919,-135.2706468,892.2262863,-209.6669838,-95.52789687,887.2041662,-120.7504097,-104.2716881,921.257289,-153.1149587,-56.69689484,918.9512472,554.3434732,107.2263177,83.66759802
73_Femur_R,-240.0139037,194.93543,-348.2210863,-246.1843251,220.6901329,-606.6971842,-222.737213,211.2105073,-594.7154812,-267.6580435,227.4091268,-595.1494485,-230.6583386,219.1999395,-613.2521769,-256.5959534,221.8324352,-612.1610638,-225.0746371,233.2626314,-601.0676732,-257.0305728,240.7867959,-601.4455606,-242.9267991,200.4575088,-602.015163,-264.5068085,204.2331219,-600.3254294,-228.0132901,226.7364938,-590.3326073,-255.9304934,233.9267871,-590.1206773,259.8293132,47.75421043,37.36005211
74_Femur_R,-477.7064162,682.5423735,-406.2271426,-489.9875792,984.1612232,-826.125697,-443.3201332,955.8976723,-814.9069214,-532.7273244,984.2506914,-799.5346561,-459.085772,988.1159075,-838.9073589,-510.7101355,991.5676373,-834.4068698,-447.972374,1000.229834,-803.9105529,-511.5751707,1013.575106,-797.0741298,-483.5040337,944.6273818,-838.1901957,-526.4553328,949.4537485,-831.5202902,-453.8212576,978.2977437,-791.9013689,-509.3856519,990.4805654,-784.3805492,517.1455824,95.04654686,74.3587617
75_Femur_R,-439.8771105,731.3193508,-9.69782803,-451.185735,1165.167405,-205.6770603,-408.2138581,1137.463585,-209.7433881,-490.5409435,1152.996096,-184.4309672,-422.7310248,1174.205795,-214.0489794,-470.2672836,1174.886311,-208.8708908,-412.4976906,1167.753274,-180.5636243,-471.0638171,1175.247874,-168.967717,-445.2156178,1139.195887,-233.4994278,-484.7656274,1139.973791,-225.958458,-417.8834043,1144.73454,-181.0846065,-469.047685,1150.987049,-169.4781285,476.1931106,87.51986369,68.4703323
76_Femur_R,-120.8772694,175.3732321,98.17457284,-123.9848547,305.5485445,111.1453138,-112.1762768,299.514246,106.3711268,-134.79958,299.7328033,114.5291745,-116.1655625,308.84981,110.3948135,-129.2284226,308.300297,111.7206071,-113.3534646,302.7133758,117.4771523,-129.4473082,302.9036898,121.266518,-122.3442795,303.1905564,100.9556359,-133.2125358,302.3395624,102.8571333,-114.833447,297.3069163,114.190419,-128.8932796,297.2001828,117.8116385,130.856827,24.0502673,18.81549782
77_Femur_R,-548.0570565,466.0512073,783.0586976,-562.1468359,947.7871814,1129.096208,-508.6067908,934.9162445,1096.670354,-611.1807574,917.2801437,1129.198852,-526.6941962,962.451167,1133.633289,-585.9211517,957.287902,1137.593346,-513.9441556,922.3004681,1147.531203,-586.9135785,914.4572619,1162.8418,-554.7084747,961.628389,1083.740316,-603.9851052,953.9762229,1089.27745,-520.6543898,908.5227213,1122.369228,-584.4016146,899.8943291,1136.346184,593.304331,109.0438162,85.30939185
78_Femur_R,-368.8129336,8.131099164,613.1713352,-378.2945977,172.4489822,976.9292348,-342.2650258,175.858376,953.7010945,-411.2917906,154.6352934,966.7242564,-354.4368772,179.4683791,984.5074305,-394.293434,175.1268346,985.0780067,-345.8567853,151.3927377,979.0973446,-394.9612839,141.6702026,985.381157,-373.2889805,195.7765178,955.153535,-406.4495035,189.4538265,955.805765,-350.3724122,151.8295528,959.7973929,-393.2708672,142.0981548,965.0397804,399.2619167,73.38062578,57.40863426
79_Femur_R,-474.4087556,-385.3071564,688.2898434,-486.6051404,-436.2136097,1199.190762,-440.259845,-417.4762893,1175.507864,-529.0498483,-449.4942966,1176.365639,-455.9166518,-433.2681103,1212.147286,-507.1846466,-438.4714715,1209.990605,-444.8799708,-461.0642673,1188.063535,-508.0437103,-475.9364454,1188.810463,-480.1663515,-396.2220346,1189.936332,-522.821153,-403.6848688,1186.596424,-450.6884789,-448.1647779,1166.844725,-505.8693059,-462.3770301,1166.425827,513.5756686,94.39042989,73.84545465
80_Femur_R,-156.7878255,-224.0169504,133.3276426,-160.8186209,-323.0111484,271.1423737,-145.5019178,-313.73478,267.460264,-174.846215,-323.0405127,262.4149391,-150.6763516,-324.3091137,275.3374376,-167.6199626,-325.4420045,273.860334,-147.0288278,-328.2850204,263.8511504,-167.9038754,-332.6650666,261.6073708,-158.6906591,-310.0357627,275.1020578,-172.7876872,-311.6198225,272.9129309,-148.9484875,-321.0866983,259.9096211,-167.1852543,-325.0852171,257.441216,169.732138,31.19518781,24.40525831
81_Femur_R,-116.7963255,-194.1801719,2.574970718,-119.7989954,-309.3756603,54.61144557,-108.3890875,-302.0197322,55.69113836,-130.2486043,-306.1439299,48.97017544,-112.2436907,-311.7755366,56.83436049,-124.8655349,-311.9562277,55.45947256,-109.5265322,-310.0622611,47.94331719,-125.0770308,-312.0522298,44.86436778,-118.2138078,-302.4796936,61.99885039,-128.7151403,-302.6862429,59.99656944,-110.9565489,-303.9503186,48.08164857,-124.5417067,-305.6104871,44.99989244,126.4389627,23.2383051,18.1802668
82_Femur_R,-285.8319945,-414.6956742,-232.1481459,-293.1803349,-722.5142524,-262.8193612,-265.2572241,-708.2452705,-251.5300973,-318.7533357,-708.7620811,-270.8209952,-274.690474,-730.3205778,-261.0446934,-305.5795185,-729.0211738,-264.1797264,-268.0408569,-715.810081,-277.7919201,-306.0971057,-716.2601062,-286.75243,-289.3009548,-716.9384444,-238.7243766,-315.0005373,-714.9261446,-243.2207455,-271.5404919,-703.0257162,-270.0199582,-304.7870238,-702.7733293,-278.5828617,309.4301192,56.8703771,44.4919984
83_Femur_R,-312.4589518,-265.7056779,-446.4383716,-320.4918339,-540.353574,-643.7216955,-289.9675186,-533.0155799,-625.2350283,-348.4471125,-522.9608648,-643.780215,-300.279532,-548.7138232,-646.3083815,-334.0460756,-545.7701363,-648.5660943,-293.0104635,-525.8230582,-654.2318771,-334.6118791,-521.35148,-662.9607732,-316.2510664,-548.24474,-617.8633393,-344.3447185,-543.8820778,-621.0201767,-296.8361103,-517.9680725,-639.8865018,-333.1797552,-513.0488431,-647.8550606,338.2553827,62.16819242,48.63669376
84_Femur_R,-401.6707674,-8.855505172,-667.7992509,-411.9971604,-187.8125974,-1063.964627,-372.7576856,-191.5257367,-1038.667074,-447.9340991,-168.4118731,-1052.850479,-386.0139368,-195.4573579,-1072.21797,-429.4213456,-190.7290218,-1072.83938,-376.6694379,-164.8804355,-1066.325896,-430.1486947,-154.2917122,-1073.169538,-406.5455888,-213.2184015,-1040.248913,-442.6604089,-206.3324166,-1040.959251,-381.5873655,-165.3561668,-1045.306496,-428.3076776,-154.757791,-1051.015932,434.832474,79.91816323,62.52321482
85_Femur_R,-541.3156009,439.6478194,-785.3607796,-555.2320669,497.7337148,-1368.315109,-502.3505989,476.3538314,-1341.292163,-603.6628395,512.8874043,-1342.270911,-520.2155175,494.3728055,-1383.098918,-578.7139433,500.3100075,-1380.638075,-507.6223107,526.0891119,-1355.618585,-579.6941626,543.0587439,-1356.470854,-547.8852023,452.1020454,-1357.755508,-596.5556985,460.6173784,-1353.944565,-514.2500047,511.3703808,-1331.407244,-577.2130975,527.5870163,-1330.929267,586.0063049,107.7025069,84.26003139
86_Femur_R,-744.3987748,379.8994588,-353.835424,-1006.678184,430.0914517,-784.066264,-955.4300263,411.6171053,-786.6915506,-1031.668098,443.1857472,-743.6520516,-986.8615167,427.1872917,-810.2583547,-1029.574561,432.3176249,-783.1425967,-965.5647448,454.593336,-795.1348311,-1019.866649,469.2567866,-764.6339857,-996.6180163,390.6611492,-779.3383863,-1031.393195,398.0192442,-755.4584601,-960.0639569,441.874888,-774.1532129,-1006.974752,455.8876745,-746.5923395,506.3677521,93.06568219,72.80905059
87_Femur_R,-640.8861281,296.3442715,51.3036875,-985.8722666,335.4970242,-137.042619,-952.2754345,321.0859304,-158.8044476,-986.9914914,345.7113569,-99.99392257,-982.700784,333.2316059,-162.4658185,-1000.979692,337.2335723,-127.4883633,-962.4150909,354.6099576,-160.5554759,-987.2025853,366.048325,-118.7712182,-977.2320912,304.7390329,-137.7724598,-991.4106325,310.4787865,-108.0769804,-950.5155673,344.6888084,-148.5267828,-971.4566635,355.6196189,-111.611381,394.9970949,72.59679119,56.79540871
88_Femur_R,-365.4442224,204.5770042,251.885075,-636.7046381,231.6055437,258.3606875,-624.1303159,221.6570524,233.7538731,-624.5857473,238.6568613,280.8965035,-643.583843,230.0416448,242.0667803,-642.4387631,232.8043447,269.2872786,-630.7966895,244.7998823,236.206907,-631.1932673,252.6961946,269.7433944,-631.7910425,210.3722069,254.9420431,-630.0177341,214.3345632,277.5894073,-619.5306635,237.9509597,239.2909068,-619.3082514,245.4968875,268.5889047,272.6805615,50.11615031,39.20789329
89_Femur_R,-165.0491366,177.2068974,347.2302848,-365.733477,200.6193217,469.5724448,-366.9580613,192.0018269,445.6673646,-346.8819703,206.7272522,481.2291738,-377.9509704,199.2646549,460.3288145,-365.3026256,201.6577366,480.2526282,-370.8964916,212.0484059,450.3947786,-356.6691478,218.8882803,475.7243011,-363.5281237,182.2267671,464.8798056,-352.3891564,185.6590046,481.1009434,-361.1094614,206.1157923,447.8288956,-348.2534892,212.6521596,469.710781,236.1989632,43.41117199,33.96231726
90_Femur_R,64.88686093,374.8044335,810.5672533,-173.3260472,424.323276,1246.891983,-200.8495414,406.0966985,1204.400048,-126.4683313,437.2419572,1248.307534,-205.4802975,421.4580652,1242.880818,-161.2422051,426.5195929,1265.999253,-203.0641722,448.4965531,1217.224281,-150.217107,462.9633446,1248.574517,-174.2491208,385.4217934,1235.964233,-136.691461,392.6812052,1253.896688,-187.8507603,435.9486786,1202.174238,-141.1616301,449.7735325,1228.659703,499.5765958,91.81753036,71.8325713
91_Femur_R,255.8694784,207.8130725,371.2249429,262.4475244,235.2691586,646.7762477,237.451471,225.1632988,634.0030206,285.3398195,242.4320164,634.4656562,245.8958746,233.6805214,653.7642702,273.5469559,236.4869227,652.601077,239.9433078,248.6722097,640.7748452,274.0102867,256.6934286,641.1776962,258.9748027,213.6999457,641.7849272,281.9804106,217.7249799,639.983568,243.0760914,241.7149485,629.3306093,272.837535,249.3802404,629.1046791,276.993915,50.90890454,39.82809703
92_Femur_R,834.340461,425.80066,396.5874485,1128.309676,482.0570805,878.8007588,1070.86948,461.3505785,881.7432446,1156.318986,496.733489,833.5035152,1106.098667,478.8020265,908.1574984,1153.972498,484.5522302,877.7654898,1082.228721,509.5193952,891.2066811,1143.091631,525.9545513,857.0205831,1117.033992,437.8626274,873.5016372,1156.010868,446.1097612,846.7364284,1076.063303,495.2642457,867.6899672,1128.642076,510.9701216,836.7990622,567.5494347,104.3103059,81.60617526
93_Femur_R,950.3319131,439.4312907,-76.07518614,1461.891335,497.4885785,203.2123471,1412.072591,476.1192249,235.4816681,1463.550967,512.6348048,148.2750392,1457.188532,494.1293245,240.9108972,1484.293236,500.0636024,189.0449097,1427.108084,525.8300104,238.0781638,1463.863985,542.7912849,176.1187738,1449.079333,451.8793829,204.2945846,1470.103848,460.3905221,160.2609248,1409.462989,511.1185285,220.2415304,1440.515295,527.3271771,165.5018771,585.717694,107.6494631,84.21853308
94_Femur_R,378.7334092,212.0163392,-261.0447431,659.858067,240.0277574,-267.7558379,646.8264862,229.7174945,-242.2542096,647.2984792,247.3354924,-291.111157,666.9874306,238.4069881,-250.8694113,665.8007104,241.2701521,-279.0797687,653.735279,253.7019011,-244.7964468,654.1462782,261.8853587,-279.5524709,654.7657911,218.0222815,-264.2128763,652.9279973,222.1287268,-287.6838,642.0595699,246.603921,-247.9925946,641.8290699,254.4242525,-278.3559988,282.5964465,51.93859775,40.63366762
95_Femur_R,121.2946328,130.2293728,-255.1795832,268.7775817,147.4351666,-345.0888531,269.6775288,141.1021685,-327.5210064,254.9236068,151.9238856,-353.6553848,277.7562192,146.4396218,-338.295708,268.4609489,148.1982979,-352.9377213,272.5718817,155.8344022,-330.9951836,262.1162049,160.8610268,-349.6098532,267.1568672,133.9184757,-341.6402319,258.9708387,136.4408275,-353.5611483,265.379392,151.4745236,-329.1095159,255.9315363,156.2781008,-345.1905164,173.58265,31.9028762,24.95891163
96_Femur_R,-53.10860021,306.7699459,-663.4331139,141.8639092,347.3001298,-1020.556194,164.3913397,332.38204,-985.7773935,103.5118042,357.8738125,-1021.714794,168.1815211,344.955012,-1017.273136,131.9735257,349.0977713,-1036.195113,166.2039708,367.0854745,-996.2737727,122.949703,378.9262545,-1021.933315,142.6194265,315.460043,-1011.612049,111.8792318,321.4017266,-1026.289405,153.7520969,356.8152898,-983.9556125,115.537976,368.1306567,-1005.633436,408.8934697,75.15081545,58.79352539
97_Femur_R,-235.4046361,191.1918569,-341.5337896,-241.4565596,216.4519622,-595.0460687,-218.4597298,207.1543849,-583.2944644,-262.5178931,223.0419234,-583.7200977,-226.2287368,214.9903867,-601.4751782,-251.6682412,217.5723276,-600.405019,-220.7522656,228.7830163,-589.5246678,-252.0945141,236.1626855,-589.8952982,-238.2615917,196.6078888,-590.4539619,-259.427175,200.3109945,-588.7966782,-223.6344842,222.3822077,-578.9957599,-251.0155609,229.4344175,-578.7878999,254.839507,46.83713053,36.64258339
98_Femur_R,-449.6189585,71.88005051,-512.7859324,-476.451108,100.181729,-893.414539,-439.5692656,105.3563408,-875.7704359,-508.7836498,92.93948616,-876.4094906,-455.553629,109.7129732,-903.0673376,-490.5701063,93.97248926,-901.4605784,-458.7870162,131.7583394,-885.1245929,-505.0803504,117.8249394,-885.681065,-457.3996395,76.77760011,-886.5198543,-487.7005416,65.70340854,-884.0315741,-457.7295208,121.271858,-869.3162716,-498.6264408,109.8863656,-869.0041863,382.6213342,70.3222415,55.01593643
99_Femur_R,-232.5566168,-88.88404956,-280.3803036,-252.9996587,-82.81814518,-488.4998278,-236.9499029,-70.28474356,-478.8524122,-266.3299433,-95.08688999,-479.2018335,-245.7099396,-72.5917262,-493.7777702,-257.9878045,-89.61835154,-492.8992288,-253.2679918,-63.0366886,-483.9670638,-271.3797569,-82.29058749,-484.2713307,-237.5798936,-88.69209647,-484.7299627,-248.9005344,-102.2199327,-483.3694247,-249.9003513,-67.71318182,-475.3234142,-266.153355,-84.28526362,-475.1527727,209.2091048,38.45068708,30.0815291
100_Femur_R,-243.3003772,-299.5631596,-434.6173585,-275.4450158,-307.264509,-757.2233216,-263.6134237,-277.9999919,-742.2688679,-283.8310426,-334.0660185,-742.8105058,-273.5850942,-287.8864083,-765.4046573,-276.8707319,-320.2593406,-764.0428309,-291.1368457,-280.9173485,-750.1970866,-300.5278121,-320.8017923,-750.6687307,-250.1925253,-303.1987662,-751.3796558,-254.9048966,-330.1329384,-749.2706865,-282.9915243,-284.5851034,-736.79857,-291.9657836,-319.428775,-736.5340586,324.2949213,59.60238942,46.62936218
101_Femur_R,-49.72815318,-311.0559924,-354.7562532,-69.30785844,-329.6190461,-618.0832475,-72.88776534,-304.1034003,-605.8766804,-64.29752027,-351.9873887,-606.3187921,-75.90177664,-315.1617241,-624.7612597,-65.01217386,-339.3868705,-623.6496693,-91.15323153,-317.3986504,-612.3480859,-81.51380801,-349.4253671,-612.7330652,-53.11638254,-316.4388335,-613.3133575,-45.45502043,-337.4016444,-611.5919122,-83.89845982,-316.6670525,-601.4115518,-76.02173321,-344.9604146,-601.1956445,264.7056058,48.65042773,38.06119912
102_Femur_R,120.2151369,-314.531411,-379.2126568,112.0110381,-342.180501,-660.6930486,95.05968857,-320.4733038,-647.6449777,128.6044409,-360.2096299,-648.117568,98.17986857,-332.3212002,-667.8314337,121.2082759,-348.9269379,-666.6432118,85.25673828,-342.54342,-654.5625129,111.2975195,-367.0394722,-654.9740321,119.9555215,-321.3253624,-655.594329,138.2518379,-336.6364603,-653.7542096,91.58166695,-337.9887065,-642.8720293,113.9953069,-359.9707953,-642.6412377,282.9540429,52.00432061,40.68508535
103_Femur_R,208.7364572,-169.5323912,-302.8426051,214.1027792,-191.9308663,-527.6353529,193.7111809,-183.6865795,-517.2150473,232.7781469,-197.7742735,-517.5924621,200.6000639,-190.6348677,-533.3361308,223.1576146,-192.9243094,-532.3872063,195.7440032,-202.8649778,-522.7394525,223.5355965,-209.4086298,-523.0680954,211.2697581,-174.3348595,-523.56347,230.0375655,-177.6184531,-522.0939343,198.2997052,-197.1892948,-513.4033282,222.5788742,-203.4425841,-513.219016,225.9696187,41.5311136,32.4914715
104_Femur_R,343.1317447,-54.85606573,-391.3383284,363.6090001,-76.45480869,-681.8193133,335.462209,-80.40387166,-668.3540183,388.2839416,-70.92780995,-668.8417201,347.660855,-83.72868449,-689.1859547,374.3840719,-71.71615784,-687.9597384,350.1284506,-100.5528527,-675.492748,385.4577272,-89.91942238,-675.917426,349.0696585,-58.59368557,-676.5575574,372.1941314,-50.14229222,-674.6585985,349.3214112,-92.54997686,-663.4284506,380.5323538,-83.86101085,-663.1902792,292.0017573,53.66720631,41.98602822
105_Femur_R,220.5457815,84.29346128,-265.8995217,239.933003,78.54084223,-463.2703114,224.7121678,66.65475233,-454.1211552,252.5748193,90.17594405,-454.45253,233.0197755,68.8425864,-468.2756642,244.6635264,84.98983882,-467.4424969,240.1874776,59.78103716,-458.9716507,257.3638256,78.04053129,-459.2602033,225.3096214,84.11142197,-459.6951482,236.0455859,96.94058702,-458.4048778,236.9937653,64.21600386,-450.7744191,252.4073513,79.93218851,-450.6125907,198.4040968,36.46482713,28.52791052
106_Femur_R,336.414236,414.2094337,-600.9504313,380.8609983,424.8581782,-1047.021415,364.5013195,384.3937931,-1026.343719,392.4564542,461.9169344,-1027.092648,378.2892632,398.0638551,-1058.333842,382.8323524,442.8262817,-1056.450829,402.5582724,388.4276557,-1037.306159,415.5432699,443.5763359,-1037.958306,345.9440886,419.2364289,-1038.941311,352.4599386,456.4786192,-1036.025215,391.2956425,393.4991027,-1018.779875,403.7044543,441.6778491,-1018.414133,448.4063257,82.41291093,64.47495665
107_Femur_R,87.41749563,546.8076756,-623.6286937,121.8368072,579.4398078,-1086.533204,128.1299526,534.5856615,-1065.075187,113.0290959,618.7612859,-1065.852379,133.4283058,554.0251723,-1098.272532,114.2853909,596.61074,-1096.318459,160.2389534,557.9574819,-1076.45132,143.293738,614.2574889,-1077.128078,93.37368957,556.2702127,-1078.148178,79.90572333,593.120896,-1075.122036,147.4857354,556.6714005,-1057.225904,133.6391783,606.4085153,-1056.846359,465.3279819,85.5229539,66.90806911
108_Femur_R,-175.6459322,459.5607867,-554.0663374,-163.658951,499.958779,-965.3363911,-138.8913912,468.2424662,-946.2718985,-187.903516,526.3010786,-946.9623985,-143.4502757,485.5533878,-975.7662614,-177.0970042,509.8159753,-974.0301545,-124.5683335,500.4890387,-956.3790859,-162.6164314,536.2801382,-956.9803553,-175.266609,469.4874061,-957.886669,-201.9992953,491.8583998,-955.1980767,-133.8096655,493.8341623,-939.2981597,-166.5581595,525.9521182,-938.9609508,413.4232003,75.98333792,59.4448414
109_Femur_R,-288.4720445,289.2536363,-466.5753062,-293.4799273,320.7468447,-808.7710015,-262.815949,310.4011099,-796.9773819,-320.124877,329.8933405,-789.3948884,-278.9375678,316.2520952,-816.5017052,-307.6930218,325.5444458,-813.4456005,-269.6841241,335.7040934,-804.6362378,-304.920446,344.4117205,-803.6405963,-290.1924172,294.7347341,-799.9679412,-316.7406957,297.6043772,-794.2659628,-272.2553746,327.4792135,-787.4655446,-305.0176016,337.6704387,-784.4287643,343.6783306,61.00618403,46.05292043
110_Femur_R,-462.7638852,776.088774,-416.1897746,-470.7974791,1094.31472,-866.3311195,-421.6066407,1070.482109,-858.2448695,-513.5410332,1091.480183,-832.0761282,-447.4687756,1094.271061,-880.6763622,-493.597979,1104.72935,-868.977264,-432.6244966,1111.77789,-848.589688,-489.1502415,1123.076528,-840.2221311,-465.5236893,1051.116011,-874.9654803,-508.1121644,1050.529189,-864.7421723,-436.7492702,1086.578794,-831.3321094,-489.3060976,1098.301362,-818.9388752,551.3252413,97.86549268,73.87762086
111_Femur_R,-100.387363,190.9433963,5.990189516,-102.1300904,299.5520892,-44.06008487,-91.45912256,294.197656,-45.12595026,-111.402449,295.3041062,-37.93215464,-97.06939512,301.0998439,-46.75981628,-107.0762026,301.7956674,-43.42758495,-93.84922588,300.9085162,-38.83291492,-106.1113549,302.123569,-36.03542147,-100.9860473,292.3730084,-50.36774298,-110.2247646,291.1538931,-48.51077159,-94.74401295,294.3025976,-38.32400724,-106.1451648,295.1606478,-34.72424078,119.5989767,21.22995989,16.0262713
112_Femur_R,-179.0910663,289.6622764,179.5762991,-182.2000922,502.1064044,199.1281149,-163.1630844,494.7846137,192.7052094,-198.7419809,490.0772015,204.8065011,-173.1718112,506.9058295,196.3376557,-191.0239567,505.0085189,202.1065924,-167.4270289,499.5394338,208.41397,-189.3026684,498.9213132,213.819895,-180.1591191,496.6412319,182.9791094,-196.6409917,493.1012931,184.7606597,-169.0233292,488.8794139,203.3077473,-189.3629852,486.9941004,209.6347292,213.3645872,37.87425071,28.59086968
113_Femur_R,-148.5728911,133.6200167,249.1675704,-151.1521207,278.1403719,351.335761,-135.3591314,275.5442368,343.6841702,-164.8751739,267.1426185,350.4257172,-143.6623121,282.745991,351.3217441,-158.4723466,278.9899311,354.6794354,-138.8964746,272.4443877,356.9424077,-157.044376,269.7579375,360.5698976,-149.4589414,280.9124809,337.4665777,-163.1322057,277.6302316,337.2781755,-140.2207559,266.9037472,348.8520995,-157.0944145,262.9248311,352.6156943,177.0060018,31.42025479,23.71881661
114_Femur_R,-171.4620823,-10.23127152,326.1322079,-174.4386689,75.25482962,511.6363599,-156.2126062,77.07533267,502.490963,-190.2759004,64.78829632,504.3807851,-165.7949778,79.86598341,514.279932,-182.8866514,74.17451682,515.4684018,-160.2949137,66.32679908,513.9531434,-181.2386871,61.54866726,516.0284593,-172.4846379,86.02833898,499.3744565,-188.2644099,82.85662322,497.2922019,-161.8232142,65.45758239,502.6702038,-181.2964345,59.30916455,504.1357575,204.2756079,36.26087012,27.37294581
115_Femur_R,-358.5552058,-359.5266822,579.9279622,-364.7797342,-398.6710431,1005.258771,-326.6660616,-385.8118523,990.5999371,-397.8979707,-410.0396445,981.1753063,-346.704365,-393.0843117,1014.867619,-382.4458447,-404.6342028,1011.069045,-335.2028332,-417.2620972,1000.119482,-378.9996824,-428.0852085,998.8819534,-360.6935363,-366.3393914,994.3170411,-393.6916157,-369.9062031,987.2297892,-338.398759,-407.0390147,978.7772359,-379.1204416,-419.7061585,975.0026817,427.1736446,75.8273991,57.2412983
116_Femur_R,-461.8504911,-774.5569456,415.3683077,-469.8682286,-1092.154784,864.6211726,-420.774482,-1068.369213,856.550883,-512.5274162,-1089.325841,830.4337931,-446.5855708,-1092.111211,878.938101,-492.6237253,-1102.548858,867.2620942,-431.7705911,-1109.583485,846.9147588,-488.1847666,-1120.859822,838.5637176,-464.604848,-1049.041339,873.2384911,-507.1092628,-1048.455676,863.0353617,-435.8872233,-1084.434127,829.6912429,-488.3403151,-1096.133557,817.3224702,550.2370468,97.67232759,73.73180284
117_Femur_R,-446.967896,-850.1624662,-26.6709108,-454.7272711,-1333.735273,196.1745267,-407.2155135,-1309.895024,200.9202198,-496.0118161,-1314.821418,168.8903348,-432.1948699,-1340.626546,208.194897,-476.7494984,-1343.724652,193.3583639,-417.8572857,-1339.774672,172.9009086,-472.45358,-1345.184612,160.4452596,-449.6334969,-1301.770905,224.2589448,-490.7682564,-1296.342877,215.9909062,-421.8412642,-1310.36227,170.6350318,-472.6041161,-1314.18268,154.6073168,532.506297,94.52495039,71.35588123
118_Femur_R,-496.4134261,-802.9001447,-497.7584182,-505.0311771,-1391.763228,-551.9531029,-452.2634624,-1371.468328,-534.1497776,-550.8827977,-1358.420091,-567.6927332,-480.0061438,-1405.06651,-544.2183708,-529.4895988,-1399.807452,-560.2089934,-464.0824737,-1384.647972,-577.692093,-524.7184472,-1382.934635,-592.6765016,-499.3739074,-1376.614594,-507.1904953,-545.0591726,-1366.802417,-512.1286839,-468.5071772,-1355.100005,-563.5384136,-524.8856363,-1349.8742,-581.0758531,591.4144573,104.981711,79.24957876
119_Femur_R,-463.6517793,-416.9883082,-777.5778373,-471.7007872,-867.9933286,-1096.414356,-422.4155675,-859.8915637,-1072.536018,-514.5263523,-833.6726131,-1093.57438,-448.3273235,-882.3660953,-1096.370613,-494.5450339,-870.6445502,-1106.848969,-433.454563,-850.2178571,-1113.911032,-490.0887625,-841.8342456,-1125.231348,-466.4168787,-876.644256,-1053.132762,-509.0870672,-866.4013328,-1052.544815,-437.5872507,-832.9271668,-1088.663587,-490.2449177,-820.510154,-1100.408647,552.383056,98.05326472,74.01936854
120_Femur_R,-121.3904025,7.243456692,-230.892565,-123.4977433,-53.2783338,-362.2243636,-110.594196,-54.56719951,-355.7496761,-134.7100643,-45.86831829,-357.0876177,-117.3782495,-56.54290289,-364.0959394,-129.4786807,-52.51350227,-364.9373431,-113.4843566,-46.9575356,-363.8645821,-128.3119677,-43.57475069,-365.3338482,-122.1143435,-60.90567985,-353.5432758,-133.2859848,-58.66019299,-352.0690973,-114.566351,-46.34215427,-355.8765736,-128.3528513,-41.98924484,-356.914145,144.6214691,25.67169114,19.37928703
121_Femur_R,-93.12079093,93.3730942,-150.6137678,-94.73737047,103.5393219,-261.0769285,-84.83882408,100.1996464,-257.2698657,-103.3385463,106.4918746,-254.8221838,-90.04299523,102.0883853,-263.5724536,-99.32545664,105.088021,-262.5859217,-87.05591899,108.3676262,-259.7421979,-98.4304498,111.1785091,-259.4207978,-93.67613925,95.14243087,-258.2352391,-102.246109,96.0687717,-256.3946007,-87.88593661,105.7125775,-254.1993782,-98.46181233,109.0023762,-253.2190843,110.9417657,19.6932223,14.86620438
122_Femur_R,-677.1844538,405.4508233,-364.2073693,-923.0938417,449.5952892,-776.0956862,-877.6045917,435.0935296,-783.2702392,-941.8587904,462.4160589,-733.9003418,-910.8587008,443.2949367,-795.6722536,-943.6236234,456.3201531,-771.8089288,-891.3097676,470.5610716,-787.7538679,-933.3860337,482.766673,-761.849619,-912.9333824,413.133754,-767.7135511,-941.164592,417.1561724,-742.1852622,-882.3968604,459.0321437,-765.107945,-920.0392276,473.3173251,-738.4599038,481.7386704,85.513212,64.55301559
123_Femur_R,-832.3109295,439.0808774,25.10200385,-1285.965117,486.8868991,-228.037492,-1247.187494,471.1822933,-259.3973764,-1280.716354,500.7710854,-178.3035592,-1285.090467,480.0639648,-253.0225187,-1302.897971,494.1695557,-212.9008128,-1262.468761,509.591685,-256.1814075,-1287.903877,522.809678,-209.1037695,-1271.897357,447.4010676,-225.6778502,-1284.551351,451.7571248,-186.4495254,-1241.847579,497.1064919,-239.7688468,-1262.721585,512.5765554,-194.3944714,521.6964078,92.60609191,69.90735529
124_Femur_R,-372.1905605,230.7397575,230.116276,-645.1625886,255.862122,234.111101,-635.7547313,247.6092531,209.6502195,-629.7061204,263.1583491,255.3659737,-651.329428,252.2766272,222.5105536,-648.8915507,259.6892037,245.4489912,-641.8642571,267.7936295,215.1290134,-641.0700265,274.7397678,243.237287,-638.1403225,235.1120696,231.48863,-633.5918123,237.4012051,252.6663873,-628.1670687,261.2325822,217.1801189,-625.7446066,269.3621976,243.3147888,274.1547372,48.66508258,36.7367541
125_Femur_R,-264.7334002,294.7122549,492.2287633,-564.1249111,326.799784,670.9742635,-569.3399177,316.2588108,637.9092439,-533.4541506,336.1188869,684.6140443,-578.3546377,322.2202123,662.0808398,-561.0089724,331.6879225,685.8968581,-572.5989574,342.0392968,647.8711999,-553.7697945,350.9112489,678.4554053,-558.0321429,300.2967887,663.5888749,-539.476256,303.2205859,684.1094485,-556.1381917,333.6592019,641.3926264,-536.7683844,344.0427498,668.7539394,350.1640189,62.15745557,46.9220031
126_Femur_R,18.03772145,315.5133992,598.079452,-163.8624862,349.8657046,924.064896,-186.3969764,338.5807368,896.20019,-128.1248284,359.8425609,920.293256,-181.8161506,344.9629012,923.4363925,-152.9856174,355.0988538,936.2324545,-184.0860553,366.1808405,907.180956,-150.2571496,375.6789856,925.4580439,-162.1669021,321.4920961,913.9561276,-133.9783319,324.6222584,923.0489961,-172.2923674,357.2092685,892.36305,-139.687387,368.3256996,907.3626298,374.8790153,66.54460328,50.23381434
127_Femur_R,401.5935259,402.6816112,649.5382339,408.5652008,446.5245723,1125.922613,365.8766443,432.1218591,1109.504241,445.658706,459.2577766,1098.948347,388.3201977,440.2672509,1136.684836,428.3518208,453.2035056,1132.43031,375.4381069,467.3471593,1120.166442,424.4920066,479.4693969,1118.78037,403.9885259,410.3120678,1113.667519,440.9474512,414.3070132,1105.729566,379.0176481,455.8969734,1096.26243,424.6272609,470.0845876,1092.034806,478.4484153,84.9291604,64.11212122
128_Femur_R,771.7948237,462.0969146,415.091281,1052.06055,512.4088644,884.5250802,1000.215934,495.8810441,892.7019999,1073.447175,527.0208414,836.4345663,1038.116021,505.228281,906.8367168,1075.458576,520.0732683,879.6394141,1015.835879,536.3038051,897.8120425,1063.790678,550.2146678,868.2886754,1040.480559,470.853238,874.9718656,1072.655989,475.437634,845.8769843,1005.677737,523.1641548,872.0022266,1048.579171,539.4451385,841.631151,549.0430415,97.46038025,73.5718062
129_Femur_R,739.1627799,389.9411031,-22.29271092,1142.04622,432.3969096,202.5166563,1107.608398,418.4498862,230.3668966,1137.384873,444.7272461,158.348701,1141.269456,426.3375646,224.7054816,1157.084032,438.8645271,189.0739999,1121.17946,452.5606875,227.5108431,1143.768003,464.2993877,185.701903,1129.552854,397.3301384,200.4210941,1140.790675,401.1986871,165.5830106,1102.8661,441.4727759,212.9350956,1121.40399,455.2115059,172.6387973,463.3107094,82.2420732,62.08366759
130_Femur_R,166.738385,103.3695601,-103.0902454,289.0276635,114.6241778,-104.8798949,284.8130189,110.9269588,-93.92161628,282.1032897,117.892829,-114.4019074,291.790358,113.0179049,-99.68294279,290.6982086,116.3386798,-109.9591788,287.5500375,119.9693975,-96.37607201,287.1942285,123.0812117,-108.9683531,285.8817446,105.3283209,-103.705049,283.8440485,106.3538352,-113.1925144,281.4138069,117.0301009,-97.2949508,280.3285633,120.6721034,-109.0030733,122.8191227,21.80156656,16.45777108
131_Femur_R,207.7995812,231.3311546,-386.3695733,442.8036666,256.517909,-526.6738948,446.8971289,248.2438876,-500.71987,418.7289893,263.8328366,-537.3802912,453.9731345,252.9232244,-519.6930993,440.3578447,260.3547997,-538.3872218,449.4552764,268.4799975,-508.5393982,434.6755313,275.4439391,-532.546135,438.0212149,235.7146732,-520.876815,423.4559749,238.0096758,-536.9842143,436.5345787,261.9021339,-503.4541129,421.3304608,270.052586,-524.9310757,274.8574092,48.78981351,36.83091218
132_Femur_R,-26.68961752,466.8512023,-884.9516754,242.4600632,517.680787,-1367.297899,275.8033503,500.9829201,-1326.067727,189.5806337,532.4430995,-1361.71717,269.0253052,510.4263261,-1366.36793,226.3660422,525.4240462,-1385.301696,272.3839826,541.821571,-1342.31548,222.3288492,555.8755557,-1369.359278,239.9511824,475.6976153,-1352.340402,198.2418036,480.3291778,-1365.794717,254.9333851,528.5467333,-1320.390081,206.6892396,544.995224,-1342.584295,554.6918755,98.46310239,74.32875021
133_Femur_R,-114.0564371,114.3654638,-184.4751271,-116.0364601,126.8172879,-319.7728883,-103.912498,122.7267784,-315.1099122,-126.5713735,130.4336408,-312.1119365,-110.2866838,125.0401482,-322.8294636,-121.6560511,128.7141694,-321.6211371,-106.6280457,132.7311036,-318.1380803,-120.5598266,136.173936,-317.7444223,-114.7366402,116.5325871,-316.2923233,-125.2333317,117.6671902,-314.037868,-107.6446699,129.4791403,-311.3491102,-120.5982401,133.5085596,-310.1484242,135.8839674,24.12070118,18.20846123
134_Femur_R,-542.8274666,146.2375715,-642.0821139,-570.4656488,180.3250148,-1112.998025,-526.8019585,189.0943446,-1096.768121,-608.514332,172.8918575,-1086.3334,-550.041475,184.9745251,-1123.636708,-590.7057942,176.2630005,-1119.43102,-552.3978482,214.5243148,-1107.30793,-600.3836594,200.6565687,-1105.937768,-548.6492211,151.5861311,-1100.883608,-582.2637168,136.7388059,-1093.036776,-549.8028628,202.952766,-1083.678315,-595.8609085,192.5555308,-1079.49922,472.956254,83.95424929,63.37617128
135_Femur_R,-398.4449917,-106.1854743,-470.9580933,-428.5025707,-94.66864688,-816.3682126,-403.9827281,-73.0848691,-804.4638093,-449.9456953,-113.3444009,-796.8100895,-417.2339568,-84.22477706,-824.1715349,-439.8697466,-104.671838,-821.0867226,-429.5679409,-66.31842222,-812.1946089,-454.9634616,-92.72590946,-811.1896147,-404.1046171,-104.9230636,-807.4824605,-420.0119757,-126.6822187,-801.7269204,-423.6757781,-72.71717793,-794.8626224,-449.1195339,-96.21314219,-791.797316,346.9066818,61.57924716,46.48551965
136_Femur_R,-477.6922,-476.4014288,-770.5326971,-529.7021254,-484.6717709,-1335.656844,-512.6165085,-434.03129,-1316.180097,-544.8072413,-528.6749675,-1303.657876,-522.2792048,-460.655576,-1348.423829,-537.6251948,-508.1441962,-1343.37678,-554.4034952,-445.3738395,-1328.828428,-568.7838349,-503.5653849,-1327.184161,-486.7440402,-479.2425637,-1321.1189,-491.4831548,-523.0861112,-1311.702283,-540.8203955,-449.6201692,-1300.471632,-557.6508453,-503.7258341,-1295.456496,567.572667,100.7495657,76.05477731
137_Femur_R,-129.0985633,-479.208218,-566.8302445,-159.1909664,-503.6072119,-982.554924,-166.9325328,-465.0608955,-968.2271612,-152.6289734,-537.1965985,-959.0153864,-163.2955552,-485.5767463,-991.9467555,-155.6050192,-521.4752171,-988.2339731,-189.3821167,-487.6569531,-977.5317067,-177.139667,-530.0188388,-976.3221276,-133.820273,-484.3476642,-971.8603141,-120.7130507,-514.0225491,-964.9331284,-179.1667506,-485.3660994,-956.6714767,-169.9880689,-526.0261532,-952.982171,417.5258947,74.11483154,55.9484992
138_Femur_R,154.8627419,-581.0991036,-686.8534717,138.0664006,-624.9355995,-1190.605595,106.5882438,-589.1754347,-1173.244007,165.3034449,-656.2086252,-1162.081689,122.8348793,-608.5012569,-1201.986096,152.6552284,-641.5136864,-1197.487152,96.71994003,-626.4893539,-1184.518739,135.2330786,-663.5266228,-1183.053038,153.0216203,-589.3531997,-1177.64646,184.7555504,-612.5527681,-1169.25248,106.0519966,-617.8961212,-1159.241469,140.3189194,-655.0037371,-1154.770972,505.9347361,89.80824468,67.79529017
139_Femur_R,330.6726316,-331.5685624,-534.8306266,336.4131177,-367.6689136,-927.086144,301.2633048,-355.8097008,-913.5672353,366.9559581,-378.1534506,-904.8754985,319.7433558,-362.516627,-935.9477727,352.7054464,-373.168356,-932.4445903,309.1362255,-384.8142588,-922.3465055,349.5272703,-394.795725,-921.2052115,332.6446777,-337.8514903,-916.9952836,363.0767048,-341.1409335,-910.4591626,312.0836244,-375.3861609,-902.663911,349.6386389,-387.0682609,-899.1828799,393.9550475,69.93078107,52.79000403
140_Femur_R,578.6650379,-155.8922034,-684.4724956,608.1278981,-192.2301062,-1186.478364,561.5815227,-201.5783887,-1169.176959,648.6885624,-184.3062104,-1158.053335,586.3553164,-197.1865779,-1197.819414,629.7043017,-187.8999169,-1193.336066,588.8672578,-228.6872504,-1180.412607,640.0211013,-213.903953,-1178.951987,584.8711457,-161.593876,-1173.564151,620.7048767,-145.7663275,-1165.199269,586.1009511,-216.3517457,-1155.222961,635.1997575,-205.2680831,-1150.767961,504.1809152,89.49692464,67.5602779
141_Femur_R,195.4316211,52.0824701,-230.9982696,210.1744376,46.43362951,-400.4170375,198.1478023,35.84709242,-394.5780964,220.6919862,55.59382214,-390.8240553,204.6473421,41.31105939,-404.2444565,215.7498762,51.34005296,-402.7313998,210.6969866,32.52824613,-398.369944,223.1531295,45.48074434,-397.8770086,198.2075871,51.46327559,-396.058702,206.0099211,62.13583275,-393.2356912,207.8069642,35.66674512,-389.8688503,220.2867658,47.19118257,-388.3653609,170.1528106,30.2037479,22.80048859
142_Femur_R,198.8547359,198.3174109,-320.7590076,220.5055394,201.7602067,-556.0101024,213.3931021,180.6794784,-547.90228,226.7935296,220.077952,-542.6895029,217.4155101,191.7626934,-561.3247704,223.8037718,211.5313584,-559.2237739,230.7882788,185.4011793,-553.1675544,236.7745575,209.6252809,-552.4830754,202.6228554,199.5001247,-549.9582157,204.5956642,217.7514108,-546.0382463,225.1338768,187.1688506,-541.3631266,232.1400927,209.692073,-539.2754151,236.27037,41.94024588,31.66024623
143_Femur_R,180.3883174,669.593541,-792.0270485,222.4361747,703.6860463,-1372.915585,233.2533992,649.8256084,-1352.895524,213.267158,750.6202086,-1340.02399,228.1714814,678.4922311,-1386.03871,217.4255614,728.652857,-1380.850871,264.6220105,681.3988862,-1365.896686,247.5157404,740.5907865,-1364.206552,186.9859219,676.7748452,-1357.972098,168.6713125,718.2393078,-1348.292801,250.3481669,678.197896,-1336.748865,237.5228736,735.011841,-1331.59383,583.4053591,103.5600196,78.17635898
144_Femur_R,-171.9781158,645.3219653,-762.7642677,-153.325449,694.0032547,-1322.190893,-118.3683378,654.2908895,-1302.910508,-183.5727216,728.7325638,-1290.514534,-136.4105455,675.7525946,-1334.829163,-169.5266288,712.4135458,-1329.832997,-107.4093926,695.7287295,-1315.431319,-150.1789892,736.8593439,-1313.80363,-169.9335141,654.4883011,-1307.799518,-205.1746666,680.2518773,-1298.477839,-117.7728247,686.1857759,-1287.360414,-155.8269154,727.394512,-1282.39584,561.8504597,99.73381929,75.28800097
145_Femur_R,-293.7574757,238.5851091,-426.1941408,-301.309557,270.1066602,-742.5477031,-272.6121688,258.5043734,-727.883138,-327.5916727,278.3300796,-728.4143184,-282.3070188,268.2828152,-750.5704483,-314.0524989,271.5047349,-749.235045,-275.4730546,285.4944602,-735.6578015,-314.5843976,294.7033826,-736.1201152,-296.9183401,245.1799704,-737.260052,-323.734689,249.9646342,-734.749246,-279.0204524,277.9515372,-722.6683043,-314.3604686,286.3917026,-722.3220853,318.0097774,58.44729787,45.69163561
146_Femur_R,-109.6727794,156.699405,-93.26238685,-112.4923085,225.9455939,-189.6634999,-101.7782924,219.4568051,-187.0878913,-122.3045956,225.966127,-183.5587252,-105.3978127,226.8535219,-192.5979229,-117.2498176,227.6459693,-191.5647092,-102.8463888,229.6347149,-184.5633396,-117.4483991,232.6984996,-182.9937667,-110.8528712,216.8990902,-192.6069881,-120.8646114,217.9773982,-190.9020151,-104.1707908,224.7711126,-181.7715531,-117.3647964,227.4354075,-180.0840663,118.7272463,21.8209855,17.05872733
147_Femur_R,-551.4303443,916.7824266,-12.15707296,-565.6068236,1460.654419,-257.8368647,-511.7371796,1425.924991,-262.9344717,-614.9426101,1445.396545,-231.2029738,-529.9359828,1471.984928,-268.3318305,-589.5273888,1472.838035,-261.8406686,-517.1075255,1463.896409,-226.354651,-590.5258488,1473.291298,-211.817902,-557.3637986,1428.662727,-293.3965456,-607.7024272,1429.07178,-283.2616669,-523.7665656,1435.70013,-226.4252592,-590.1054978,1443.059071,-212.3793819,596.9558415,109.7150412,85.77059813
148_Femur_R,-255.9264077,371.3074372,207.8593227,-262.5059068,646.9199321,235.3214232,-237.504264,634.1439187,225.2133176,-285.4033239,634.6066919,242.4858032,-245.9505789,653.9094814,233.7324591,-273.6077701,652.7460558,236.5394492,-239.9967154,640.9173351,248.727531,-274.0711691,641.3201105,256.7504976,-258.6802055,642.3132424,213.6048756,-282.0430555,640.1257864,217.7733545,-243.0872675,629.6006686,242.1560108,-273.8760785,629.2990369,249.5092235,277.0554171,50.92025979,39.80731443
149_Femur_R,-434.3043529,369.3191763,620.5298527,-445.4696918,751.0677125,894.7448531,-403.0421737,740.8682993,869.0492411,-484.3263617,726.8927965,894.8261642,-417.375479,762.6880317,898.3402494,-464.3094341,758.5965038,901.4783422,-407.2718369,730.871071,909.3537774,-465.0958172,724.6555603,921.4863688,-438.977518,762.72393,858.9206867,-478.6240223,755.9722346,863.1907877,-412.5164705,719.8155927,890.0939058,-464.7647505,713.1331426,900.6445172,470.1600537,86.41113159,67.55258306
150_Femur_R,-206.1486469,4.544842638,342.7331462,-211.4484315,96.39063456,546.0561523,-191.3096155,98.29634177,533.0727817,-229.8922944,86.43372768,540.3520956,-198.1131197,100.3141092,550.2919894,-220.3909792,97.88743058,550.6109181,-193.3172844,84.62121376,547.2681493,-220.764247,79.18674469,550.7803673,-208.3668303,109.6843899,534.0962665,-227.1855991,105.8955315,534.2491881,-195.8067232,84.64761018,536.727154,-220.6071015,79.39665032,539.4782461,223.1680578,41.01625452,32.06478016
151_Femur_R,-406.513096,-330.1634151,589.7841384,-416.9639618,-373.7841716,1027.566584,-377.2513924,-357.7284729,1007.273184,-453.3341824,-385.1640612,1008.008253,-390.6675055,-371.2602635,1038.668773,-434.5981437,-375.7188821,1036.820789,-381.2103982,-395.0784117,1018.032068,-435.3342059,-407.822079,1018.671836,-410.887224,-339.2896422,1020.249325,-447.9967374,-345.9108474,1016.774773,-386.1194263,-384.6402195,1000.056693,-435.0243242,-396.3200508,999.5775819,440.0743808,80.88165902,63.22987443
152_Femur_R,-246.6215151,-352.370432,209.719415,-252.9617988,-508.0845492,426.4968932,-228.869158,-493.4931901,420.7051144,-275.0267188,-508.130722,412.7690676,-237.0083844,-510.1262098,433.0955393,-263.6600241,-511.9081887,430.7721484,-231.2709896,-516.380287,415.0281472,-264.106575,-523.269829,411.4986438,-249.2751912,-487.7416487,433.1159243,-271.7886219,-490.1664432,429.2819463,-234.2491764,-505.4434896,408.7502483,-263.9185773,-511.4346977,404.9555915,266.9823225,49.06891682,38.3600125
153_Femur_R,-445.2825119,-740.3059808,9.816891726,-456.7300835,-1179.485089,208.2044414,-413.2301009,-1151.440918,212.3207822,-496.5689556,-1167.164287,186.6974533,-427.9257173,-1188.634527,216.679174,-476.0460488,-1189.323415,211.4375312,-417.5666796,-1182.103011,182.7824106,-476.8523097,-1189.689426,171.0439196,-450.0738033,-1153.651652,236.9190455,-490.722475,-1153.981964,228.7350849,-422.9438848,-1159.334388,182.839427,-476.5128744,-1165.276766,171.4973172,482.0445579,88.59539502,69.26014842
154_Femur_R,-298.3139636,-432.804861,-242.2858155,-305.9831856,-754.0654003,-274.2962991,-276.8406707,-739.1733724,-262.5140486,-332.6729646,-739.7127919,-282.6472723,-286.6858981,-762.2125867,-272.4441643,-318.923784,-760.8564699,-275.7160594,-279.7459319,-747.0686291,-289.9227801,-319.463933,-747.5381137,-299.2745425,-301.5238564,-748.6957321,-248.98297,-328.756155,-746.1459809,-253.841849,-283.3483536,-733.877651,-282.2628584,-319.2365306,-733.5260618,-290.8339396,322.942444,59.35387698,46.40036111
155_Femur_R,-526.5695196,-447.7786602,-752.3574292,-540.106863,-910.6272178,-1084.827643,-488.6658916,-898.2610049,-1053.673163,-587.2183824,-881.3164964,-1084.926228,-506.0442153,-924.7161991,-1089.186858,-562.9489874,-919.7554525,-1092.991618,-493.7941194,-886.1399298,-1102.540139,-563.9024325,-878.6039737,-1117.250222,-532.2354686,-924.7597238,-1041.392863,-580.3046178,-916.5736741,-1046.570119,-500.1529417,-872.7357862,-1079.188632,-563.5010328,-864.6336925,-1091.980653,570.0425335,104.7686207,81.90369454
156_Femur_R,-261.5340302,-5.765892862,-434.8143067,-268.2576932,-122.2876381,-692.763539,-242.7082375,-124.7053464,-676.2919625,-291.6568173,-109.6556368,-685.5269893,-251.3396203,-127.2652218,-698.1374068,-279.6028103,-124.1865741,-698.5420211,-245.2553012,-107.3561598,-694.3011599,-280.0763628,-100.461627,-698.7569957,-264.3481667,-139.1529897,-677.590424,-288.2229217,-134.3461892,-677.7844307,-248.4135706,-107.389648,-680.9281447,-279.8769975,-100.7279274,-684.4183651,283.1259988,52.0359774,40.67953538
157_Femur_R,-484.3359597,393.3698965,-702.6924089,-496.7875391,445.3414103,-1224.283922,-449.4723958,426.2120087,-1200.105554,-540.1204745,458.8998659,-1200.981344,-465.4568894,442.3343252,-1237.511514,-517.7976087,447.6465017,-1235.309752,-454.1893136,470.7122195,-1212.924119,-518.6745826,485.8955344,-1213.686364,-489.5474707,404.2432485,-1215.565847,-533.761229,412.1320171,-1211.426128,-460.038126,458.2757399,-1191.507538,-518.3053772,472.191558,-1190.936706,524.3222164,96.3656432,75.33460099
158_Femur_R,-218.4448385,111.4820365,-103.8334551,-295.4110627,126.2108967,-230.0852469,-280.3722208,120.7895753,-230.8556743,-302.7444254,130.0533978,-218.2256738,-289.5958285,125.3586811,-237.7713385,-302.1300186,126.8641655,-229.8142048,-283.3463189,133.401049,-233.3333902,-299.2811958,137.7040394,-224.3828256,-292.3987428,114.5635724,-228.9714636,-302.6636907,116.7992696,-221.6902901,-281.7470584,129.8765189,-227.2482529,-295.9669247,133.8202973,-218.8516071,148.5942594,27.3102702,21.35001889
159_Femur_R,-813.764014,376.282705,65.14286935,-1251.809436,425.9966816,-174.009472,-1209.149972,407.6982224,-201.6416145,-1253.230737,438.9661853,-126.9669838,-1247.782411,423.1202182,-206.290508,-1270.992029,428.2016445,-161.8780284,-1222.024973,450.2654343,-203.8649626,-1253.498502,464.7892167,-150.8094807,-1241.124535,386.6837407,-175.837506,-1258.841763,394.2298372,-137.2305691,-1207.080703,438.3691701,-188.7766217,-1234.475942,451.6805132,-140.2346037,501.5467212,92.17971478,72.06221862
160_Femur_R,-430.5428214,241.0195171,296.754836,-750.1243036,272.862699,304.3839751,-735.3101083,261.142028,275.3937726,-735.8467086,281.1700262,330.9342609,-758.228909,271.0202444,285.1875442,-756.8798799,274.275039,317.2569399,-743.1641008,288.4075087,278.2838495,-743.6311317,297.7103945,317.7942658,-744.7826998,247.6816691,299.9479524,-742.2462748,252.5151534,327.0379224,-730.0420649,280.7876213,281.8674433,-729.6923133,289.3139061,317.568052,321.2545965,59.04366598,46.15785121
161_Femur_R,-254.9411414,273.7206195,536.3452119,-564.9257789,309.884228,725.3195367,-566.8174007,296.5733171,688.3948334,-535.8070993,319.3186787,743.3250615,-583.7973551,307.7917924,711.0414559,-564.2602923,311.4881918,741.8165154,-572.9009093,327.5381301,695.6971039,-550.9246866,338.103215,734.821832,-562.1911189,281.2866805,717.9234206,-544.3137338,286.7759634,743.1268345,-557.9601385,318.8843898,691.770457,-537.3439465,328.5675058,726.6843384,364.8418527,67.0546063,52.42046694
162_Femur_R,15.30583782,88.41062907,191.2003593,-40.88491625,100.0913252,294.1226324,-47.377309,95.79195598,284.0994504,-29.83190766,103.1386138,294.4565785,-48.46960367,99.41547714,293.1764507,-38.03453662,100.6093989,298.6297359,-47.8997024,105.7934626,287.1245347,-35.43389288,109.2059414,294.5194919,-41.31442745,90.85443552,291.6121294,-32.24341905,92.62745121,295.7749338,-44.3545761,102.9983403,283.6132591,-32.949241,106.1259467,290.0499893,117.8424109,21.65836078,16.93159421
163_Femur_R,198.867154,161.5167122,288.5237751,203.9797419,182.8560879,502.6879676,184.5522604,175.0016027,492.7603894,221.7721386,188.4231564,493.1199865,191.1154542,181.6213862,508.1191843,212.6064248,183.8025528,507.2151466,186.4890153,193.2732798,498.0236604,212.9665082,199.5075115,498.3366363,201.0069876,165.9812837,499.1083477,219.1610481,169.2203927,497.4085889,188.8905232,188.1668919,489.2300651,212.8149133,193.8806925,488.9956827,215.2854126,39.56749609,30.93220195
164_Femur_R,701.9399293,358.2309081,333.6533315,949.2594192,405.5599049,739.3446469,900.9343422,388.1392965,741.8203004,972.8240871,417.9072093,701.2356764,930.5730307,402.821437,764.0427565,970.8497826,407.6590868,738.4736936,910.4911633,428.6643878,749.7820711,961.6955151,442.4914058,721.020766,939.579778,368.1329641,735.7656701,972.5646582,375.317044,712.3687046,905.3521779,417.3388353,730.2283893,951.0455987,430.0115797,703.2470198,477.4855049,87.75748264,68.60510373
165_Femur_R,488.958739,226.0934544,-39.14178399,752.162977,255.9646245,104.5554369,726.5305857,244.9698012,121.1585028,753.016981,263.7574884,76.28945891,749.7432963,254.2362709,123.9518398,763.6890413,257.2894998,97.26613034,734.2666665,270.5467619,122.4944251,753.1778701,279.2735306,90.61547607,745.7428407,232.343027,105.6538305,756.3884252,236.8771791,82.45644296,725.2872436,263.3987654,113.4284354,741.7479631,271.3970271,84.26144904,301.3596672,55.3871594,43.29934828
166_Femur_R,606.1424591,339.3208656,-417.78819,1056.067289,384.1514924,-428.5289222,1035.211029,367.650471,-387.7148805,1035.966486,395.847016,-465.9079115,1067.477409,381.5575809,-401.5031044,1065.57817,386.1398642,-446.6522078,1046.268323,406.036352,-391.7836937,1046.925835,419.1334791,-447.4086856,1048.547078,348.7002188,-422.2836393,1044.976156,355.5050705,-460.4224265,1027.794381,395.3086449,-396.8288791,1027.301981,407.3124293,-447.090209,452.2803345,83.12500203,64.98362545
167_Femur_R,240.4850627,258.1996769,-505.9325114,532.8924575,292.312679,-684.1913131,534.6768177,279.7565445,-649.3603731,505.4249117,301.2121623,-701.1758599,550.6939476,290.3388919,-670.7228507,532.2647064,293.8256922,-699.7528538,540.4153695,308.9655413,-656.2485786,519.6852775,318.9315479,-693.154794,530.3128626,265.3367151,-677.2145833,513.4491894,270.5147359,-700.9888731,526.321794,300.8024993,-652.5445867,506.8746142,309.9365478,-685.4787256,344.1540089,63.25236922,49.44803812
168_Femur_R,-22.17424459,128.0843908,-277.0004217,59.23178747,145.0067322,-426.1084734,68.63760414,138.7780457,-411.5874461,43.21880479,149.421474,-426.5922759,70.22005978,144.0276012,-424.7376981,55.10231636,145.7572884,-432.6381137,69.39441859,153.267671,-415.9700196,51.33464868,158.21148,-426.6834213,59.85403934,131.6248414,-422.4713966,46.71246805,134.1934876,-428.5022356,64.25843724,149.2182536,-410.8830793,47.73502355,153.7493555,-420.2082552,170.7235156,31.3774257,24.52954978
169_Femur_R,-426.6706876,346.5350876,-619.029513,-437.639776,392.318848,-1078.52009,-395.9579964,375.4670021,-1057.22041,-475.8134713,404.2630273,-1057.991928,-410.0393685,389.6697879,-1090.172798,-456.1483766,394.3494941,-1088.23318,-400.1133157,414.6689965,-1068.51279,-456.9209376,428.0445786,-1069.184282,-431.2617136,356.1138531,-1070.839993,-470.2113606,363.0633811,-1067.193151,-405.2657656,403.7132101,-1049.646078,-456.5956899,415.9722042,-1049.143209,461.8961615,84.89230341,66.36522722
170_Femur_R,-353.3938169,56.4966622,-403.0420017,-374.483426,78.74127725,-702.2102932,-345.4948219,82.80846288,-688.3423512,-399.8963107,73.04889949,-688.8446762,-358.0583371,86.23271584,-709.7972189,-385.5807081,73.86091926,-708.5343587,-360.5997835,103.5600758,-695.6946717,-396.9855366,92.6086529,-696.1318711,-359.100807,60.4031453,-697.2098831,-383.3252422,51.6418885,-694.8354717,-359.938448,95.70522397,-683.4108027,-392.8720608,85.90743281,-683.0833914,300.734536,55.27226603,43.20952958
171_Femur_R,-112.7578288,-43.09647971,-135.9456676,-122.6698474,-40.15536823,-236.8548357,-114.8879294,-34.07839092,-232.1771926,-129.1331761,-46.10403631,-232.3466263,-119.1353502,-35.19696467,-239.4138982,-125.0883991,-43.45251834,-238.9879367,-122.7999815,-30.56409172,-234.657123,-131.581654,-39.89954571,-234.8045899,-115.0837213,-42.9178399,-235.1682023,-120.6823276,-49.56252531,-234.3673157,-121.2820823,-32.74703474,-230.5137862,-129.2499111,-41.16330018,-230.4033506,101.4374608,18.64328052,14.57453147
172_Femur_R,-336.5096222,-414.3268518,-601.1206225,-380.9688313,-424.978598,-1047.317865,-364.6045193,-384.502697,-1026.634398,-392.5674585,-462.0479057,-1027.383595,-378.3964101,-398.1766867,-1058.633453,-382.9407296,-442.9517338,-1056.749949,-402.6723768,-388.5378005,-1037.600082,-415.6609953,-443.7019442,-1038.252147,-345.8112683,-418.7850567,-1039.859958,-352.5597424,-456.6078674,-1036.318621,-392.0335478,-393.541187,-1019.279195,-403.9378819,-443.3861061,-1018.790875,448.533232,82.4363188,64.44524193
173_Femur_R,-87.51978448,-547.4473976,-624.3581081,-121.9792346,-580.1176115,-1087.803972,-128.2797699,-535.2109519,-1066.320945,-113.1610911,-619.4850734,-1067.099104,-133.5843289,-554.6732723,-1099.556986,-114.4190025,-597.3085694,-1097.600672,-160.4263891,-558.610263,-1077.710529,-143.4613839,-614.9759517,-1078.387801,-93.57137312,-556.2881773,-1080.057765,-79.99918536,-593.8145949,-1076.37953,-148.2583262,-557.5857789,-1058.681413,-133.0804283,-608.6037077,-1058.174215,465.8721556,85.62305492,66.93649797
174_Femur_R,80.25297023,-209.9742424,-253.1539393,74.77612075,-228.4321058,-441.0639616,63.45975612,-213.9408517,-432.3533951,85.8535518,-240.4679223,-432.6689096,65.54273056,-221.8502712,-445.829371,80.91597466,-232.9358602,-445.0361583,56.91553369,-228.6744376,-436.9714471,74.29973575,-245.0274043,-437.2460556,79.92031253,-214.3054496,-437.9231636,92.29384615,-224.731006,-436.4317766,60.98054461,-225.8478512,-429.2558497,76.65306136,-240.6853028,-429.0502,188.8937931,34.71695708,27.14025479
175_Femur_R,315.0967443,-255.9165208,-457.153936,323.1974275,-289.7278752,-796.4882024,292.4153901,-277.2827696,-780.7583671,351.3887409,-298.548664,-781.3281338,302.814498,-287.7715416,-805.0937396,336.8660482,-291.2275095,-803.6613294,295.4840977,-306.233483,-789.0978014,337.4365853,-316.1113642,-789.5936987,318.4872218,-262.990449,-790.8164433,347.2515764,-268.1226827,-788.1232462,299.2891873,-298.1426235,-775.164715,337.1963895,-307.1959033,-774.7933458,341.110793,62.69305387,49.01078899
176_Femur_R,295.4924951,-47.24004462,-337.0061416,313.1267063,-65.84002143,-587.1576176,288.8877,-69.24082466,-575.5618494,334.375852,-61.08030345,-575.9818717,299.3927634,-72.10403562,-593.501474,322.4057696,-61.75927896,-592.4455254,301.51781,-86.59241818,-581.7095391,331.9419897,-77.43531608,-582.0751062,300.2644313,-50.50647539,-582.9764928,320.5198473,-43.1806946,-580.9911135,300.9648301,-80.02453374,-571.4383037,328.5024806,-71.83204814,-571.1645366,251.4611013,46.21625794,36.12992384
177_Femur_R,577.4747152,220.713077,-696.2282486,628.2378437,205.6505529,-1213.021572,588.3837513,174.5280953,-1189.065625,661.3389498,236.1158912,-1189.933358,610.1363707,180.2567269,-1226.127482,640.6241451,222.536483,-1223.945975,628.9043085,156.5300641,-1201.76627,673.8785145,204.3403908,-1202.521502,589.3864745,219.7981962,-1204.383697,618.0590163,253.8280978,-1200.282059,621.1305829,167.7097259,-1180.546703,661.9367935,210.8125467,-1179.981122,519.4989066,95.47916292,74.64158806
178_Femur_R,384.501489,473.4167493,-686.8504172,435.3013205,485.5876116,-1196.682804,416.6031856,439.3391742,-1173.049531,448.5541047,527.9436189,-1173.905576,432.3620292,454.9633021,-1209.612184,437.5544443,506.1240154,-1207.460061,460.1001524,443.9497505,-1185.579105,474.9411639,506.9812182,-1186.324165,395.1297045,478.5107684,-1188.161276,402.8406232,521.7277406,-1184.114885,447.9440495,449.6667031,-1164.645355,461.5461395,506.6203364,-1164.087391,512.5015272,94.19310837,73.63620486
179_Femur_R,34.33920031,214.796071,-244.9727026,47.85968563,227.6145329,-426.8099916,50.33175914,209.9949879,-418.3809265,44.39980513,243.0607222,-418.6862444,52.41305215,217.6312101,-431.4213961,44.89335834,234.3595649,-430.6538178,62.94478376,219.175925,-422.8497358,56.2884064,241.2915264,-423.1154697,36.71359732,218.2648331,-423.7706955,31.38842339,232.9886716,-422.327506,58.17053129,218.7739591,-415.3834852,52.21534208,238.7913173,-415.1844816,182.7892671,33.59500085,26.26315665
180_Femur_R,-151.8732831,397.3619601,-479.0765973,-141.5087183,432.2922103,-834.6835229,-120.0932686,404.8684983,-818.1993687,-162.4720025,455.0691736,-818.7964583,-124.0351559,419.8365362,-843.7017357,-153.1279739,440.8152587,-842.2006347,-107.7087731,432.7508065,-826.9387177,-140.6071921,463.6976829,-827.4583955,-151.2437511,405.5584749,-828.7397765,-174.6598211,425.2881307,-825.917428,-115.4015295,427.4016843,-812.3374748,-145.0607006,455.4805514,-811.9482968,357.4686449,65.69947795,51.36108469
181_Femur_R,-152.4467193,123.8147798,-221.1753026,-156.3659092,140.1730437,-385.3483637,-141.4732577,134.1519653,-377.738134,-170.0051159,144.4406188,-378.0137964,-146.5044553,139.2265428,-389.5117992,-162.9788875,140.8985847,-388.8187811,-142.9579171,148.1585859,-381.7728085,-163.2549607,152.9376085,-382.012748,-153.9057517,127.2752895,-382.3603362,-168.0035122,129.7202331,-381.301297,-145.5997307,143.5428981,-374.9248292,-162.9371324,148.9251138,-374.9756741,165.032563,30.33149045,23.58627439
182_Femur_R,-314.5175793,449.3796709,-267.4561573,-322.6033822,647.9626541,-543.9134854,-291.8778885,629.3541976,-536.5272425,-350.7428546,648.0215458,-526.4063543,-302.2579092,650.5663751,-552.3287733,-336.2468238,652.8389588,-549.3657202,-294.9409357,658.5421945,-529.2873445,-336.8163992,667.3285022,-524.7861748,-317.5277544,621.8355806,-551.8795843,-346.6132837,625.1115517,-547.4652539,-300.3913437,643.2310943,-521.8132801,-336.1606776,652.9000781,-516.3520174,340.4838259,62.57784353,48.66157809
183_Femur_R,-485.9438046,807.9075535,-10.71332825,-498.4367336,1287.190658,-227.2167374,-450.9644641,1256.585608,-231.7090395,-541.9134841,1273.744806,-203.745857,-467.0020629,1297.175562,-236.4653652,-519.5164646,1297.927363,-230.7450353,-455.6970098,1290.04757,-199.4733231,-520.3964841,1298.326819,-186.6629209,-490.5946605,1258.385365,-258.0595135,-535.5331112,1259.358603,-249.6221653,-464.1181353,1263.786698,-201.3008339,-519.3833648,1272.505316,-186.5238938,526.062823,96.68558264,75.18432653
184_Femur_R,-547.2392883,793.9548697,444.4589709,-561.3080377,1383.288307,503.1803703,-507.8477595,1355.969801,481.5664537,-610.2688142,1356.959349,518.4997211,-525.9082925,1398.233827,499.782708,-585.0467022,1395.746094,505.7848511,-513.1772542,1370.453106,531.8461394,-586.0377248,1371.314419,549.0014375,-552.4767892,1372.56216,456.8811919,-603.0836404,1368.760518,465.6578268,-522.6605951,1345.870856,515.2771654,-584.8968137,1346.053375,534.5977508,592.4187985,108.88121,84.66785053
185_Femur_R,-425.0281403,361.4309681,607.27609,-435.9550137,735.0258058,875.6342411,-394.433648,725.0442936,850.4874189,-473.9817201,711.3672765,875.7138254,-408.4608476,746.3979339,879.1528193,-454.3922872,742.3937667,882.22391,-398.5729436,715.2605467,889.9310648,-455.1619915,709.1778222,901.804576,-429.0959865,745.7909155,840.3270208,-468.4011612,739.8255425,844.7540544,-405.9384359,705.1603555,869.2401755,-454.2758722,697.7801946,882.3065046,460.1180246,84.56552582,65.75956773
186_Femur_R,-120.6102201,2.659025315,200.5209387,-123.7109385,56.39471157,319.4779872,-111.9284221,57.50969142,311.8818787,-134.5017757,50.56928893,316.1407552,-115.90892,58.69020136,321.956219,-128.942883,57.27042763,322.1428145,-113.1030299,49.50885509,320.1870668,-129.161302,46.32934047,322.2419586,-121.7645526,64.04982309,312.3285747,-132.9181807,61.9556912,312.5701302,-115.1931353,49.96243937,313.6691739,-128.9098479,46.29483424,315.8331164,130.5676752,23.99715626,18.66059013
187_Femur_R,-325.2686371,-264.177969,471.9116919,-333.6308345,-299.0808532,822.2002917,-301.8550607,-286.2339518,805.9626904,-362.7321899,-308.1863843,806.5508589,-312.5898985,-297.0613473,831.0836249,-347.7406458,-300.6289072,829.6049635,-305.0228111,-316.1192418,814.5712921,-348.3296907,-326.3160251,815.08324,-328.3817081,-271.5615012,815.8248733,-358.4614591,-276.7781662,813.5652495,-310.6595288,-306.2709584,799.9600697,-347.6515549,-317.7547474,800.0685552,352.1224799,64.71692278,50.32496182
188_Femur_R,-438.524707,-626.5598537,372.9080367,-449.798558,-903.4395904,758.3662011,-406.958701,-877.4942427,748.0677306,-489.0327844,-903.5217018,733.9564064,-421.4313278,-907.0698993,770.0994456,-468.8212984,-910.2385111,765.9681281,-411.229438,-918.1904029,737.9733055,-469.6154443,-930.4409519,731.697427,-442.7217257,-867.0112061,769.4731516,-483.2750175,-871.578818,763.3183511,-418.828818,-896.8424842,727.5523875,-468.7011867,-910.3237284,719.9378732,474.728854,87.25086397,67.84773153
189_Femur_R,-486.8482472,-809.4112376,10.73326798,-499.3644282,-1289.586388,227.639635,-451.8038029,-1258.924375,232.1402983,-542.9220979,-1276.11551,204.1250705,-467.8712509,-1299.589875,236.9054765,-520.4833929,-1300.343076,231.1744999,-456.5451568,-1292.448618,199.8445845,-521.3650503,-1300.743275,187.0103395,-491.5077593,-1260.727482,258.539816,-536.5298499,-1261.702532,250.0867641,-464.9819558,-1266.138868,201.6754966,-520.3500454,-1274.873713,186.8710536,527.0419356,96.86553461,75.32426066
190_Femur_R,-482.0464654,-699.3707264,-391.5104059,-494.4391994,-1218.496649,-443.2363029,-447.3476643,-1194.432607,-424.1972603,-537.56726,-1195.304269,-456.7306536,-463.2566392,-1231.661704,-440.2434054,-515.3498678,-1229.470335,-445.5305109,-452.0422542,-1207.190511,-468.4871081,-516.2228294,-1207.949215,-483.5986891,-486.6600208,-1209.048311,-402.4527631,-531.2380587,-1205.699561,-410.1838342,-460.3958411,-1185.536753,-453.8920022,-515.2178356,-1185.697528,-470.910919,521.8437235,95.91015026,74.58133751
191_Femur_R,-401.2061381,-341.1734639,-573.2394441,-411.5205815,-693.8290363,-826.5566417,-372.3264077,-684.4069684,-802.81925,-447.4159648,-671.4965216,-826.6317654,-385.56741,-704.5637786,-829.8780104,-428.9244816,-700.7840373,-832.7769725,-376.2337038,-675.1715816,-840.0521562,-429.6510455,-669.429782,-851.2601802,-405.0459894,-703.9907824,-793.2283226,-442.1481854,-698.3597571,-797.4072295,-383.1863746,-665.6374864,-820.5209511,-428.8145914,-658.6709693,-832.8549378,434.3293026,79.82579227,62.07387155
192_Femur_R,-180.3622978,-3.976345581,-299.8619622,-184.9991578,-84.33348149,-477.752083,-167.3794093,-86.00083877,-466.3927506,-201.1359344,-75.62205876,-472.7615371,-173.3319045,-87.76619069,-481.4580673,-192.8230845,-85.64304017,-481.7371049,-169.1359351,-74.03627039,-478.8124509,-193.1497115,-69.28157744,-481.8853665,-182.0885037,-95.7810479,-467.0607463,-198.7678032,-92.64945225,-467.4219719,-172.2615096,-74.714567,-469.0654981,-192.7736834,-69.22997631,-472.3014895,195.2528229,35.88570053,27.90532106
193_Femur_R,-398.2798548,323.4765087,-577.8390496,-408.5190676,366.2138467,-1006.754957,-369.6107649,350.4832737,-986.872593,-444.1526402,377.363245,-987.5927843,-382.7551912,363.7410337,-1017.632282,-425.7960286,368.1093836,-1015.821714,-373.4895624,387.0767463,-997.413519,-426.5172931,399.5623441,-998.040381,-402.0916994,332.5173808,-998.9484844,-438.9232825,338.9050012,-996.1816556,-380.3915223,375.0178743,-979.5225979,-425.68694,389.0793647,-979.6554345,431.1614282,79.24356571,61.62112238
194_Femur_R,-565.1535418,288.422781,-268.6346141,-764.2781247,326.5288614,-595.2692403,-725.3700881,312.5029415,-597.2625058,-783.2507607,336.4700485,-564.5865718,-749.2331237,324.3240163,-615.1544508,-781.6611306,328.2189873,-594.5680243,-733.0645364,345.1309403,-603.6727428,-774.2908513,356.2635288,-580.5161175,-755.8347924,296.4839334,-592.1066848,-783.0418321,302.1793555,-573.5500472,-730.417998,334.3788352,-586.780754,-765.4533455,346.9165437,-566.6898513,384.4383591,70.65628876,54.94351223
195_Femur_R,-882.2473566,407.9492533,70.62505013,-1357.157067,461.8470315,-188.6534544,-1310.907542,442.0085723,-218.6110804,-1358.698001,475.9079868,-137.6521023,-1352.791127,458.7284674,-223.6511487,-1377.953928,464.2375694,-175.5011375,-1324.86598,488.1580745,-221.0215305,-1358.988329,503.9041648,-163.5010096,-1344.578091,419.3510612,-190.7507657,-1364.781113,427.4067466,-148.7793854,-1309.678052,472.9501453,-202.2018706,-1338.385071,490.6836571,-152.8149061,543.7550427,99.93725236,77.71287925
196_Femur_R,-662.3395402,370.7802064,456.5224454,-1153.978112,419.7672536,468.2589928,-1131.188243,401.7363149,423.6609213,-1132.013752,432.547088,509.1034531,-1166.446086,416.9328279,438.7275272,-1164.370749,421.9399849,488.0624562,-1143.270625,443.6810465,428.106936,-1143.989157,457.9924799,488.8891951,-1145.030057,381.1431735,460.8917163,-1141.85862,388.4648898,503.1093785,-1122.763419,429.8587412,436.0182064,-1122.915681,445.9765183,487.9374149,494.2124671,90.83177552,70.63230833
197_Femur_R,-203.8119095,218.8251053,428.779526,-451.628175,247.7360223,579.8544781,-453.1404568,237.094618,550.3351205,-428.3493683,255.2783575,594.2489342,-466.7149975,246.0632159,568.4399015,-451.0961655,249.0183134,593.0428888,-458.0038757,261.8493384,556.1728649,-440.4350451,270.2955846,587.4510901,-449.228758,224.9410665,573.4485587,-435.149918,229.2621584,594.090421,-445.1879975,253.6917632,554.1649477,-429.9451173,263.2040678,580.746113,291.6717054,53.60661792,41.68540298
198_Femur_R,32.40448109,187.1769838,404.7964247,-86.55876753,211.906588,622.6964856,-100.3040509,202.8042231,601.4760851,-63.1581137,218.3580943,623.4035034,-102.6165561,210.4757154,620.6932869,-80.52416643,213.0034246,632.2385887,-101.4100237,223.9787309,607.8805538,-75.01821753,231.2034179,623.5367129,-87.52106468,192.408409,616.9249472,-68.26358031,196.1045523,626.1945826,-92.77510857,217.0009651,600.9119652,-70.11517478,225.1375292,614.0834399,249.4879644,45.85362835,35.65654862
199_Femur_R,118.6530335,96.3680903,172.1461813,121.7034354,109.1001297,299.9261152,110.1121182,104.4137761,294.0028861,132.3191656,112.4216884,294.217441,114.0280232,108.3634448,303.1666195,126.8504792,109.6648361,302.6272264,111.2676652,115.3154737,297.1431726,127.0653538,119.0351046,297.3299234,119.7886343,99.06149013,297.6004599,130.7612682,100.9644499,296.7761836,113.3238538,111.7229703,291.8132217,126.8179802,115.9120812,291.8527956,128.4489054,23.6077455,18.35777786
200_Femur_R,279.3959861,142.5880957,132.8053836,377.837569,161.4266681,294.2843389,358.602532,154.4926485,295.2697531,387.2171056,166.3413109,279.1156921,370.3997444,160.3366548,304.1150266,386.4312373,162.2622187,293.9376774,362.4064504,170.6230118,298.4387937,382.7875788,176.1266498,286.9908107,373.6634234,146.5733023,292.7208605,387.1138172,149.3889585,283.5469818,361.0980764,165.307474,290.0878704,378.418565,171.5057638,280.1554943,190.0554921,34.93047824,27.16252433
201_Femur_R,168.8920601,78.09532019,-13.52002941,259.8058823,88.41318255,36.1146682,250.952155,84.61542877,41.84957365,260.1008693,91.10492618,26.35128001,258.9700934,87.81618364,42.81441362,263.7871068,88.87081256,33.59686876,253.6242732,93.45000836,42.31101553,260.1564479,96.46434397,31.29963737,257.3978397,80.27801284,36.5161647,261.2653833,81.82014419,28.48141931,250.7167888,90.53869502,38.70829448,256.2122857,93.93349051,29.2539548,104.0931533,19.13137882,14.87688026
202_Femur_R,390.4943642,218.6002377,-269.1511396,680.348857,247.4814455,-276.0706354,666.9126741,236.8509765,-249.7770283,667.3993678,255.0160301,-300.1512324,687.6995787,245.8103581,-258.6598208,686.4760258,248.7624189,-287.7461286,674.0360629,261.5802585,-252.3982574,674.4596861,270.0178253,-288.2335476,675.0733679,224.7099141,-271.727123,673.2035894,229.0265656,-296.6173163,661.9456653,253.4310661,-257.0624913,662.0354341,262.9335958,-287.6724083,291.3719797,53.55153109,41.64256648
203_Femur_R,168.7760559,181.2084401,-355.0710918,373.9919924,205.1494873,-480.1758251,375.2443086,196.3373711,-455.73093,354.7148795,211.3952734,-492.0958327,386.4853466,203.7642412,-470.723447,373.5514368,206.2113489,-491.09711,379.2716917,216.8366837,-460.5651493,364.7229937,223.830996,-486.4665576,372.005042,186.27305,-474.8711016,360.3463951,189.8513338,-491.9645684,368.6588999,210.0814192,-458.9023988,356.0363147,217.9585313,-480.9141853,241.5325001,44.391486,34.51956219
204_Femur_R,-72.73413992,420.1319223,-908.5940833,194.2872497,475.6392604,-1397.686116,225.1395062,455.2083615,-1350.055432,141.7628341,490.1201208,-1399.273067,230.330087,472.4275661,-1393.189795,180.7421625,478.1011874,-1419.104038,227.62194,502.7360353,-1364.430713,168.3836725,518.9523541,-1399.572065,196.4471934,431.8742246,-1384.731491,153.2224135,440.1704785,-1405.537841,208.2402649,487.0739487,-1348.789226,157.3784477,505.3370399,-1378.353528,559.9933067,102.9216983,80.03363436
205_Femur_R,-155.2142094,126.0624908,-225.1904788,-159.2045475,142.7177197,-392.3439079,-144.0415375,136.5873357,-384.5955235,-173.0913579,147.0627676,-384.8761903,-149.1640706,141.7540362,-396.5829257,-165.9375766,143.456432,-395.8773266,-145.5531492,150.84823,-388.7034428,-166.2186617,155.7140101,-388.947738,-156.6997287,129.585822,-389.3016363,-171.0534174,132.0751506,-388.2233715,-148.2429218,146.1487498,-381.7311464,-165.8950635,151.6286732,-381.7829144,168.0285342,30.88212286,24.01445531
206_Femur_R,-280.6149835,44.86159399,-320.0384932,-297.3613627,62.52511487,-557.5953022,-274.3427096,65.7546796,-546.5833745,-317.540635,58.00504328,-546.9822553,-284.3188876,68.47373952,-563.6197526,-306.1732113,58.64985494,-562.6169621,-286.3369027,82.23265604,-552.4215089,-315.2293417,73.53658237,-552.768699,-284.9470029,48.14246063,-553.2716558,-304.382238,41.00663286,-551.7392364,-286.3080118,74.53725872,-542.51255,-311.9280411,68.73835098,-542.586122,238.8004998,43.88936919,34.12910773
207_Femur_R,-375.1776429,-143.394351,-452.3302343,-408.1578087,-133.608419,-788.0839933,-382.2650797,-113.3885636,-772.5201534,-429.663138,-153.4013279,-773.0839164,-396.397503,-117.1103895,-796.5987223,-416.2050038,-144.5789315,-795.1814163,-408.5907329,-101.6954671,-780.7715506,-437.8099413,-132.7572626,-781.2622558,-382.7985925,-142.4399017,-781.9731158,-401.5447097,-164.9087185,-779.8072526,-403.1171793,-111.0942735,-766.7666049,-430.3783062,-136.2973668,-766.8705888,337.5115442,62.03156508,48.23678281
208_Femur_R,-270.5427794,-333.1052982,-483.2814077,-306.2865749,-341.6689651,-842.0094718,-293.1301545,-309.1276211,-825.3806597,-315.6114846,-371.4714562,-825.9829989,-304.2184133,-320.1210921,-851.1068301,-307.8719259,-356.1187224,-849.5925435,-323.7354675,-312.3716917,-834.1966675,-334.1779208,-356.7219592,-834.7209498,-278.1042022,-336.2933721,-835.4804511,-283.4465518,-367.0978311,-833.1663864,-313.6499105,-318.1442142,-819.2334186,-325.4103772,-356.0274851,-819.3445178,360.6061276,66.27614043,51.53743558
209_Femur_R,-106.4487553,-665.8505209,-759.3956485,-148.3612164,-705.5867643,-1323.076615,-156.0244115,-650.9675065,-1296.947227,-137.6358732,-753.4686657,-1297.893701,-162.4762675,-674.6392407,-1337.371587,-139.165899,-726.4957475,-1334.99214,-195.123782,-679.4276393,-1310.800104,-174.4895125,-747.984369,-1311.623925,-114.2336809,-676.1296489,-1312.817354,-97.30160345,-722.2460795,-1309.18119,-176.8639433,-679.3590862,-1287.287868,-163.1041445,-740.1509573,-1287.462442,566.6320282,104.141835,80.98243324
210_Femur_R,131.1413162,-343.1187461,-413.6786554,122.1915913,-373.2807596,-720.742285,103.6995207,-349.6005621,-706.5083739,140.2931978,-392.9484605,-707.0239634,107.1033169,-362.525371,-728.5294312,132.2246745,-380.6403226,-727.2332339,93.00559834,-373.6766906,-714.0546899,121.4131661,-400.3991202,-714.5034644,130.2684246,-350.0884863,-715.1535815,150.817283,-367.2327494,-713.1727911,101.6012775,-368.6708516,-701.2464656,124.6507688,-393.6025176,-701.3415641,308.6712122,56.7309733,44.11495399
211_Femur_R,467.0557181,-379.3351615,-677.6215994,479.0630611,-429.4524794,-1180.603673,433.4359851,-411.0055155,-1157.287977,520.8499194,-442.5271809,-1158.132533,448.8502205,-426.5526554,-1193.359319,499.3234467,-431.6753418,-1191.236097,437.984582,-453.9180315,-1169.649134,500.1692609,-468.5596705,-1170.384244,471.5258005,-389.9372317,-1171.449161,514.7175444,-397.4278809,-1168.20455,446.0783879,-439.7768063,-1148.668768,499.1955204,-456.2664665,-1148.824543,505.615356,92.92752323,72.26199678
212_Femur_R,568.7875507,-90.93141017,-648.6963326,602.7313262,-126.7341697,-1130.207882,556.0740767,-133.2802785,-1107.887451,643.6333433,-117.572291,-1108.695956,576.2951133,-138.7916287,-1142.419035,620.592346,-118.8792805,-1140.386446,580.385493,-166.6800198,-1119.720954,638.9485085,-149.053668,-1120.424685,577.5682603,-97.58150447,-1121.444144,616.9621644,-83.11766526,-1118.338034,580.3269331,-151.0819711,-1099.636166,632.256996,-139.3279782,-1099.785291,484.0324263,88.9607763,69.17738796
213_Femur_R,198.9294972,76.03162576,-239.8379215,216.4164875,70.84285567,-417.863792,202.687451,60.12173263,-409.6114163,227.8192041,81.33759995,-409.910339,210.1808502,62.09514701,-422.3785353,220.6833315,76.65972292,-421.6270407,216.6460358,53.92173153,-413.9865339,232.1388631,70.39154916,-414.2467193,202.9703341,75.52555054,-414.6236368,212.9100406,87.43913472,-413.4752366,213.7438073,58.90523698,-406.5607268,228.198406,72.26860973,-406.6158619,178.9578965,32.89084059,25.57646795
214_Femur_R,82.5903366,101.6891996,-147.5344278,93.50207528,104.3034854,-257.0456542,89.48573009,94.36937974,-251.9692696,96.3487505,113.4014838,-252.1531496,92.87071426,97.72542743,-259.8228633,93.98604559,108.7146559,-259.3605873,98.82881109,95.35971807,-254.6605891,102.0166461,108.8988098,-254.8206401,84.89866085,102.6624435,-255.052498,86.52955431,112.0663191,-254.3460685,95.74992816,97.12193319,-250.0926617,99.34012155,108.6868033,-250.1265777,110.084555,20.23254423,15.73316488
215_Femur_R,58.48163252,365.810059,-417.2025977,81.50782141,387.6406608,-726.8819643,85.71788621,357.6335146,-712.5268009,75.61545019,413.9463865,-713.0467825,89.26245627,370.6384733,-734.7354456,76.4560275,399.1277981,-733.4282066,107.1985978,373.2691603,-720.1374006,95.86238483,410.9333816,-720.589998,62.75857456,371.4572851,-721.2456531,53.45630015,396.793083,-719.2479893,97.16686783,373.2314981,-707.2200688,89.60740412,406.6298019,-707.3159774,311.3006435,57.21423893,44.49074939
216_Femur_R,-85.46296672,223.6057013,-269.58861,-79.63055579,243.2618648,-469.6976948,-67.57953133,227.8298103,-460.4216534,-91.42712033,256.0790311,-460.7576559,-69.79773784,236.2527281,-474.7724693,-86.16897617,248.0579894,-473.9277556,-60.61045127,243.5198875,-465.3394823,-79.12326698,260.9345221,-465.6319424,-84.89411542,228.1477838,-466.0556146,-98.28551983,239.3204609,-464.7647612,-66.21213551,240.2576521,-456.9925412,-81.23316747,256.5052711,-457.0545156,201.156724,36.97078407,28.7491002
217_Femur_L,38.2922797,-51.19965265,417.9539948,27.81480363,-46.6493546,209.206268,8.065076339,-44.00932512,222.9296426,48.90257624,-41.75260162,220.513811,16.23288053,-47.15371278,205.3446254,39.43036317,-46.94688338,206.6944782,14.4297183,-32.66332337,212.6951979,41.09735602,-32.12265597,212.2066592,21.9257944,-61.66673973,213.8042864,40.915615,-63.88759045,218.1758538,16.15794927,-37.51757197,224.9718858,40.223371,-36.95065419,224.1569939,209.06003,40.97109275,29.97698108
218_Femur_L,46.81568451,-309.7025844,411.228442,34.00604721,-177.2785231,192.9895199,9.860266152,-182.8722972,209.1335579,59.78770653,-179.0061122,207.9552155,19.84612615,-175.4519346,188.5925311,48.20709179,-176.0581021,190.1481785,17.64160151,-164.6029825,205.2331496,50.24513737,-163.7318872,205.0463952,26.80621476,-195.9895565,188.6778285,50.02294296,-201.0132893,191.9488177,19.75451609,-177.2472898,215.2642393,49.1766137,-176.1489031,214.7479915,255.5942995,50.09076941,36.64949959
219_Femur_L,30.40899657,-307.7713924,130.7427986,22.08853259,-162.4013906,50.98592475,6.404708223,-170.7911821,58.25062947,38.83493708,-168.2336643,58.84341796,12.89099558,-159.9458641,49.10573915,31.31278126,-160.7920813,49.78396146,11.45905278,-159.2474977,61.98994576,32.63658805,-158.6968325,62.16780066,17.41190161,-171.5264794,42.48364361,32.4922623,-175.4147824,42.692079,12.83149052,-169.6180618,63.52614106,31.9425315,-168.8325289,63.59246611,166.0205604,32.53631877,23.80557969
220_Femur_L,21.17976786,-231.1737158,-28.31893964,15.38459158,-115.7136693,-25.80213319,4.460858584,-123.3041782,-24.34191165,27.0484082,-121.9679623,-23.09369974,8.978536768,-113.5777637,-26.08109776,21.80925098,-114.3243782,-25.96669875,7.981193237,-117.6434245,-18.06634684,22.73127813,-117.3732098,-17.76729935,12.12733322,-118.2568703,-34.10836968,22.63075571,-120.6748194,-35.33674008,8.937091689,-124.4337593,-20.75127078,22.24786998,-123.9830361,-20.437704,115.6327839,22.6614409,16.58050932
221_Femur_L,21.58249765,-189.5804147,-142.7759814,15.67712705,-88.97009417,-81.72716791,4.545681075,-96.41265677,-84.30595357,27.56272923,-95.86942917,-82.5236037,9.149262165,-86.94303849,-80.88509237,22.22395029,-87.66020743,-81.16454166,8.132954311,-94.61452961,-75.88361723,23.16350964,-94.528434,-75.48203359,12.35793246,-86.98236142,-90.353141,23.0610758,-88.49032009,-92.66913194,9.107029014,-99.23896207,-81.71276905,22.67090957,-99.00096669,-81.20640181,117.8315222,23.09234447,16.89578497
222_Femur_L,37.61216868,-161.7126755,-380.6751565,27.32078357,-63.06328451,-200.8704392,7.92183213,-72.04882597,-211.247574,48.03401524,-72.78203204,-208.0842407,15.94456756,-60.7377274,-197.8332566,38.7300386,-61.57660455,-198.8799227,14.17343138,-76.67389786,-196.9694637,40.36742391,-76.89388238,-196.2883589,21.53636931,-52.54701405,-212.1570457,40.1889108,-52.80482285,-216.9663958,15.87096716,-78.57398148,-209.7965692,39.50896178,-78.65601737,-208.8249621,205.3469048,40.24340322,29.44455848
223_Femur_L,106.6973326,142.6623436,-1164.584003,77.50296864,129.9834259,-582.9308395,22.47247066,122.6272668,-621.1695517,136.2617865,116.3391486,-614.4380958,45.23118147,131.3887659,-572.1707863,109.8684801,130.812458,-575.9320063,40.20686321,91.01284914,-592.6523686,114.513377,89.50633738,-591.2911077,61.09387571,171.8277597,-595.7427248,114.0069751,178.0159222,-607.9236288,45.02239356,104.5386925,-626.8600434,112.0781115,102.9590369,-624.5894346,582.523363,114.161558,83.52764429
224_Femur_L,73.99369949,489.4949247,-649.9598175,53.74765455,280.1944242,-305.0261614,15.58446871,289.0355646,-330.5423342,94.49639873,282.9249344,-328.6799261,31.36744255,277.3074421,-298.0765788,76.19286358,278.2655095,-300.5353296,27.88312025,260.1603234,-324.377613,79.41406036,258.7835292,-324.0824418,42.36808711,309.7678161,-298.211394,79.06287493,317.7079878,-303.381298,31.2226499,280.145059,-340.232074,77.72522424,278.4090233,-339.4161277,403.9750351,79.17007683,57.92571634
225_Femur_L,45.34276268,458.9169911,-194.950191,32.93614405,242.1562216,-76.02495797,9.550041034,254.6662144,-86.85733718,57.90665707,250.8527073,-87.74124231,19.22172446,238.4947936,-73.22141892,46.6903933,239.7565855,-74.23271416,17.08655889,237.4534615,-92.43302038,48.6643176,236.6323663,-92.69821929,25.96283376,255.7626139,-63.34723232,48.4491139,261.5604508,-63.6580297,19.13299665,252.9169783,-94.72363653,47.62941198,251.7456725,-94.82253361,247.5527548,48.51480639,35.49642777
226_Femur_L,83.58360485,912.3014305,111.7575545,60.7135844,456.6511625,101.825257,17.60428366,486.6062638,96.06265463,106.7435431,481.3330359,91.13672475,35.43279957,448.2220479,102.9261597,86.06779016,451.1684789,102.4746967,31.49689393,464.2667272,71.2968341,89.70646806,463.2003548,70.11667636,47.85917552,466.6876229,134.6048981,89.30976747,476.2297908,139.4525256,35.26924116,491.0640304,81.89258865,87.79875143,489.2853011,80.65513213,456.3319571,89.43086319,65.43314116
227_Femur_L,66.01786024,579.9001359,436.7318806,47.95415245,272.1471508,249.9920461,13.90460653,294.9129152,257.880193,84.31055734,293.2512575,252.4282325,27.98632117,265.9466692,247.4162541,67.97997469,268.1403893,248.2710507,24.87757671,289.4126942,232.1174369,70.85395613,289.1493397,230.8890484,37.80119757,266.0669526,276.3776988,70.54062525,270.6795885,283.4619931,27.85713583,303.5581902,249.948002,69.34716098,302.8301955,248.399095,360.4302473,70.63627177,51.68185765
228_Femur_L,35.81858898,154.0012198,362.522222,26.01796045,60.05603895,191.2917003,7.544070416,68.61309449,201.1739894,45.74345775,69.31133678,198.1615033,15.18423244,57.84137872,188.3993493,36.88315198,58.64025304,189.3961039,13.49755493,73.01761449,187.5767474,38.44245668,73.22710879,186.9281218,20.50938267,50.041249,202.040092,38.27245617,50.28676389,206.6201027,15.11414176,74.82709043,199.7921775,37.6249313,74.90521434,198.8669026,195.5547005,38.32435006,28.0404607
229_Femur_L,81.52249572,-109.0016968,889.8047601,59.21643286,-99.31432237,445.3904866,17.1701752,-93.69382148,474.6069175,104.1113272,-88.88936134,469.4637235,34.55905325,-100.3880776,437.1692278,83.94542289,-99.94774741,440.043002,30.72020411,-69.53870755,452.8182573,87.49437371,-68.38765161,451.7781808,46.67900407,-131.285642,455.1794555,87.10745546,-136.0137307,464.4863207,34.39952807,-79.87317872,478.954759,85.63369994,-78.66623695,477.2198919,445.0791527,87.22556502,63.8196088
230_Femur_L,580.4191155,-122.7280477,821.7384988,308.4796653,-111.8207629,400.9555899,283.9289075,-105.4924843,453.1145362,365.8082388,-100.0830088,399.1547668,279.8084228,-113.0297338,406.8204026,329.5820207,-112.5339538,381.8198237,284.8750688,-78.29556846,424.2406253,339.6490216,-76.9995625,391.2646556,301.7654789,-147.8181625,417.5587587,346.4259689,-153.1416493,403.8739567,303.1766196,-89.93143751,447.6545345,352.1574776,-88.57250814,417.1199057,501.1270197,98.20969419,71.85627583
231_Femur_L,494.5794163,-66.44441777,228.1640354,253.1722671,-60.53926239,104.4881992,255.780653,-57.11316059,135.5893977,279.5639946,-54.18449465,88.12514413,241.3169944,-61.19379389,114.9992302,257.8863565,-60.92538076,89.80379945,248.408169,-42.38887163,121.7953859,265.1630886,-41.68721979,91.50701026,254.5186791,-80.02809405,114.0903143,271.7538534,-82.91020604,95.58453157,263.3271691,-48.68847925,127.819096,278.0267905,-47.95276095,100.243551,271.3079339,53.17029047,38.90266734
232_Femur_L,400.4603149,-49.05666479,-36.6895366,200.4498319,-44.69682181,-26.65060069,213.5988075,-42.16729213,-7.727508411,211.2840917,-40.00502496,-46.8557337,196.7498203,-45.18006982,-15.55344495,198.0431742,-44.98189738,-37.77998499,203.7927308,-31.29618313,-13.825755,203.32464,-30.77814564,-39.377205,204.8553978,-59.08564655,-21.00807897,209.043991,-61.21354242,-39.20307084,215.5555715,-35.94725465,-15.48164998,214.7747874,-35.40406551,-38.53980107,200.3097146,39.25622655,28.72227909
233_Femur_L,504.9238851,-75.41124427,-356.6432329,246.3704141,-68.70917463,-189.5478322,278.4199017,-64.82071255,-174.46242,245.2638837,-61.49681643,-224.7738391,249.9740958,-69.45203666,-171.9305547,234.6122873,-69.14740057,-202.5143456,260.6780929,-48.10934704,-175.0437964,240.4157409,-47.31300567,-208.700096,256.5723658,-90.82806881,-185.4222459,248.1636282,-94.09912842,-212.8642462,275.0649593,-55.25910115,-186.2893328,256.302709,-54.42409597,-216.3860182,307.9215615,60.34574307,44.15267148
234_Femur_L,438.2029471,-127.6105572,-949.8699363,200.6759599,-116.2693461,-486.2327815,260.4077087,-109.6893086,-491.2423457,169.2497146,-104.064627,-536.919704,220.863036,-117.5264137,-463.464007,172.4736745,-117.01091,-495.2864778,233.9154677,-81.41041352,-477.0830405,175.7447948,-80.06284835,-509.2618856,219.1174076,-153.698836,-488.8186478,183.5759232,-159.2341079,-521.9198513,245.4843704,-93.50919421,-505.7358902,192.5238541,-92.09620233,-533.9674097,521.0634357,102.116786,74.71494553
235_Femur_L,-36.38605139,-48.65088229,-397.1478233,-26.43015465,-44.32710267,-198.791769,-7.663588702,-41.81849652,-211.8319801,-46.46815666,-39.67411499,-209.536411,-15.42479136,-44.80635339,-195.1223628,-37.46747991,-44.60982016,-196.4050185,-13.71139236,-31.03731018,-202.1070164,-39.05148818,-30.52355775,-201.6427976,-20.83430624,-58.59690722,-203.1608933,-38.87879441,-60.70720175,-207.3148397,-15.35359026,-35.64990939,-213.7725584,-38.22101101,-35.11121335,-212.9982327,198.6528108,38.93151043,28.48469673
236_Femur_L,-157.2469736,-33.24944606,-222.6251489,-83.57321888,-30.29444771,-108.6267688,-76.92193491,-28.57999237,-122.7576549,-99.10465889,-27.11445887,-108.1388903,-75.80561441,-30.62198177,-110.2156621,-89.2902627,-30.48766517,-103.4425127,-77.17826862,-21.21181204,-114.9351436,-92.01761159,-20.8606985,-106.0013037,-81.7542135,-40.04685248,-113.1248943,-93.85362013,-41.48908993,-109.4174118,-82.13651932,-24.36419822,-121.2784329,-95.40639875,-23.99603748,-113.0060004,135.7651826,26.60694101,19.46728082
237_Femur_L,-396.7008211,-53.29488899,-183.0097598,-203.0687953,-48.55837972,-83.80970387,-205.1609746,-45.81031267,-108.7558916,-224.237529,-43.46123759,-70.68494136,-193.5597129,-49.08337768,-92.24057357,-206.8499538,-48.86808423,-72.03138628,-199.247525,-34.00000006,-97.69175185,-212.686601,-33.437207,-73.39752709,-204.1487487,-64.19031924,-91.51153458,-217.9730357,-66.50205353,-76.66809598,-211.2140149,-39.0528984,-102.5233535,-223.0045417,-38.46278073,-80.40508291,217.6153649,42.64774711,31.20372496
238_Femur_L,-934.580913,-114.4868065,85.62481557,-467.8031253,-104.3119505,62.19628211,-498.4897656,-98.40861855,18.03420113,-493.0877592,-93.36239161,109.350347,-459.1681617,-105.4397385,36.29811054,-462.1865481,-104.9772503,88.16966764,-475.6046711,-73.03798732,32.26608542,-474.5122566,-71.82900872,91.89720636,-478.0846879,-137.8921093,49.02795332,-487.8598869,-142.8581216,91.49081787,-503.0563962,-83.89250275,36.13055784,-501.2342283,-82.62482608,89.94290103,467.4761245,91.61487093,67.03109604
239_Femur_L,-978.5960168,-146.1549858,691.2123934,-477.4919804,-133.1656644,367.363793,-539.607285,-125.6294126,338.1266648,-475.3474073,-119.1873496,435.6355287,-484.4762977,-134.6054097,333.2196415,-454.7034843,-134.0149927,392.4942705,-505.2217788,-93.24101467,339.253434,-465.9511925,-91.69762068,404.4829105,-497.2644444,-176.0344261,359.3679694,-480.9674196,-182.3740864,412.5534751,-533.105051,-107.0979961,361.0484756,-496.741821,-105.4796675,419.3790425,596.7846293,116.9564474,85.57255799
240_Femur_L,-102.984497,-29.99046247,223.2341846,-47.16196667,-27.32510175,114.2722539,-61.19985515,-25.77869077,115.4495792,-39.77631103,-24.45680326,126.1844677,-51.90624302,-27.62053218,108.9212383,-40.53399168,-27.49938078,116.4000131,-54.97376714,-19.13271132,112.1219227,-41.30275573,-18.81601258,119.6844509,-51.49599324,-36.12161309,114.8799726,-43.1431925,-37.42248794,122.6592694,-57.69263892,-21.97611265,118.8557873,-45.24609521,-21.64403762,125.4906327,122.4579984,23.9990304,17.55917236
241_Femur_L,84.75261868,-113.3206137,925.061026,61.56273442,-103.2494015,463.0379596,17.85050002,-97.40620248,493.4120178,108.2364756,-92.41137774,488.0650377,35.92836844,-104.3657016,454.4909541,87.27154821,-103.9079244,457.4785944,31.93741459,-72.29400317,470.7600369,90.96111725,-71.09733955,469.67875,48.5285417,-136.487504,473.2147916,90.55886834,-141.4029312,482.8904178,35.76252248,-83.03795166,497.9321314,89.02671899,-81.78318787,496.1285246,462.7142897,90.68165775,66.34829966
242_Femur_L,125.3976564,-53.76400975,891.9119287,101.1791351,-56.53407314,446.4452269,61.86287154,-72.72796397,475.7308459,134.9265028,-24.98380642,470.5754721,80.31279826,-69.82406029,438.204499,122.9632468,-44.6901587,441.0850787,61.51917182,-44.96842448,453.8905874,110.2265897,-15.51491118,452.8480479,106.3192067,-90.57117623,456.2573772,143.7838282,-74.41342225,465.5862822,69.89257785,-52.09551503,480.0889836,113.7628462,-25.37004714,478.3500081,446.1331555,87.43212609,63.97074164
243_Femur_L,168.8555948,20.11346109,1111.638673,144.4409721,2.031089653,556.429131,112.0956513,-39.94919531,592.9294015,161.2056206,57.11625106,586.5039769,130.2003917,-25.31721767,546.1582607,160.5733356,28.39047897,549.7484848,94.42555348,-10.2004316,565.7086914,128.6443537,51.9443117,564.4093174,171.2001889,-31.50452806,568.6585512,201.5694135,9.282850286,580.2856763,107.9050392,-12.6751169,598.3611871,138.6027978,43.51064052,596.1938068,556.0401797,108.971446,79.73023794
244_Femur_L,56.67547101,42.38765062,462.6543013,51.63851721,30.78960531,231.5809418,48.71613578,8.927638698,246.7720355,46.21805502,54.13272159,244.0978299,52.19681665,17.96899202,227.3062954,51.96786679,43.64745246,228.8005153,36.1566757,15.97298104,235.4430138,35.55818376,45.49273071,234.9022257,68.26201624,24.27076476,236.6707197,70.72038762,45.29155243,241.5098275,41.53008766,17.88604685,249.0326972,40.90253786,44.52527272,248.1306524,231.4190637,45.35296355,33.18302831
245_Femur_L,24.52626906,57.2043766,406.8757529,25.78992705,46.15628006,203.6610701,33.17731734,28.22083843,217.0206944,11.39720719,61.55128173,214.6688965,31.85260359,36.6373957,199.9017837,20.38692542,56.09383843,201.2158574,20.51386575,28.06404819,207.0575227,7.077650791,50.2835821,206.5819331,41.31710131,48.50109733,208.1372139,33.94619607,65.59184992,212.392909,23.76512884,31.88386019,219.0088061,11.57340394,51.89676491,218.2155137,203.5187082,39.88511755,29.18241457
246_Femur_L,-17.18083933,144.2357848,949.5573808,-1.734948791,123.3809101,475.2995746,34.12444546,95.75166435,506.477962,-48.78847694,137.7012069,500.9893896,21.62586773,111.2166623,466.5262375,-24.25103544,137.1611115,469.5929929,8.713168544,80.65793628,483.2261386,-44.37062669,109.8875008,482.1162184,26.91104392,146.2385278,485.7458972,-7.929374193,172.1798,495.6777417,10.82703499,92.17205996,511.1177719,-37.16661795,118.3939646,509.2664042,474.9673337,93.08298044,68.10525557
247_Femur_L,-20.37468828,27.2424878,222.3864034,-14.79979667,24.82134952,111.3151928,-4.29129364,23.41663352,118.6171733,-26.02025146,22.2158683,117.3317492,-8.637247069,25.08971016,109.2604767,-20.98024366,24.97965966,109.978711,-7.677814289,17.37961377,113.1715946,-21.86722296,17.0919336,112.9116512,-11.66635232,32.8118516,113.7617223,-21.77052157,33.99352952,116.0877609,-8.597377389,19.96247911,119.7038171,-21.40219,19.66083155,119.2702266,111.237382,21.80004037,15.95025551
248_Femur_L,-162.565393,69.699607,1156.273708,-131.1685268,73.29071435,578.7711335,-80.19896311,94.28445778,616.7369799,-174.9185796,32.38898098,610.0535587,-104.1174292,90.51984003,568.0878624,-159.4094268,57.93627583,571.8222429,-79.75339115,58.2970193,588.4232912,-142.8976377,20.11351492,587.0717441,-137.8321103,117.4163798,591.4915951,-186.4012072,96.46948417,603.585578,-90.60866613,67.53657217,622.3868651,-147.4820369,32.88970305,620.1324591,578.3665644,113.3469184,82.9316037
249_Femur_L,-123.8743157,-14.75545558,815.5103184,-105.9634808,-1.490029639,408.2025112,-82.23459884,29.30716768,434.9795099,-118.2622107,-41.901108,430.2657479,-95.51643486,18.57298847,400.6676881,-117.7983595,-20.82756665,403.3015159,-69.27162132,7.483148462,415.0100985,-94.3749083,-38.10691658,414.0568635,-125.5943356,23.1120672,417.174148,-147.8735318,-6.810000748,425.7039344,-79.16031983,9.298604727,438.9643274,-101.6805321,-31.91988294,437.3743133,407.9171722,79.94264753,58.4909767
250_Femur_L,-128.947113,-96.43969561,1052.623567,-117.4871173,-70.05201091,526.889205,-110.8381625,-20.31201885,561.451735,-105.1545696,-123.1618907,555.3674258,-118.7573512,-40.88275938,517.1635986,-118.2364481,-99.30597634,520.5632236,-82.26308247,-36.34146755,535.6761285,-80.9014033,-103.5043235,534.4457362,-155.3086328,-55.22045056,538.469385,-160.9018796,-103.0466059,549.4792448,-94.48858226,-40.69404386,566.5951559,-93.06079112,-101.3031788,564.5428382,526.5209025,103.1863275,75.49748807
251_Femur_L,-39.03353293,-91.04070872,647.5423579,-41.04464336,-73.45767402,324.1263914,-52.8016677,-44.91343642,345.3882203,-18.13864396,-97.95880393,341.6453363,-50.69338707,-58.30837898,318.1434908,-32.44577162,-89.27328832,320.2348379,-32.64779703,-44.66390492,329.5318424,-11.26407423,-80.02627112,328.7749421,-65.75612583,-77.18944838,331.2501698,-54.02533743,-104.3893642,338.0231044,-37.82217902,-50.74313192,348.5522981,-18.41906091,-82.59364998,347.289774,323.8998226,63.47712509,46.44378389
252_Femur_L,15.63011736,-131.2172357,863.8514695,1.578354392,-112.244697,432.3996045,-31.04441391,-87.10923387,460.7638681,44.38488748,-125.272461,455.7706877,-19.67394283,-101.1783797,424.4181384,22.06216604,-124.7811139,427.2080921,-7.926728393,-73.37784761,439.6107264,40.3657871,-99.96918664,438.6009863,-24.48208535,-133.0392136,441.9030546,7.213678381,-156.6390576,450.9384627,-9.849799784,-83.85272028,464.9848944,33.81200355,-107.7078672,463.3006288,432.0973514,84.68142219,61.95815688
253_Femur_L,-214.3363827,292.459724,-590.0924738,-220.4080973,327.06561,-998.0023735,-253.0048458,312.5603072,-982.1103595,-188.0684906,344.1802904,-987.5590086,-236.8670833,315.0421145,-1010.874108,-199.1066318,328.7862803,-1007.595773,-252.7425028,343.2466994,-995.3448191,-206.54416,359.6708257,-997.2285744,-220.6411855,296.1997933,-993.2710341,-190.4286123,304.5096081,-991.8145204,-246.8797398,334.4359682,-976.1053919,-205.6869884,351.1817255,-974.4901679,409.4202234,72.43094188,56.99303931
254_Femur_L,-61.24633971,156.6828017,-104.2426096,-62.98132418,223.5264277,-200.2419931,-72.29580225,217.6663029,-198.3817016,-53.74032405,226.2696339,-195.2123706,-67.68445781,222.3900666,-205.1451539,-56.8944584,225.3228851,-202.37019,-72.22083806,227.1509948,-197.2724773,-59.01972231,231.4845417,-195.3920557,-63.04792884,215.2122122,-203.4810826,-54.41472574,217.0605073,-201.9333862,-70.54556125,222.2218212,-193.7702079,-58.77478666,226.1350463,-190.9779564,116.9912909,20.69704652,16.28568615
255_Femur_L,-143.4929783,440.0228364,-27.96311633,-147.5578431,688.1059095,-144.4420786,-169.3805709,674.0365188,-147.5323469,-125.9072655,687.7799559,-131.0234909,-158.5767326,691.5440023,-155.7217514,-133.2970317,694.2439716,-146.6557367,-169.2049386,691.9815273,-134.1709761,-138.2762753,698.5714722,-125.279113,-147.71389,675.0308044,-160.7537924,-127.4873094,676.9679518,-155.4483539,-165.2799618,677.877552,-132.8391237,-137.7024199,682.5465108,-122.5895438,274.0968496,48.49074832,38.15544914
256_Femur_L,-193.2029949,531.9098502,263.6234402,-198.6760435,899.6001755,294.8172148,-228.05878,885.2751007,281.7421227,-169.5250949,890.1865176,310.2444021,-213.5121873,911.2027676,283.9792259,-179.4748847,908.2476737,296.3682285,-227.8223037,897.2046537,309.4028624,-186.1790788,898.9026723,324.2075836,-198.8861495,895.3353422,266.9947418,-171.6525107,894.0224395,274.4852158,-222.5376043,879.8622179,301.4608618,-185.4064236,878.4062536,316.5555015,369.0517324,65.28931182,51.37357334
257_Femur_L,-65.79798849,111.9896154,168.3270092,-67.66191193,215.1233922,240.1382579,-77.66861475,213.1248493,233.8426257,-57.7341477,209.7199829,243.0853311,-72.71456869,220.3909415,238.9174456,-61.12268809,217.4097505,242.0682227,-77.58807945,211.9331906,244.0321921,-63.40589539,209.9130216,248.6877956,-67.73346645,218.6032013,231.2061542,-58.45866896,216.9404846,233.1918091,-75.78830096,208.1706428,238.7366967,-63.14275684,205.1708794,242.9407414,125.6857413,22.23519046,17.49599064
258_Femur_L,-214.757699,41.85079013,658.5569062,-220.8413487,216.1781629,1029.848593,-253.5021719,220.80319,1008.791744,-188.4381727,196.0953334,1029.360757,-237.3326878,233.0598013,1034.994189,-199.4980113,219.4912179,1039.035078,-253.2393132,200.8059937,1035.649007,-206.9501593,187.4980529,1045.5118,-221.0748951,240.5909681,1010.279834,-190.8029337,232.650623,1013.179051,-247.3650259,198.8126867,1014.540398,-206.0913028,183.4727291,1021.52816,410.2250119,72.57331786,57.10506911
259_Femur_L,-180.809083,-246.7120786,497.787999,-185.9310372,-275.9047823,841.8911045,-213.4288803,-263.6684534,828.4849789,-158.6501129,-290.3423204,833.0813299,-199.815447,-265.762047,852.749394,-167.9616267,-277.356299,849.9838684,-213.2075739,-289.5547652,839.6492548,-174.2357489,-303.4097681,841.238346,-186.127665,-249.8671123,837.899859,-160.6410556,-256.8770747,836.6711786,-208.2618863,-282.1222415,823.4193308,-173.5126593,-296.2485648,822.0567662,345.3771787,61.10102275,48.07797463
260_Femur_L,-303.1049561,-775.4150527,515.8912641,-311.6913041,-1106.220688,990.9872298,-357.7881726,-1077.219235,981.7807437,-265.9580742,-1119.796673,966.0958892,-334.9668683,-1100.596896,1015.252718,-281.5677213,-1115.111262,1001.519566,-357.4171787,-1124.158482,976.2912499,-292.0855421,-1145.604981,966.9851411,-312.0209271,-1065.074067,1007.017315,-269.2956531,-1074.221183,999.3578462,-349.1263207,-1099.764258,958.9587007,-290.8733683,-1119.130606,945.1399929,578.9838256,102.4286086,80.59701503
261_Femur_L,-227.6980636,-698.2386801,44.37253666,-234.1482875,-1091.902788,229.2041184,-268.7771099,-1069.577145,234.1078296,-199.7926371,-1091.385558,207.9111851,-251.633323,-1097.358436,247.102971,-211.5188935,-1101.642811,232.7168037,-268.4984124,-1098.052711,212.9056892,-219.4200755,-1108.509792,198.7958698,-234.3959064,-1071.154901,255.0879331,-202.2998883,-1074.228813,246.6691373,-262.2701662,-1075.672188,210.7922742,-218.5094681,-1083.081003,194.5279975,434.9433858,76.94627053,60.54597261
262_Femur_L,-209.1544605,-575.8260517,-285.389046,-215.0793817,-973.8740822,-319.1582798,-246.8880522,-958.3662829,-305.0036657,-183.5216363,-963.6832022,-335.8591856,-231.1404457,-986.4346219,-307.4254714,-194.292913,-983.2355459,-320.8373502,-246.6320517,-971.2807784,-334.9481657,-201.5506271,-973.1189909,-350.9752127,-215.3068347,-969.2571304,-289.0386932,-185.8246984,-967.8358302,-297.147605,-240.9110303,-952.5064949,-326.3504478,-200.714179,-950.9303215,-342.6913499,399.5218397,70.67980902,55.61514215
263_Femur_L,-102.5097297,-174.4738018,-262.2444333,-105.4136222,-335.1506829,-374.1224992,-121.0035274,-332.0370604,-364.3142427,-89.94669911,-326.7324616,-378.7138808,-113.2853899,-343.3572417,-372.2205393,-95.22586292,-338.7127062,-377.1292807,-120.8780577,-330.1805203,-380.1890394,-98.78297717,-327.0332055,-387.4422194,-105.5251003,-340.5720385,-360.2067617,-91.07546429,-337.9816152,-363.3003054,-118.0740995,-324.3186731,-371.9389423,-98.37302146,-319.6452028,-378.4886178,195.8116297,34.64123164,27.25781307
264_Femur_L,-88.2872504,-17.20493004,-270.7338491,-90.78824897,-88.87120546,-423.3724845,-104.2151682,-90.77256188,-414.7159785,-77.46724895,-80.61512059,-423.1719342,-97.56786614,-95.81127536,-425.4878476,-82.01396718,-90.23320795,-427.1490638,-104.1071066,-82.55168092,-425.7570446,-85.07755772,-77.08076412,-429.811655,-90.8842603,-98.90735066,-415.3277348,-78.43940617,-95.64306144,-416.5196079,-101.6921772,-81.73222906,-417.0792597,-84.72448038,-75.42594678,-419.9519406,168.6441907,29.83501273,23.47598986
265_Femur_L,-131.3146766,179.1774854,-361.524261,-135.0345548,200.3790223,-611.4331001,-155.0051797,191.4922476,-601.6967471,-115.2214697,210.8644504,-605.0349,-145.1182672,193.0127441,-619.3190578,-121.9840637,201.433203,-617.310563,-154.8444534,210.2924794,-609.8049309,-126.5407171,220.3548347,-610.9590267,-135.177358,181.4688649,-608.5344121,-116.6674147,186.5599308,-607.6420688,-151.2525909,204.8945235,-598.017762,-126.015565,215.1539283,-597.0281837,250.8341494,44.3753207,34.91718219
266_Femur_L,-463.359668,281.9291602,-389.324893,-665.0397609,315.288996,-726.9388786,-684.5930168,301.305984,-697.9600289,-633.007616,331.7874301,-733.8078926,-684.984554,303.6984291,-729.7515752,-651.8803771,316.9477104,-745.2150894,-690.7529656,330.8874548,-709.1351671,-653.0925879,346.7201995,-732.9752483,-662.9538636,285.5345612,-722.8766075,-637.029088,293.5451655,-736.2230042,-676.5851441,322.3939705,-695.8991066,-641.417151,338.5367653,-714.4054133,394.6782763,69.82292936,54.94089746
267_Femur_L,-206.7808555,97.8239285,-36.60138438,-325.9572427,109.3991419,-103.0628123,-326.8053295,104.547309,-90.96254378,-317.5234839,115.1237773,-110.6841747,-332.4385078,105.3774409,-100.4477832,-325.173672,109.9746835,-110.8377281,-330.5951345,114.8115034,-93.25191405,-323.4144408,120.3051574,-106.9494231,-324.6256787,99.07493245,-102.2040073,-319.1509103,101.8544561,-110.7122149,-324.0414622,111.8644297,-91.73253704,-316.6843571,117.4656651,-103.3948746,136.9456762,24.22719682,19.06342155
268_Femur_L,-194.6701147,96.48177286,70.70906691,-329.2386282,107.898173,72.71211123,-323.9958903,103.1129078,83.46570166,-325.7933867,113.5442657,62.04335127,-333.484983,103.9316502,78.14189189,-332.403468,108.4658181,65.68480802,-328.3619073,113.2362762,83.37915531,-328.9833537,118.6545567,68.13843102,-327.6777705,97.7156129,72.78900649,-327.19727,100.4570012,62.82194988,-322.0148656,110.3296368,81.44504364,-321.482007,115.8540226,67.85565215,135.0667657,23.89479686,18.80186917
269_Femur_L,-136.6505556,98.95533801,162.6362897,-255.1509124,110.6644277,233.4247166,-244.9795209,105.7564797,240.2877848,-257.5618925,116.4552729,222.181638,-256.138151,106.5962126,240.4252119,-261.5657459,111.2466259,228.8058568,-248.9019231,116.1393873,242.4498876,-257.2696396,121.6965798,229.2313351,-253.7250811,100.2208108,232.69258,-258.4095813,103.0324818,223.593149,-244.2561503,113.1582285,237.4770725,-250.7517459,118.8242466,225.1333312,138.529559,24.50740302,19.28390475
270_Femur_L,-60.42477402,161.496317,341.3719638,-170.1451257,180.605694,538.1187915,-150.1689416,172.595863,539.5188876,-182.7271389,190.0564239,524.1956032,-165.8280064,173.9663174,548.8186322,-182.9806382,181.5558485,536.8252044,-153.9484347,189.5408948,545.7754299,-176.5614834,198.6103006,533.9209113,-168.7273351,163.561584,535.9205289,-182.7734301,168.1502653,526.8823013,-151.4401139,184.6756072,534.9560532,-170.6933232,193.9226177,522.810299,226.0819278,39.99638038,31.47156749
271_Femur_L,305.4726382,416.8141793,841.0009652,314.1260579,466.1345567,1422.354964,360.5830086,445.4615704,1399.705634,268.0355861,490.5264333,1407.47106,337.5834374,448.9986471,1440.699786,283.7671669,468.5868595,1436.027496,360.2091168,489.1958775,1418.567412,294.3671469,512.603575,1421.252144,314.4582557,422.1445335,1415.61185,271.3992364,433.987698,1413.536024,351.8534954,476.6388058,1391.147343,293.1455043,500.5048924,1388.845322,583.5065151,103.2287224,81.22659275
272_Femur_L,574.8207197,349.7471488,482.9768981,825.0149083,391.1316847,901.8038431,849.2716949,373.7850628,865.8541384,785.2774389,411.598813,910.3251967,849.7574163,376.7530099,905.2931332,808.690038,393.1894025,924.4763918,856.9134179,410.4823489,879.7174533,810.1938458,430.1236564,909.29226,822.4272489,354.2198282,896.7643938,790.2662751,364.1573813,913.3212628,839.3375304,399.9457591,863.2974618,795.7098855,419.9716991,886.2554559,489.6180365,86.61881742,68.15691651
273_Femur_L,368.5728713,174.3645277,65.23948894,580.9967106,194.9965617,183.7024834,582.5083679,186.3484982,162.1345741,565.9641068,205.2003366,197.2870457,592.5491268,187.828152,179.0413711,579.600049,196.0224256,197.5607441,589.2634388,204.6437295,166.2152216,576.4643385,214.4357959,190.6301038,578.6232879,176.5943575,182.1717216,568.8648841,181.5486703,197.3370255,577.5819617,199.3907703,163.507035,564.46842,209.3745931,184.2943619,244.0963936,43.1833376,33.97925798
274_Femur_L,358.7153749,177.7853543,-130.2944187,606.6825311,198.8221645,-133.9853951,597.0218253,190.0044362,-153.8008569,600.3340421,209.2261254,-114.326249,614.5072182,191.5131191,-143.9907614,612.5143286,199.8681546,-121.0363006,605.067012,208.6585983,-153.6413794,606.212141,218.6427735,-125.5575508,603.8063646,180.0589308,-134.1270887,602.9209544,185.1104413,-115.7609597,593.3714242,203.3025823,-150.0774241,592.3895346,213.4822759,-125.0364789,248.8852773,44.03054377,34.64589087
275_Femur_L,178.7151995,129.4164001,-212.7000277,333.6930904,144.7298563,-305.2789988,320.3906764,138.3111124,-314.2547003,336.8462338,152.3032763,-290.5750041,334.9842271,139.4093374,-314.4344311,342.0825788,145.4912704,-299.2383321,325.5204975,151.8901528,-317.0823553,336.4640178,159.1579957,-299.7947839,331.8283507,131.0714187,-304.3214912,337.9548635,134.7485962,-292.4210155,319.4446333,147.9913147,-310.5787767,327.9397446,155.4014825,-294.4353063,181.1726097,32.05142793,25.21999909
276_Femur_L,43.74342525,116.9123457,-247.1300757,123.1734947,130.7462345,-389.5613928,108.7120966,124.9476618,-390.5749671,132.2820163,137.58792,-379.4819518,120.0481941,125.9397776,-397.3073495,132.4655325,131.4340817,-388.6249238,111.4481925,137.214712,-395.1042781,127.8185012,143.7803447,-386.5224132,122.1471108,118.4074585,-387.9700003,132.3155279,121.7293516,-381.4269385,109.6323389,133.6925748,-387.2717855,123.5703525,140.3867812,-378.4790858,163.6679336,28.95465818,22.78327362
277_Femur_L,-222.4679086,303.5551049,-612.4794907,-228.7699728,339.4738742,-1035.864737,-262.6033817,324.4182671,-1019.36981,-195.2034612,357.237854,-1025.025171,-245.8533823,326.9942295,-1049.224802,-206.6603691,341.2598236,-1045.822093,-262.3310858,356.2688443,-1033.10636,-214.3800633,373.3160716,-1035.061582,-229.011904,307.4370655,-1030.9539,-197.6531216,316.0621393,-1029.442129,-256.2459005,347.1238502,-1013.137025,-213.4903723,364.5049105,-1011.460522,424.9528689,75.17883795,59.15524981
278_Femur_L,-456.9014307,201.1675506,-812.4562193,-487.9643399,238.2506665,-1374.078253,-516.8460206,198.5149307,-1352.197672,-461.1856,280.9207221,-1359.699529,-499.3123712,212.5836265,-1391.800425,-463.7496758,254.9665737,-1387.28672,-537.6581628,235.2850213,-1370.419256,-493.8793141,286.6722343,-1373.012864,-466.9937968,201.2867751,-1367.564009,-436.6898692,231.9939053,-1365.558639,-524.6021549,228.8153922,-1343.929861,-487.0132315,277.1401871,-1341.705974,563.7014906,99.72499554,78.46964892
279_Femur_L,-256.0547212,-27.98264006,-419.191979,-279.501238,-19.42629489,-708.9644566,-282.1555247,-44.63231091,-697.6750315,-278.5436017,6.548354336,-701.5456621,-277.9503574,-33.82267744,-718.1083248,-272.9937067,-5.710248303,-715.7794496,-300.9409238,-33.57136086,-707.0765737,-294.6359425,0.684044887,-708.4147625,-260.595064,-30.53297719,-705.603391,-254.9760895,-8.994316455,-704.5687076,-293.438067,-33.09402856,-693.4092014,-289.1089013,-1.803872968,-692.2617728,290.8453867,51.45374878,40.48691697
280_Femur_L,-77.07650217,-56.48743164,-155.516333,-86.19673456,-58.08760591,-263.0192324,-82.37392442,-66.67833877,-258.8309605,-90.70723497,-49.56464167,-260.2669285,-83.02799405,-62.42530087,-266.4115226,-86.65020983,-52.47369631,-265.5475315,-90.46119108,-66.60919938,-262.3188454,-94.78969892,-54.43382486,-262.815301,-78.06218135,-58.14903531,-261.7723083,-80.2521973,-50.18664161,-261.3884503,-88.13916076,-65.06409342,-257.2483771,-92.55243307,-54.20792099,-256.8226918,107.9009387,19.08886317,15.02027034
281_Femur_L,-146.1035483,-331.8374163,-590.0690051,-173.0361962,-354.3977211,-997.9626817,-144.177009,-375.3738477,-982.0712998,-204.026515,-334.9489138,-987.5197322,-154.394792,-362.6395455,-1010.833904,-185.1765903,-336.8111454,-1007.5557,-170.8823136,-390.4892469,-995.3052331,-208.2037113,-358.6936362,-997.1889134,-146.1901384,-339.1672788,-993.2315305,-168.4920487,-317.1582057,-991.7750747,-166.1835649,-381.0069567,-976.066571,-201.2807959,-353.706952,-974.4514112,409.4039402,72.42806131,56.99077266
282_Femur_L,16.66616927,-152.5035278,-249.6663812,11.57009912,-166.4680293,-422.2518539,26.58254,-168.0488948,-415.5279897,-3.90013171,-165.897671,-417.8332971,20.14443478,-165.5443409,-427.6978466,3.400964477,-162.5922113,-426.3107928,19.99475323,-179.237283,-421.1274505,-0.407410017,-175.4821018,-421.9244618,18.18512353,-155.2077088,-420.2500382,5.356921299,-151.861106,-419.6337915,19.71045908,-174.7686596,-412.9873057,1.074367971,-172.1902536,-412.3039092,173.2244862,30.64531743,24.11358638
283_Femur_L,241.8356768,-329.9822196,-665.8011627,248.6863906,-369.0280304,-1126.045781,285.4652923,-352.6617017,-1108.114827,212.197622,-388.3385193,-1114.262536,267.2570597,-355.4619241,-1140.568955,224.6519534,-370.9694623,-1136.870011,285.1692907,-387.2851489,-1123.047263,233.0437143,-405.8164857,-1125.172704,248.949384,-334.2021386,-1120.707412,214.8605466,-343.5781002,-1119.064028,278.554337,-377.3440034,-1101.339423,232.0765678,-396.2382364,-1099.516967,461.9487161,81.72381019,64.30522939
284_Femur_L,180.075078,-79.28463327,-320.2071766,192.3176657,-93.89991906,-541.5549875,203.7005823,-78.23917641,-532.9313612,181.7635651,-110.7171428,-535.8880106,196.7901788,-83.78396426,-548.5396922,182.7741247,-100.4880321,-546.7607399,211.9031133,-92.73109195,-540.1128949,194.6488894,-112.9839425,-541.1350939,184.0527054,-79.33162233,-538.9875783,172.1092494,-91.43398948,-538.1972172,206.7574484,-90.18126633,-529.6728318,191.9428126,-109.2271494,-528.7963482,222.1673714,39.30385223,30.92664456
285_Femur_L,307.4757139,33.60212297,-503.3742491,335.6307678,23.32748978,-851.3389302,338.8180893,53.59538615,-837.782359,334.4808187,-7.863396991,-842.430291,333.7684389,40.61495857,-862.319073,327.816392,6.856982231,-859.5225123,361.3759783,40.3131725,-849.071922,353.8048287,-0.821415004,-850.6788463,312.9278499,36.66461963,-847.3028943,306.180471,10.80055802,-846.0604254,352.3663954,39.73998217,-832.6598635,347.1678452,2.166127326,-831.282008,349.2530522,61.78670742,48.61751271
286_Femur_L,306.2958935,224.4765637,-618.009547,342.5389722,230.835529,-1045.217525,327.3474285,264.9744186,-1028.573665,360.4633423,196.9659465,-1034.280088,329.9466492,248.0731841,-1058.698216,344.3410468,208.5262985,-1055.264784,359.4855834,264.6996642,-1042.434242,376.6867295,216.3156936,-1044.407117,310.2129042,231.0796446,-1040.262347,318.9158535,199.4377249,-1038.736926,350.2580195,258.5595359,-1022.284604,367.7960129,215.4179695,-1020.592965,428.7897546,75.85762511,59.68936054
287_Femur_L,196.4758102,446.2453239,-793.5076679,232.6940532,476.5837669,-1342.031243,193.8850562,504.7918531,-1320.660974,274.3689343,450.4295755,-1327.987867,207.6256341,487.6671331,-1359.340089,249.0201028,452.9338505,-1354.931655,229.7975745,525.1186031,-1338.457583,279.9863066,482.3607888,-1340.990702,196.5922541,456.1023103,-1335.668928,226.5832157,426.5051476,-1333.710329,223.4788336,512.3670945,-1312.585989,270.676571,475.6548407,-1310.413969,550.5545338,97.39915411,76.63953661
288_Femur_L,-47.22449861,432.1270546,-707.4432931,-32.7845062,471.6962302,-1196.473633,-75.32307531,476.1756988,-1177.421197,11.05123568,470.0800891,-1183.953411,-57.08035342,469.0789089,-1211.90515,-9.636818132,460.7138889,-1207.974857,-56.65622261,507.8786065,-1193.287574,1.15441848,497.2380959,-1195.545949,-51.52853826,439.7894986,-1190.801379,-15.17912835,430.3067173,-1189.05521,-55.85065964,495.2165185,-1170.222031,-3.044280179,487.9104645,-1168.285589,490.8410195,86.83517649,68.32716098
289_Femur_L,-277.31027,373.6006428,-678.0954517,-263.3851886,420.4418503,-1172.770008,-308.088293,401.1882753,-1147.051094,-220.1765937,430.1784421,-1150.397646,-292.1019158,413.755252,-1184.35405,-240.3939628,426.7276499,-1182.007754,-303.747246,446.4449358,-1164.975915,-241.6955618,458.4007193,-1167.396063,-270.2200255,380.2597007,-1160.606634,-226.8530389,387.6102877,-1158.512622,-294.0480864,434.459124,-1138.323317,-241.4167176,442.209566,-1134.936024,497.0824109,92.62880791,74.3212653
290_Femur_L,-65.59991209,156.7421151,-94.72900202,-62.30582523,224.8478093,-190.5302171,-72.88069402,217.8614191,-187.5386016,-52.08449435,224.1963184,-184.7952681,-69.09899153,224.8481066,-193.6942663,-56.86707106,227.2281806,-191.6792311,-71.85378543,229.2530567,-185.8578631,-57.17497447,231.9886317,-184.93955,-63.92265933,215.1772195,-192.7910674,-53.66385965,216.4354206,-191.492658,-69.55937339,223.6451422,-181.8153453,-57.10901169,224.8322918,-180.2046934,117.5887299,21.91206856,17.58127629
291_Femur_L,-293.4081464,818.9817498,-16.39985872,-278.6747132,1297.031339,-235.174564,-325.9728353,1263.279521,-239.2106315,-232.957857,1281.682485,-214.4174031,-309.0584481,1304.108398,-247.4297303,-254.3488456,1308.821214,-234.3018957,-321.3797904,1303.645909,-207.2247127,-255.7260024,1312.188395,-197.5499686,-285.9063128,1264.628699,-265.5586673,-240.0218703,1266.598603,-257.7155525,-311.1175939,1272.883386,-204.1073996,-255.4309713,1273.879793,-195.2137203,525.9380719,98.00591537,78.63561883
292_Femur_L,-296.7941943,725.7386943,399.8499651,-281.8907314,1255.169272,449.9822536,-329.7346928,1227.643337,429.375915,-235.6462843,1231.225019,460.4029419,-312.6251067,1267.567213,442.8258523,-257.2841335,1265.056065,456.7096957,-325.0886423,1246.827563,477.8123257,-258.6771833,1249.417752,490.608127,-289.2057866,1242.151295,406.9768909,-242.7918191,1239.910156,414.8439329,-314.708016,1218.302344,464.9843862,-258.3787473,1214.677058,473.2793772,532.0076091,99.13694295,79.54310554
293_Femur_L,-154.4051838,222.9675087,368.9302976,-146.6517575,448.458729,529.2334429,-171.5422567,441.4172418,512.7892917,-122.5933948,434.9601459,527.7000023,-162.6411096,455.9060805,529.2341427,-133.8503404,451.16321,534.8362197,-169.1251801,437.4612191,539.602253,-134.5750651,435.2997481,546.0410872,-150.4573657,453.7801843,506.4713819,-126.3108113,450.7240652,509.432861,-163.7247291,427.9461804,526.4026764,-134.4198059,424.1551233,529.1969186,276.773381,51.57532801,41.38176579
294_Femur_L,-80.21951676,4.483818045,223.914438,-76.1913093,64.29811207,354.6160137,-89.12289467,65.40159672,345.3880676,-63.69205132,58.62298192,350.4195464,-84.49840149,67.64874678,356.5509234,-69.54047368,64.05951943,357.8394351,-87.86712911,56.65645797,356.424476,-69.91699648,54.0113259,358.7600421,-78.16847125,72.60530501,345.7569407,-65.62339418,70.46095121,346.2955243,-85.06138411,55.80416618,348.013821,-69.83633323,53.37258185,348.2862445,143.7945691,26.79539496,21.49944175
295_Femur_L,-296.6428688,-399.6460949,725.3686643,-281.7470047,-449.7528226,1254.529303,-329.566572,-429.1569905,1227.017403,-235.5261361,-460.1681978,1230.597259,-312.4657096,-442.6000701,1266.920922,-257.1529529,-456.4768347,1264.411055,-324.9228904,-477.5687051,1246.191847,-258.5452924,-490.3579822,1248.780715,-289.0583302,-406.769387,1241.517963,-242.6680276,-414.6324178,1239.277967,-314.5475568,-464.7473061,1217.681172,-258.2470086,-473.0380678,1214.057734,531.7363562,99.0863963,79.5025491
296_Femur_L,-213.5777945,-510.3152454,308.4152201,-202.853027,-732.0512738,620.3213123,-237.282298,-709.3052399,610.58132,-169.5747917,-729.9301736,601.6496749,-224.9699693,-732.0522418,630.622708,-185.1457301,-739.8011996,624.0622301,-233.9389266,-746.393717,605.109233,-186.1481907,-755.3001021,602.1194226,-208.1170563,-700.5661211,627.6821059,-174.7168315,-704.6625262,623.4547921,-226.4688638,-728.1356742,591.9477514,-185.9334315,-732.0007523,586.7038496,382.8410862,71.34051152,57.24047626
297_Femur_L,-72.80264107,-203.2119255,4.069256572,-69.14687058,-321.8291933,58.35328563,-80.88283716,-313.4544377,59.35474513,-57.80325959,-318.0207198,53.20286239,-76.6859119,-323.5852065,61.39412988,-63.11095292,-324.754586,58.1367526,-79.74317623,-323.4704501,51.41815783,-63.45266346,-325.5900762,49.01758739,-70.94122958,-313.7892058,65.89241838,-59.5560358,-314.2779934,63.94632563,-77.19684269,-315.8374212,50.6446666,-63.37945811,-316.0846571,48.43789986,130.4997191,24.31796649,19.51166253
298_Femur_L,-113.0604885,-276.4621845,-152.3184525,-107.383178,-478.142948,-171.4157971,-125.6088096,-467.6572455,-163.5660388,-89.76686381,-469.0216481,-175.3854439,-119.0911007,-482.8658075,-168.6896447,-98.00956478,-481.9092133,-173.9785424,-123.8389477,-474.9652656,-182.0173575,-98.5402318,-475.9519696,-186.8917774,-110.1697679,-473.1838926,-155.0333766,-92.4888768,-472.3301555,-158.0302398,-119.8845621,-464.0988966,-177.1306948,-98.42654592,-462.7178838,-180.2905805,202.6624553,37.76512954,30.30107245
299_Femur_L,-325.9185352,-470.6399232,-778.7382472,-309.5525993,-946.6068979,-1117.106202,-362.0914767,-931.7437234,-1082.39588,-258.770196,-918.1140823,-1113.869415,-343.3029312,-962.3267709,-1117.10768,-282.5313619,-952.3155178,-1128.932546,-356.9895104,-923.3933489,-1138.992692,-284.0611113,-918.8309148,-1152.583786,-317.5854789,-957.8394283,-1069.060033,-266.6169203,-951.3885707,-1075.311125,-345.5902358,-903.3090006,-1111.131019,-283.73339,-895.3068355,-1117.029107,584.2133837,108.8652266,87.34865127
300_Femur_L,-325.8050668,-18.21066365,-909.4103453,-309.4448286,-261.1415718,-1440.244204,-361.9654147,-265.6232853,-1402.765648,-258.6801052,-238.0924906,-1423.200592,-343.1834104,-274.7499032,-1448.102683,-282.4329987,-260.1725471,-1453.335868,-356.8652246,-230.1056129,-1447.589127,-283.9622155,-219.3626234,-1457.074839,-317.4749116,-294.8805628,-1404.263797,-266.5240977,-286.1714436,-1406.45121,-345.4699187,-226.6440989,-1413.429933,-283.6346083,-216.7684162,-1414.536359,584.0099906,108.8273254,87.31824043
301_Femur_L,-219.0210652,295.0716926,-535.5632452,-208.0229649,332.0671171,-926.2597319,-243.3297046,316.8605454,-905.9468025,-173.8965963,339.7571269,-908.5899267,-230.7035825,326.7860077,-935.4088673,-189.8643776,337.0316736,-933.5557506,-239.9011237,352.6044867,-920.1039176,-190.892387,362.0472254,-922.0153631,-213.4211539,300.3310505,-916.6530372,-179.1696868,306.1365816,-914.9991757,-232.2406779,343.1380313,-899.05356,-190.6721545,349.25937,-896.3782584,392.5982226,73.15870473,58.69931438
302_Femur_L,-135.0107947,87.0850204,-104.5654223,-189.8532387,98.00354421,-206.0470986,-195.8798491,93.51560231,-195.6452153,-178.5233662,100.2731101,-206.5667324,-197.0003137,96.44492122,-205.0386556,-186.2887,99.46874239,-210.5914873,-197.0926396,104.0647737,-199.7695962,-184.8484833,106.8516256,-207.4901623,-189.8153502,88.63722382,-202.7951199,-180.8169101,90.35062027,-207.4267543,-192.0283799,101.2709223,-195.5197224,-181.0090322,103.0775236,-200.970033,115.8681943,21.59145539,17.32403042
303_Femur_L,-543.4801939,279.7130519,-74.03847049,-859.0089946,314.7828447,-268.2476043,-859.0676319,300.3677832,-229.6347806,-828.3279614,322.0725853,-287.8885479,-877.2700015,309.7766198,-253.9644486,-856.3919373,319.4889934,-286.6129945,-869.0648309,334.251233,-239.1595832,-847.4051262,343.2024721,-280.2991998,-853.681,284.6986574,-259.2626396,-836.0889352,290.2020075,-286.5974353,-848.1527176,325.2775118,-235.4710757,-826.2540036,331.0802315,-268.3286596,372.1632734,69.35075473,55.64398331
304_Femur_L,-705.9578336,388.9515846,288.7047198,-1220.958159,437.7174586,274.2074684,-1194.182476,417.67277,320.7473864,-1197.666535,447.8541188,229.223468,-1233.018179,430.7561135,304.1041422,-1230.575476,444.2615364,250.2715522,-1212.843813,464.7889894,316.2279694,-1215.363403,477.2360261,251.6266327,-1208.295002,395.8842576,281.3231431,-1206.114948,403.5368742,236.1742428,-1185.096082,452.3106905,306.1302793,-1181.569607,460.3795917,251.336331,517.5071168,96.4348491,77.37506475
305_Femur_L,-449.2937572,374.1844593,580.1105744,-885.3373615,421.0988644,815.7560411,-840.6428424,401.8152022,841.6510104,-887.5701091,430.8506713,767.0741641,-881.0043119,414.4018171,846.4653912,-904.8635624,427.3944866,800.4400317,-858.3643661,447.1425843,846.8620946,-891.5378767,459.1170507,794.2517492,-871.3643511,380.8539231,815.5932425,-891.265427,388.2159967,776.9289989,-840.1036281,435.1380425,825.1021263,-863.5223692,442.900596,777.7545037,497.8591892,92.77355674,74.43740542
306_Femur_L,-114.7175949,433.3964272,842.085747,-415.6314928,487.7346956,1330.976251,-355.8035379,465.3995342,1331.067105,-446.0638045,499.0296549,1283.438068,-393.5007104,479.9778892,1359.270444,-444.0874208,495.0265542,1326.921298,-370.5615744,517.8996446,1346.557088,-434.3046236,531.7689832,1312.996843,-401.7098986,441.1212852,1322.720884,-444.0633128,449.6483533,1295.463171,-364.8464818,503.9954715,1314.155185,-415.7570824,512.9863925,1280.224611,576.6417833,107.4542968,86.21658306
307_Femur_L,204.4031217,275.3779644,499.8185865,194.1390586,309.9042337,864.4391378,227.0893496,295.7125817,845.4819375,162.2903583,317.0809955,847.9486538,215.3059223,304.975597,872.9776399,177.192415,314.5374449,871.2482042,223.8895996,329.0708944,858.694176,178.1518129,337.8834041,860.4780474,199.1769608,280.2863013,855.4736148,167.2115112,285.7043586,853.9301356,216.7404287,320.2362509,839.0487651,177.9462791,325.9490381,836.552019,366.3953612,68.27593332,54.78159412
308_Femur_L,289.0796266,186.4629065,223.8912327,406.506039,209.8412059,441.1796737,419.4099721,200.2318071,418.9075837,382.2469763,214.7007082,442.2922923,421.8090654,206.5039457,439.0204364,398.8737936,212.9784287,450.9099339,422.0067499,222.8192642,427.7385406,395.7900601,228.7863581,444.2695029,406.4249135,189.7864213,434.216669,387.1578193,193.4550762,444.1337363,411.1633629,216.8371831,418.6388835,387.5691833,220.7054044,430.3088671,248.0922687,46.23074683,37.09350999
309_Femur_L,547.793219,281.9328373,74.62603519,865.8260366,317.2809418,270.3764007,865.8851393,302.7514832,231.457148,834.9015206,324.6285334,290.1732136,884.2319617,312.2349878,255.9798946,863.1882105,322.0244382,288.8875374,875.9616755,336.9038301,241.0575388,854.1300806,345.9261056,282.5236368,860.4557594,286.9580083,261.3201318,842.7240851,292.5050326,288.8718547,854.8836049,327.858894,237.3397595,832.811104,333.7076637,270.4580991,375.116738,69.90111811,56.08557055
310_Femur_L,674.7773842,371.7725342,-275.9533309,1167.031391,418.3845375,-262.096388,1141.438325,399.2251744,-306.5807504,1144.768502,428.073486,-219.099222,1178.55875,411.7306582,-290.672598,1176.223934,424.6395793,-239.2176632,1159.275436,444.2603843,-302.2609451,1161.683742,456.1576655,-240.5128932,1154.927535,378.3990078,-268.8977805,1152.843769,385.7136268,-225.742998,1132.753255,432.3332216,-292.6092455,1129.382537,440.0457391,-240.2354134,494.6500793,92.17555518,73.95759535
311_Femur_L,464.1343039,386.5440834,-599.2721095,914.5807914,435.0081104,-842.701142,868.4099751,415.0874928,-869.4514437,916.8872885,445.0820275,-792.4112622,910.1046176,428.089854,-874.4248475,934.7519589,441.5116822,-826.8792322,886.7168555,461.912076,-874.8346544,920.9861148,474.282069,-820.4865455,900.1462408,393.4338452,-842.5329661,920.7046658,401.0390942,-802.5916104,867.8529501,449.5110142,-852.3559362,892.0452317,457.5299713,-803.4443822,514.3038925,95.83794443,76.89613482
312_Femur_L,105.3429785,397.9796694,-773.2712736,381.6664691,447.8774645,-1222.210095,326.7275997,427.3675119,-1222.293525,409.6118803,458.2494101,-1178.556689,361.3441939,440.7545372,-1248.192113,407.7970049,454.5734391,-1218.486509,340.279623,475.5773616,-1236.51768,398.8136489,488.3133106,-1205.699947,368.8825348,405.0732591,-1214.629349,407.774867,412.9035031,-1189.599111,335.0315626,462.8094247,-1206.763631,381.7817957,471.0656159,-1175.605832,529.5191467,98.67323057,79.17104311
313_Femur_L,-274.8950354,370.346767,-672.1895776,-261.0912346,416.7800109,-1162.555764,-305.4049971,397.6941249,-1137.060849,-218.258965,426.4318018,-1140.378255,-289.5578534,410.1516495,-1174.038915,-238.300251,423.0110643,-1171.713054,-301.1017586,442.5566225,-1154.829554,-239.5905136,454.408277,-1157.228624,-267.8665435,376.9478278,-1150.498327,-224.8772617,384.2343949,-1148.422553,-291.4870738,430.6752011,-1128.409087,-239.314098,438.3581406,-1125.051296,492.7530698,91.82205708,73.67396414
314_Femur_L,-166.4531659,72.08189036,-264.3611757,-170.8823971,90.61116249,-457.2141833,-182.2222992,75.39669181,-447.1874498,-158.1919444,102.3211169,-448.4921312,-179.2745333,82.75585678,-461.7303188,-164.3452188,97.21508031,-460.8155956,-189.5784871,91.52276979,-454.1755911,-170.9586794,107.6550516,-455.1191061,-165.3573509,75.71226519,-452.4721904,-152.1483189,86.64751454,-451.6558222,-183.9674022,89.36668246,-443.7848532,-167.7084058,102.2428322,-442.4642886,193.7917298,36.11211447,28.97476606
315_Femur_L,-540.0405814,-62.34313519,-792.2909074,-579.3026915,-20.88799327,-1370.271709,-585.936279,-77.3696956,-1340.221572,-563.9122566,28.52160961,-1344.131704,-589.3131277,-53.85190282,-1383.806575,-572.2315549,6.048308507,-1381.065148,-629.194057,-46.53804231,-1361.165043,-605.0409634,23.23476514,-1363.992759,-542.6365358,-51.27849147,-1356.059948,-524.7392427,-3.102528198,-1353.613291,-611.3997015,-43.72590744,-1330.023984,-588.4947289,14.05799742,-1326.066249,580.7941538,108.2280704,86.83742471
316_Femur_L,-230.9958945,-171.4599134,-419.2639077,-259.9576397,-162.8500871,-725.1193547,-248.0532255,-190.4898511,-709.2174454,-265.9777384,-136.1343728,-711.2866063,-255.8233407,-180.6055333,-732.2817249,-263.8441263,-148.6346974,-730.8310187,-276.0352512,-187.8057979,-720.3002959,-283.4274679,-149.4394712,-721.7966647,-235.1131654,-167.0760415,-717.5987857,-239.6580061,-140.2623942,-716.3040656,-268.6244682,-181.8088433,-703.8210934,-273.4165378,-149.2670628,-701.7267424,307.3442146,57.27204912,45.95256319
317_Femur_L,-181.8602486,-419.955886,-666.9745883,-228.6089954,-431.1306914,-1153.53641,-190.2233842,-459.740893,-1128.23929,-258.1528268,-399.1130948,-1131.530959,-208.7903164,-452.3037761,-1164.930472,-245.2704638,-414.6376046,-1162.622656,-230.9089508,-478.3003142,-1145.870142,-271.6101695,-431.3231491,-1148.250599,-191.0195654,-417.1911807,-1141.572518,-218.6088414,-383.8652256,-1139.512847,-225.469213,-464.1437307,-1119.65465,-257.955317,-423.1228154,-1116.322909,488.9301872,91.10968209,73.10238599
318_Femur_L,15.56478556,-134.8282504,-197.8058697,5.214962884,-144.6305538,-342.1063963,19.31636446,-146.2867164,-334.6039833,-7.120795834,-140.7881288,-335.5801994,13.44483746,-147.1297912,-345.4855541,-1.510039953,-142.8651513,-344.8011207,11.61883577,-157.0865909,-339.8327971,-5.800865417,-151.0564527,-340.5387737,12.80235139,-135.4763647,-338.5582428,0.774587065,-131.0080695,-337.9474027,10.91674922,-152.6439955,-332.058021,-3.50976438,-146.9254671,-331.0699204,145.0029171,27.02056454,21.6801078
319_Femur_L,330.6674682,-445.4850471,-808.5676244,314.0630654,-501.3389594,-1398.422386,367.3674827,-478.3808088,-1367.754902,262.5407158,-512.9489662,-1371.745364,348.3051708,-493.3657944,-1412.23531,286.6481038,-508.834208,-1409.437564,362.1911761,-532.3452919,-1389.128633,288.2001431,-546.6014846,-1392.014442,322.2129916,-453.4253726,-1383.91866,270.5017742,-462.1902841,-1381.421739,350.6258035,-518.0532931,-1357.347816,287.8676465,-527.2949957,-1353.308774,592.7259109,110.4514932,88.62140101
320_Femur_L,481.8545163,-208.6652076,-765.2820887,494.6764117,-262.3044004,-1323.559801,527.5035616,-218.2610122,-1294.534058,457.9396399,-296.2027908,-1298.310896,518.9702645,-239.5645834,-1336.63327,475.7523565,-281.4216555,-1333.985297,548.7985147,-264.9433535,-1314.763577,494.8972363,-311.643654,-1317.494898,478.6823123,-219.1745452,-1309.832512,440.4443389,-250.830292,-1307.469261,532.5553475,-258.7018356,-1284.684101,485.4882294,-295.9761695,-1280.861284,560.9951587,104.5386271,83.87717839
321_Femur_L,538.0321249,62.11127581,-789.3443108,577.148216,20.81030907,-1365.175553,583.7571326,77.08195118,-1335.237175,561.8150194,-28.41553534,-1339.132765,587.1214225,53.65162305,-1378.660082,570.1033775,-6.025814338,-1375.928851,626.8540313,46.3649634,-1356.102756,602.7907651,-23.14835309,-1358.919955,540.6184247,51.08778244,-1351.016647,522.7876932,3.090989634,-1348.57909,609.1258545,43.5632871,-1325.077512,586.3060674,-14.00571454,-1321.134497,578.6341313,107.825561,86.51446914
322_Femur_L,333.7264792,247.7131178,-605.7227471,375.5683539,235.2742517,-1047.600996,358.3697009,275.2062216,-1024.627046,384.2657652,196.6772831,-1027.616423,369.595412,260.9260605,-1057.948681,381.1832739,214.7368651,-1055.852803,398.7961463,271.3284919,-1040.638762,409.4758964,215.8995452,-1042.80061,339.67482,241.3796107,-1036.735812,346.2408834,202.6411555,-1034.865292,388.0895727,262.6645175,-1016.83078,395.0128148,215.6504619,-1013.80501,444.0291147,82.74259304,66.38900306
323_Femur_L,91.61238067,211.5534251,-335.9894773,115.1621339,217.1827506,-581.0957453,95.82532308,231.5951837,-568.3522821,130.0448845,201.0538369,-570.0104652,105.1784438,227.8487246,-586.8355216,123.5553743,208.8743327,-585.6729555,116.32074,240.9445208,-577.2338507,136.8240417,217.2797014,-578.4330099,96.22640063,210.1607006,-575.0689159,110.124541,193.3726993,-574.0313539,113.5804637,233.81312,-564.0277565,129.9453887,213.1487707,-562.3493867,246.2993358,45.89664279,36.82543962
324_Femur_L,-49.02673688,424.6887393,-623.0587816,-16.42634986,455.5645228,-1077.583768,-60.84364697,460.7811861,-1053.952294,22.42943742,443.4614612,-1057.027228,-42.34921875,463.4367451,-1088.227608,4.756399062,450.0037701,-1086.071745,-36.59758766,494.7991689,-1070.422272,18.27185485,475.8051392,-1072.645993,-40.32548413,426.7302018,-1066.407618,-2.439832921,412.6557431,-1064.483563,-34.3861205,480.8056605,-1045.932895,11.05523067,462.793155,-1042.820527,456.7374109,85.11072009,68.28908361
325_Femur_L,73.42831154,-122.9965967,864.425793,63.43813369,-84.11565427,538.7027064,32.86344794,-78.35755097,556.1509688,93.68700784,-88.98308899,549.8450019,47.37482314,-79.98631903,532.1117026,78.61725094,-87.45555956,533.0475783,50.52312507,-56.96867758,545.5366252,87.3027875,-66.19095385,542.6327664,50.73772221,-105.1418172,548.1225778,77.43235881,-113.3408702,546.7946034,49.64625809,-64.61776363,566.2742813,85.63667629,-69.72659624,562.6625287,328.1875386,62.065874,48.24297445
326_Femur_L,113.8208303,-835.0841361,1065.095428,98.33510938,-530.4387291,657.9723838,50.94145365,-536.2321573,685.8581056,145.2237263,-545.6086834,669.1575466,73.43545821,-519.7870818,652.3249101,121.8641773,-530.5392974,647.7922347,78.31562408,-499.2926593,688.1865732,135.3275807,-509.4222116,677.1406709,78.64826995,-565.9655444,654.321549,120.0274824,-575.9428849,646.1841939,76.95639729,-525.63362,710.0968412,132.7449507,-529.6925467,701.2887606,508.721736,96.20797705,74.78117494
327_Femur_L,66.58670214,-734.6315276,295.3484398,57.5273491,-461.2008731,178.1958975,29.80142908,-472.292794,190.6292029,84.95781469,-472.1582587,179.4253955,42.96072143,-454.1524371,178.4503596,71.2921673,-458.2740632,173.0088466,45.81568348,-454.2589921,202.6139386,79.16843768,-456.159992,194.0547209,46.01028575,-478.1321573,165.9544216,70.2176763,-480.8068106,158.9133028,45.0205177,-474.0131809,206.0095714,77.65756472,-473.4931586,200.3598141,297.6089933,56.28294834,43.74798365
328_Femur_L,63.40081138,-746.3782769,-106.1999638,54.77490989,-465.1365115,-72.62867167,28.37555733,-480.2020083,-67.65690514,80.89294426,-474.7571954,-76.83140089,40.90523345,-459.4455869,-69.06324575,67.88114003,-460.2536577,-75.51247358,43.6235977,-471.0371782,-49.18893416,75.38056434,-468.5298755,-57.15180005,43.80888908,-473.2699886,-90.78346461,66.85805886,-472.1233647,-97.86284037,42.86647723,-488.9428633,-55.79344748,73.94198023,-485.824338,-60.20460886,283.3696675,53.59004842,41.65482851
329_Femur_L,73.19981732,-684.9782292,-537.0546504,63.2407269,-423.1515284,-341.132796,32.76118345,-441.0852382,-344.8586332,93.3954726,-430.3448679,-350.8888123,47.22740216,-419.5195566,-334.282568,78.37260977,-416.6045277,-341.1974729,50.36590721,-442.5827093,-321.1023093,87.03111868,-435.4789303,-327.6167705,50.57983657,-420.8036239,-363.9806032,77.19140478,-415.5703735,-370.3971747,49.49176886,-456.6735187,-338.042561,85.37019207,-451.008915,-340.6529153,327.1662846,61.87273741,48.09285201
330_Femur_L,47.12047323,-209.0050686,-519.8663415,40.70956852,-126.1013799,-326.3715231,21.08915739,-134.8998819,-334.2207865,60.12089959,-126.9714413,-334.1255818,30.40140838,-126.2814514,-321.3836557,50.45032346,-122.4307326,-324.3003488,32.42173914,-143.3809509,-321.45906,56.02401274,-137.3239699,-322.8043138,32.55945059,-117.4386271,-338.3530464,49.68995356,-112.4559377,-340.2457806,31.85903538,-145.7838905,-335.4382284,54.95483456,-141.7858064,-335.0702316,210.6047626,39.82896099,30.9585191
331_Femur_L,129.8970003,217.584861,-1529.196507,112.2240604,148.8032469,-952.9820876,58.13647648,138.6169804,-983.8486144,165.7352734,157.4138925,-972.69316,83.80755716,141.4983225,-941.322394,139.0763979,154.7116447,-942.9779875,89.37700262,100.7793884,-965.0715056,154.4413861,117.0938862,-959.9344877,89.75663174,185.9991927,-969.6461374,136.9802863,200.5035761,-967.2969087,87.82579727,114.310863,-1001.757074,151.4939828,123.3485491,-995.3677694,580.5741127,109.7964898,85.34334432
332_Femur_L,60.17831373,441.518086,-563.1275634,51.99084428,280.4487384,-347.8771719,26.93330186,283.511787,-362.620657,76.78136718,288.4692586,-353.7908894,38.82612728,274.8170963,-344.891291,64.43091897,280.5019099,-342.4948161,41.40632417,263.9814718,-363.8517432,71.54916714,269.3370765,-358.0116542,41.58219767,299.2321529,-345.9469357,63.45983835,304.5072816,-341.6446274,40.68768615,277.9082248,-375.4359407,70.1837025,280.0542236,-370.7790125,268.9667274,50.86620623,39.53762235
333_Femur_L,130.2424549,1436.926752,-577.6965164,112.5225147,902.1010502,-348.5481397,58.29108755,923.7966587,-372.8674731,166.1760381,923.5335098,-350.9530167,84.03043919,888.3144296,-349.0458631,139.4462646,896.3762599,-338.4023564,89.61469632,888.5228493,-396.3094119,154.8521153,892.2411727,-379.5677279,89.99533505,935.2183538,-324.6040213,137.3445785,940.44993,-310.8317129,88.05936561,927.1617061,-402.9512119,151.8968735,926.1445514,-391.9003828,582.1181204,110.0884881,85.57031067
334_Femur_L,60.47001902,711.8758833,101.29072,52.24286205,443.6349171,69.27130839,27.06385698,458.0039899,64.52936882,77.15355327,452.8108712,73.2797605,39.01433107,438.2070635,65.87069934,64.74323813,438.9777801,72.02180248,41.60703508,449.2628171,46.91510597,71.89599093,446.871418,54.5098771,41.7837611,451.3924126,86.5868703,63.76745034,450.2987931,93.33899189,40.88491357,466.3407865,53.2143163,70.5239074,463.3664195,57.4215655,270.270503,51.11277248,39.72927503
335_Femur_L,70.94739978,663.9008955,520.5290448,61.29475862,410.1308139,330.6358642,31.75309536,427.512689,334.2470543,90.52161843,417.1028085,340.09168,45.77417683,406.6106008,323.9964232,75.96102123,403.7852697,330.6985509,48.81610754,428.9640817,311.2217318,84.35310082,422.0788916,317.5357377,49.02345412,407.8551563,352.7806259,74.81616288,402.7829373,358.9997543,47.96886714,442.6213054,327.6407182,82.74328227,437.1310062,330.1707498,317.0991136,59.9688633,46.61299607
336_Femur_L,110.6483977,490.7861565,1220.751273,95.59429729,296.1115343,766.3863199,49.52160521,316.7721958,784.8179773,141.1760271,298.1546145,784.5944173,71.38865322,296.5343787,754.6737989,118.4675592,287.4921124,761.5227838,76.13279832,336.6874605,754.8508633,131.5557085,322.4644446,758.0097912,76.45617264,275.7696393,794.521359,116.6820569,264.0692774,798.9658816,74.81145613,342.3300486,787.6767771,129.045062,332.9417387,786.8126461,494.5425614,93.52645275,72.69686197
337_Femur_L,51.08862489,-85.57635142,601.4345714,44.13783931,-58.52447126,374.808843,22.86513647,-54.51820211,386.94868,65.18385484,-61.91104711,382.5612282,32.96159911,-55.65143694,370.2230734,54.69889146,-60.84825026,370.8742201,35.15206779,-39.63663795,379.5636236,60.74195727,-46.05314682,377.5432292,35.30137632,-73.15367531,381.3628311,53.87448861,-78.85826434,380.438877,34.54197712,-44.95858094,393.9920956,59.5827405,-48.51311225,391.4791756,228.3404003,43.18307325,33.56562578
338_Femur_L,807.1931836,-200.24461,1159.009679,527.960969,-136.9444914,707.8943149,499.0560427,-127.5700113,757.3837486,579.6799519,-144.8689186,698.9808614,499.9475409,-130.2217272,711.6773798,544.7590866,-142.3820243,687.5647841,515.3146573,-92.74785588,728.0428201,564.807691,-107.7621828,694.0090099,517.7222549,-171.1761362,731.5141517,554.2788906,-184.5246044,707.9116956,530.9593044,-105.2009505,757.9953105,578.7633137,-113.5183854,723.6058822,534.3057237,101.0463466,78.54197491
339_Femur_L,1310.397717,-205.2318071,615.0819167,831.3775021,-140.3551659,357.7678459,831.0826536,-130.7472094,416.5067906,872.7152485,-148.476955,323.3527805,808.4515873,-133.4649676,375.4812311,835.8694899,-145.9281233,331.1152301,830.477866,-95.0577899,382.1321801,856.9668767,-110.4460565,326.561125,834.3937292,-175.4393677,383.9795339,854.746044,-189.1202865,344.2965813,859.7132009,-107.8210353,400.7006948,884.5208058,-116.3456204,345.6795404,547.6128887,103.5629588,80.49810402
340_Femur_L,1266.063605,-180.1444565,-107.5452787,788.9999304,-123.1982772,-92.9133685,814.555172,-114.7647887,-48.13277867,805.3192663,-130.3272662,-137.216765,779.3465512,-117.1503306,-69.38656836,780.7172624,-128.0900014,-115.145153,799.0090902,-83.43801157,-73.99766456,794.7560126,-96.94523039,-127.8662469,802.7965529,-153.9938179,-74.31196989,800.8515623,-166.0023936,-113.4097249,829.3820752,-94.64108943,-72.71337923,824.0921954,-102.1236369,-125.4260111,480.6731839,90.90351633,70.65808849
341_Femur_L,732.8383466,-126.6140668,-510.3858308,447.5994537,-86.5895915,-333.8281384,478.8914743,-80.66213582,-315.5516401,441.9635037,-91.60018302,-366.5298962,449.9914743,-82.3388078,-316.1153317,434.7451523,-90.02772721,-344.4495377,460.3392931,-58.6441913,-325.8319133,438.8198169,-68.13770522,-357.1262102,462.5342057,-108.2341579,-327.3542301,447.6104434,-116.6743543,-350.4688813,479.278163,-66.51824568,-335.7239769,457.5338306,-71.77733488,-365.9503087,337.8399079,63.8913021,49.66185535
342_Femur_L,605.623035,-202.0757017,-1290.246097,352.2660035,-138.1967494,-818.5923734,410.1016462,-128.7365465,-818.3020591,318.3801815,-146.1936397,-859.2944177,369.7069879,-131.4125104,-796.019019,326.0232583,-143.6840046,-823.0152823,376.255657,-93.59596772,-817.7065721,321.5391873,-108.7475898,-843.7882283,378.0746018,-172.7414177,-821.5622163,339.0019034,-186.211948,-841.6015481,394.5386205,-106.1629368,-846.4923188,340.363595,-114.5564287,-870.9184262,539.1915624,101.970342,79.26018423
343_Femur_L,-59.70893577,-100.0158623,-702.9161241,-51.58532683,-68.39945101,-438.0512723,-26.72322788,-63.71719408,-452.2394942,-76.18248896,-72.35745223,-447.1117367,-38.5232918,-65.04164245,-432.6917344,-63.9283716,-71.11532703,-433.4527506,-41.08336371,-46.32462655,-443.6083389,-70.99109896,-53.82380894,-441.2470382,-41.25786543,-85.49707708,-445.7111311,-62.9648652,-92.16421561,-444.6312759,-40.37033091,-52.54455423,-460.4713628,-69.63628465,-56.69885047,-457.5344316,266.8688446,50.46946071,39.22923739
344_Femur_L,-746.770086,-185.255138,-1072.251074,-488.4400243,-126.6934009,-654.9043143,-461.6987996,-118.0206551,-700.6891765,-536.2875409,-134.0246387,-646.6580845,-462.523564,-120.4738746,-658.4041949,-503.9807052,-131.7239029,-636.0965669,-476.7403624,-85.80514023,-673.5445869,-522.5285552,-99.69555759,-642.058405,-478.9677374,-158.3626083,-676.7560692,-512.7878966,-170.7118661,-654.920394,-491.2139169,-97.32604837,-701.2549594,-535.4395185,-105.020875,-669.4397796,494.3098377,93.48244072,72.66265197
345_Femur_L,-893.4619819,-139.9321861,-419.3782554,-566.8540026,-95.69766725,-243.9350775,-566.6529675,-89.1467219,-283.9847611,-595.0391134,-101.2353065,-220.470024,-551.2225397,-90.99975752,-256.0125072,-569.9167524,-99.4974492,-225.7626566,-566.2406082,-64.81278185,-260.5472908,-584.3014791,-75.30488743,-222.6575537,-568.9105418,-119.6189547,-261.8068629,-582.7872597,-128.9469478,-234.750032,-586.1739917,-73.51508225,-273.2077692,-603.088438,-79.32735783,-235.6929681,373.3761823,70.61181902,54.88562334
346_Femur_L,-595.6329808,-84.7508602,50.59581104,-371.1933417,-57.95992935,43.71207451,-383.2160748,-53.99230568,22.64457356,-378.8709455,-61.31383743,64.55507482,-366.6518076,-55.11460904,32.64364316,-367.2966732,-60.26129259,54.17125206,-375.9022565,-39.25429287,34.81298202,-373.9013513,-45.60890647,60.15602493,-377.6841083,-72.44801638,34.96085028,-376.769067,-78.09757749,53.35480161,-390.1915478,-44.52489905,34.20877643,-387.7028681,-48.04514245,59.00799025,226.1377708,42.76651835,33.24184323
347_Femur_L,-1160.596022,-200.5186858,808.2979928,-708.8632132,-137.131928,528.6835917,-758.4203834,-127.744617,499.7391031,-699.9375598,-145.0672014,580.4733626,-712.6514561,-130.3999623,500.6318215,-688.5058573,-142.5769032,545.5047009,-729.0392958,-92.87480032,516.0199709,-694.9589034,-107.9096774,565.580746,-732.5153787,-171.4104258,518.4308638,-708.8806178,-184.7771641,555.0375348,-759.0327823,-105.3449395,531.686031,-724.5962851,-113.6737586,579.5554699,535.0370313,101.1846492,78.64947569
348_Femur_L,-496.7039936,-165.7331413,1058.200154,-288.9122782,-113.3425801,671.3715917,-336.3463965,-105.5837593,671.1334893,-261.1206947,-119.9012595,704.7535253,-303.2165666,-107.7784611,652.8579708,-267.3891926,-117.8429729,674.9990569,-308.587482,-76.76308241,670.6450985,-263.7115651,-89.18974181,692.0360661,-310.0792964,-141.6745188,673.8073194,-278.0336769,-152.7224244,690.2426522,-323.5823228,-87.06992904,694.2538361,-279.1504734,-93.95388274,714.2869993,442.219973,83.63135682,65.00553611
349_Femur_L,88.32595295,-147.9509931,1039.806449,76.30889903,-101.1816174,647.9984205,39.53101052,-94.25527041,668.9867065,112.694873,-107.0365907,661.4013416,56.98655344,-96.21449414,640.0701885,94.5676601,-105.1991456,641.195941,60.77360454,-68.52687512,656.2188517,105.0153781,-79.62023029,652.7258381,61.03174063,-126.473713,659.3294602,93.14236889,-136.3362463,657.7320572,59.71883275,-77.72786042,681.1639063,103.0112348,-83.87320816,676.8193765,394.7724855,74.65822582,58.03084128
350_Femur_L,95.85201365,-53.48872937,662.3835742,74.32578826,-31.51456097,412.7917364,51.83001123,-39.40766264,426.1618169,96.26410737,-23.15523318,421.3297435,62.08393295,-34.92871236,407.7412478,85.67842642,-27.91530193,408.4583813,55.35431107,-18.44776655,418.0283635,83.29501434,-10.47617849,415.8032236,73.95353621,-50.33369074,420.0099015,94.80968978,-45.54700866,418.9923146,57.70304667,-23.85972969,433.9190078,83.54399583,-13.46080923,431.1514301,251.4802735,47.55921884,36.96714528
351_Femur_L,245.8959933,3.592300817,1484.014359,179.5139588,22.11398376,924.8249626,144.708291,-18.40060187,954.7794967,212.715745,62.90869907,943.9536451,159.5861763,1.776233257,913.5097701,197.5090728,41.81478271,915.1164469,128.0669003,26.21492372,936.5571826,173.3492013,72.98124138,931.5719448,199.8730283,-14.81695754,940.9966508,234.9772408,17.833658,938.7168333,138.6865729,18.34539794,972.1588267,177.1756956,67.46920272,965.9583029,563.4202768,106.5524063,82.82176149
352_Femur_L,120.48542,71.92915243,846.7771261,82.39829557,62.1429404,527.7042093,76.75775337,32.19248688,544.7962368,87.16635365,91.7742343,538.6190166,78.35326746,46.40758862,521.2477717,85.67001123,77.01215114,522.1645399,55.80556882,49.49161281,534.3986024,64.83955723,85.52035826,531.5540306,102.995175,49.7018286,536.9317586,111.0268309,75.85145051,535.6308969,63.29848627,48.63264851,554.7128653,68.3030137,83.88826344,551.1748526,321.487053,60.79869764,47.25801522
353_Femur_L,112.9713235,202.4450566,1398.992834,66.5605952,156.9804101,871.8402803,83.23128738,109.4680138,900.0786719,48.90520619,203.3154226,889.8730504,73.77148253,131.124896,861.1733531,58.95874969,180.9578456,862.6879809,38.96276146,116.9115412,882.9003429,22.12630144,175.9239399,878.2007172,106.3076975,156.194192,887.085467,96.1979451,200.2436076,884.9362638,50.39314401,121.872208,916.4623126,28.43001605,176.4498034,910.6170266,531.1410403,100.4478506,78.07677201
354_Femur_L,-1.78788667,122.3823369,738.593349,-11.00612081,89.34402499,460.2850114,9.157972143,72.02125817,475.193371,-31.30963419,105.8685406,469.805349,-0.884030577,79.42597566,454.6534447,-20.81120052,98.30018597,455.4530871,-13.04715698,63.7388447,466.1241326,-36.32273445,86.27582767,463.6429818,7.3743938,99.47672569,468.3336542,-8.875804403,116.9480781,467.1989899,-9.130497167,69.02425149,483.8430566,-33.57939502,88.18027235,480.7570584,280.4140451,53.03108967,41.22035734
355_Femur_L,-31.46706748,52.70912714,370.442193,-27.18586321,36.04703572,230.856383,-14.08334622,33.57945038,238.3336849,-40.14875647,38.13293275,235.6313173,-20.30207049,34.27744484,228.0318654,-33.69074256,37.47832323,228.4329268,-21.65124803,24.41343378,233.7849998,-37.41285409,28.36556047,232.5405762,-21.74321178,45.0576159,234.8931874,-33.18296729,48.57124909,234.3240954,-21.27547428,27.69138342,242.6719428,-36.69885655,29.88072942,241.1241575,140.6419296,26.59779321,20.67410923
356_Femur_L,-160.582003,89.61029584,1109.698973,-124.5188651,52.79671373,691.554839,-86.83142588,66.02011955,713.9538916,-161.2723885,38.7922338,705.8586623,-104.0099413,58.5164816,683.0936961,-143.538073,46.76683283,684.2951182,-92.73572676,30.90575973,700.3278218,-139.5451147,17.55086473,696.6000187,-123.8952268,84.32462262,703.6475156,-158.8357856,76.30543797,701.9427402,-96.67059105,39.97248507,726.9496046,-139.9622364,22.55105163,722.3130491,421.3078525,79.67651734,61.93149217
357_Femur_L,-191.7819999,-2.801748111,1157.429358,-140.0085685,-17.24738973,721.3000035,-112.8625362,14.3512067,744.6624844,-165.9036832,-49.06446808,736.2190631,-124.4662657,-1.385340044,712.4749299,-154.0435224,-32.61266092,713.7280276,-99.88339346,-20.44584147,730.45033,-135.2004807,-56.92035985,726.5621866,-155.8872455,11.55621005,733.9128105,-183.2661222,-13.90902938,732.1347093,-108.1660093,-14.30815142,758.2171692,-138.1848837,-52.62134796,753.3811861,439.4291509,83.10356458,64.5952902
358_Femur_L,-107.7889458,-64.34942517,757.5457164,-73.71535428,-55.59446146,472.0959636,-68.66919934,-28.80011727,487.3868729,-77.98096546,-82.10327833,481.8605938,-70.09658185,-41.51726456,466.3198904,-76.64230413,-68.89678926,467.1400517,-49.92490741,-44.27630144,478.0849171,-58.00691507,-76.50842124,475.5400997,-92.14178234,-44.46436518,480.3511351,-99.32708094,-67.85840058,479.1873553,-56.62823859,-43.5078528,496.2585101,-61.10540053,-75.04831279,493.0933249,287.6094929,54.39187189,42.27807518
359_Femur_L,-71.15092719,-127.5027417,881.1053472,-41.92079826,-98.86846839,549.0972609,-52.42023447,-68.94449351,566.8821967,-30.80118615,-128.0509105,560.4545529,-46.46231644,-82.58430225,542.3790802,-37.13304913,-113.9697942,543.3330141,-24.53929472,-73.63253162,556.0630437,-13.93545559,-110.7993697,553.1031534,-66.95408186,-98.37329718,558.6988937,-60.58681773,-126.1162382,557.3452953,-31.73831029,-76.75682934,577.2008439,-17.90562365,-111.1305659,573.5194006,334.5200912,63.26346801,49.17384827
360_Femur_L,3.563506636,-243.9250076,1472.119203,21.93672854,-178.0750599,917.4120038,-18.25311137,-143.5483779,947.1264366,62.40445274,-211.0107163,936.3873598,1.761995813,-158.3070091,906.1875086,41.47961522,-195.9259336,907.781307,26.00479731,-127.0403767,929.0501839,72.39625833,-171.9597162,924.1049054,-14.69819183,-198.2709408,933.4540674,17.69071184,-233.0937746,931.1925238,18.19834992,-137.574927,964.3664621,66.92840156,-175.7555392,958.2156388,558.9041669,105.6983326,82.15790149
361_Femur_L,-244.2139376,338.1821609,-659.9203071,-258.0715842,367.3838544,-1127.823008,-300.4547276,346.4123469,-1110.267356,-220.1607575,387.0066892,-1106.177236,-236.6679861,377.2042662,-1135.101911,-280.8176894,358.7179675,-1138.90694,-249.6439113,410.5630573,-1116.145444,-302.2984392,386.9532484,-1117.855902,-257.7106639,330.0705766,-1116.861062,-220.8886335,344.0138013,-1113.832329,-295.4804685,375.6389108,-1093.321572,-247.0542919,397.9442064,-1090.520231,469.017815,90.06526158,80.89885077
362_Femur_L,-90.58972926,231.036807,-149.2741059,-95.73014206,327.2006475,-294.1703693,-111.4519208,317.2075295,-292.4202969,-81.66734302,329.4897391,-283.5772411,-87.79060276,331.705459,-294.6872834,-104.1676765,326.4725166,-299.3383297,-92.60394616,338.905977,-282.4104501,-112.1358348,331.6386378,-287.3388899,-95.5962608,313.1807323,-297.5694475,-81.93734437,317.0982068,-294.0103973,-109.6067485,323.4535073,-281.5558025,-91.64334204,330.0994471,-276.5188705,173.9794103,33.4091811,30.00895473
363_Femur_L,-245.7864179,745.3675066,-37.32460463,-259.7332931,1167.887154,-247.3301094,-302.3893393,1142.032347,-256.7745652,-221.5783607,1158.895255,-219.3342394,-238.1918784,1179.173281,-242.4335078,-282.6258593,1173.187085,-260.4609615,-251.2513549,1179.437585,-203.8186655,-304.2449225,1169.047508,-225.2577507,-259.3700489,1139.555936,-274.3361612,-222.3109235,1143.932589,-260.6591056,-297.3830512,1141.969749,-222.7731941,-248.6450611,1150.752555,-201.9221711,472.0377949,90.64518699,81.41975386
364_Femur_L,-269.8996614,729.3288384,373.7511938,-285.2148156,1246.444207,406.0242379,-332.0556969,1227.042102,382.8470072,-243.3166366,1222.521795,427.7109464,-261.5600483,1254.488685,416.8775325,-310.3532912,1258.693916,396.4468978,-275.9007441,1233.538431,453.7449059,-334.0933249,1235.42879,427.6518848,-284.8159348,1234.329316,364.7864562,-244.1210685,1230.98203,380.1961894,-326.5582594,1208.314009,415.1475375,-273.038756,1205.218031,439.7988404,518.3477672,99.53806829,89.40756063
365_Femur_L,-227.0779247,374.1798817,579.1314212,-239.9632074,737.3859874,820.1817645,-279.3724088,732.9991457,795.1323851,-204.712509,710.8325846,825.9197457,-220.0614578,738.6817169,831.473809,-261.113263,750.3403226,818.3565858,-232.1268877,707.907833,849.5230812,-281.0867508,720.2617707,831.3063107,-239.6276122,745.9063311,785.0385615,-205.3893114,736.9849915,794.8583499,-274.7471836,705.7655193,810.7889467,-229.7189769,693.1396281,827.4480783,436.1077547,83.74555894,75.22233715
366_Femur_L,-306.25694,46.50752998,928.7493331,-323.6351473,308.180424,1455.220956,-376.7858066,319.9484872,1423.005124,-276.0930049,273.2967654,1444.016791,-296.7939255,302.0791176,1469.283794,-352.1599425,324.541843,1461.824822,-313.0664084,253.9639144,1469.613125,-379.0979166,280.6776307,1456.66679,-323.1825345,341.8307405,1419.919444,-277.0057992,324.7887362,1425.37288,-370.5478277,277.5818017,1422.927125,-309.8188915,251.6008279,1433.870753,588.1726577,112.9465077,101.4513532
367_Femur_L,-259.4408716,-359.2680887,701.0668652,-274.1625535,-390.2905311,1198.143673,-319.1883198,-368.0114333,1179.493412,-233.8879565,-411.1368653,1175.14827,-251.424424,-400.7232534,1205.876422,-298.3268966,-381.0843192,1209.918697,-265.2094085,-436.1619917,1185.738003,-321.1469883,-411.0800924,1187.55511,-273.7791296,-350.6507406,1186.498241,-234.6612162,-365.4633365,1183.280665,-313.9039116,-399.0602968,1161.491045,-262.4583243,-422.7563455,1158.515038,498.2614501,95.6809026,85.94295868
368_Femur_L,-161.2032752,-411.1270702,265.6313798,-170.3505747,-582.2494057,523.4724442,-198.3272806,-564.4667789,520.3582126,-145.326002,-586.3228152,504.6221069,-156.2222651,-590.2656608,524.3922863,-185.3650603,-580.9537062,532.6687643,-164.7875487,-603.0788913,502.5458172,-199.544297,-590.1467533,511.3159133,-170.1123347,-557.3011444,529.5210609,-145.806466,-564.2722405,523.1877761,-195.04382,-575.5814172,501.0249825,-163.0781658,-587.4077829,492.0618258,309.5941558,59.45121427,53.40055458
369_Femur_L,-64.09891412,-194.3852235,9.733925279,-67.73613526,-304.5745938,64.50149515,-78.86045313,-297.8318899,66.9645253,-57.78566786,-302.2295864,57.20042098,-62.1183257,-307.5179154,63.22450495,-73.70631312,-305.9567686,67.92590472,-65.52412112,-307.5868436,53.15409715,-79.34437274,-304.8772037,58.74522011,-67.6414044,-297.1860637,71.54443351,-57.97671373,-298.3274561,67.97757893,-77.55485766,-297.8155649,58.0972698,-64.84442286,-300.1060425,52.65950826,123.1032632,23.63945942,21.23354851
370_Femur_L,-128.4202303,-347.0199884,-177.8335479,-135.7072925,-593.067258,-193.189298,-157.9945259,-583.8355948,-182.1614024,-115.7718329,-581.6847994,-203.5079923,-124.4521814,-596.8948792,-198.3533749,-147.6683628,-598.8957586,-188.6323296,-131.2755893,-586.9265952,-215.8951404,-158.9640442,-587.8260419,-203.4798904,-135.5175021,-587.3029041,-173.5680603,-116.1545875,-585.7102408,-180.9001239,-155.378805,-574.9246313,-197.5302306,-129.9138344,-573.4515422,-209.2595006,246.6336539,47.36093987,42.54077035
371_Femur_L,-74.03628335,-121.9972738,-188.8194903,-78.23738939,-240.4166674,-267.4113285,-91.08633014,-238.9863855,-259.2442513,-66.74428324,-231.7592198,-269.2821348,-71.74864076,-240.8391259,-271.0929766,-85.1331346,-244.6402873,-266.8162489,-75.68244274,-230.8056363,-276.9777451,-91.64527267,-234.8335031,-271.0383656,-78.12797223,-243.1946327,-255.9532701,-66.96494729,-240.2859271,-259.1549051,-89.57832588,-230.1071583,-264.3489026,-74.89736964,-225.990624,-269.780431,142.188182,27.30432707,24.52542345
372_Femur_L,-243.9707067,-37.04887458,-739.8612133,-257.8145514,-245.5029945,-1159.259559,-300.1554823,-254.8776807,-1133.595751,-219.941483,-217.7139398,-1150.334086,-236.4322708,-240.6425658,-1170.462311,-280.5380021,-258.5368443,-1164.520337,-249.3952723,-202.312985,-1170.724663,-301.9973577,-223.5936921,-1160.411341,-257.4539906,-272.3095429,-1131.137633,-220.6686341,-258.7335246,-1135.481955,-295.1861774,-221.1274897,-1133.533615,-246.8082321,-200.4305006,-1142.251539,468.5506851,89.97555879,80.81827765
373_Femur_L,-275.1027068,380.9562581,-743.3886228,-290.713102,413.8514524,-1270.472788,-338.4569678,390.2274179,-1250.696655,-248.0072223,435.9562307,-1246.089206,-266.6023251,424.9139736,-1278.672345,-316.3361896,404.0894831,-1282.958642,-281.2194766,462.4920652,-1257.318218,-340.5338766,435.8960307,-1259.245019,-290.3065317,371.818701,-1258.124349,-248.8271619,387.5254984,-1254.712535,-332.8535524,423.1506282,-1231.607527,-278.302316,448.2771516,-1228.451866,528.3403216,101.4569336,91.13113295
374_Femur_L,-593.0959548,370.435658,-492.2615486,-862.5056359,402.4224089,-928.5342164,-893.0961799,379.4507826,-888.6678784,-814.6875318,423.9167351,-928.7638338,-846.1882915,413.1794242,-947.1616,-890.153589,392.930029,-926.5909301,-848.1153236,449.7197482,-922.0723576,-899.0013081,423.8581976,-894.856756,-856.1595489,361.5504463,-918.333156,-819.5706024,376.8234802,-935.6269683,-879.096515,411.4647759,-875.3170873,-831.6241713,435.8973978,-899.1820429,513.7495199,98.65506915,88.61442877
375_Femur_L,-180.1921169,87.8553436,-30.77558883,-287.2619045,95.44156521,-88.43539483,-288.8174915,89.99343927,-76.61957745,-277.4676208,100.5393234,-94.15300966,-286.1193393,97.99278095,-94.19630534,-292.7101634,93.19028006,-84.75765746,-283.5399606,106.6589626,-88.81463114,-290.7642653,100.5254402,-77.19047813,-284.7487809,85.74805909,-87.09270974,-279.2844268,89.3703282,-94.9835976,-284.3588681,97.58612189,-75.53754956,-277.4383696,103.3807487,-86.06870019,121.8447512,23.39778797,21.01647319
376_Femur_L,-837.8784757,429.3784423,310.07017,-1431.958696,466.454844,327.6647547,-1409.66888,439.8280308,381.4771973,-1404.475792,491.3692931,279.5306613,-1441.200473,478.9234884,300.4893308,-1446.031589,455.4520607,356.5447146,-1417.132089,521.2780163,316.9644237,-1419.303799,491.3014412,383.8180955,-1418.040685,419.0794382,327.2065065,-1414.195205,436.7826786,280.4548209,-1388.153391,476.9360097,375.1615488,-1384.596623,505.2562885,313.6764717,595.4960429,114.3528141,102.7145324
377_Femur_L,-182.9407685,137.6662145,220.4141885,-345.0742062,149.5535553,320.535789,-330.2585487,141.0165348,331.9042529,-345.1595397,157.5415621,302.7649907,-351.9967617,153.5512201,314.471721,-344.3520164,146.0258712,330.8106882,-342.6727645,167.1308202,315.1878702,-332.5585415,157.5198076,334.098795,-341.2831528,134.3641743,318.177372,-347.7101088,140.0401418,304.5797021,-325.2969506,152.9139998,326.7015116,-334.165962,161.9939749,309.0592093,190.9264135,36.66350586,32.93206986
378_Femur_L,-29.13147842,83.1618872,170.5657947,-83.71095061,90.34283351,271.9156414,-72.52636432,85.18576035,273.3881249,-89.12311588,95.16825649,262.6445932,-89.1640986,92.7577568,270.8341149,-80.22968734,88.21181775,277.0728403,-84.06992715,100.960969,268.3925332,-73.06676603,95.15511495,275.2308971,-82.43999518,81.1671792,269.5367752,-89.9093317,84.59593746,264.3643408,-71.50214111,92.37282251,269.1676925,-81.47069083,97.85788557,262.6169047,115.3354941,22.14781851,19.89371968
379_Femur_L,301.4454154,417.4350692,814.5724729,318.5505981,453.4801726,1392.128059,370.866221,427.5939973,1370.458245,271.7553782,477.701614,1365.409606,292.1310719,465.6019955,1401.112772,346.6272476,442.7834371,1405.809508,308.147902,506.7784113,1377.713861,373.142006,477.6356494,1379.825164,318.1050962,407.422537,1378.597184,272.6538318,424.6333531,1374.858669,364.7262454,463.6697995,1349.54122,304.951406,491.2023358,1346.083385,578.9320269,111.1720341,99.85747711
380_Femur_L,295.178987,184.3627855,244.994531,429.2619733,200.2823288,462.1238557,444.4866359,188.849539,442.2827066,405.4632955,210.9798785,462.2381344,421.140965,205.636007,471.3945515,443.0221325,195.5580492,461.1566981,422.100033,223.8218262,458.9078416,447.4255697,210.9507448,445.3628602,426.1035779,179.9406886,457.0468717,407.8935596,187.5419521,465.6538601,437.5191176,204.7826406,435.6381275,413.8925219,216.9425559,447.5155199,255.6889179,49.09981793,44.10267359
381_Femur_L,332.4546579,162.0932075,56.78099591,529.9985361,176.0897949,163.1634027,532.8685958,166.0379964,141.3632064,511.9280716,185.4951645,173.7124084,527.890502,180.7967908,173.792289,540.0505798,171.9361713,156.3779731,523.1315454,196.7859057,163.8630941,536.4603956,185.4695499,142.4165187,525.3618202,158.2052652,160.6861472,515.2800808,164.8883558,175.2448441,524.6424306,180.0465044,139.3668637,511.8741031,190.7375973,158.7968484,224.8037027,43.16894502,38.77541668
382_Femur_L,412.8648063,211.5763235,-152.7871456,705.5979678,229.8457287,-161.4568812,694.6146557,216.7253605,-187.9729743,692.0557607,242.1223291,-137.7387959,710.1518556,235.989656,-148.0661849,712.532389,224.4241048,-175.6874878,698.2921536,256.8598591,-156.1842907,699.3622645,242.088895,-189.1264524,698.7398647,206.5014869,-161.2310793,696.8450038,215.2247626,-138.1941757,684.012894,235.0103254,-184.8609371,682.2602956,248.9651492,-154.5641516,293.4308084,56.34737471,50.61260881
383_Femur_L,292.5220075,220.1280653,-352.4419485,551.773125,239.135905,-512.5362336,528.0829115,225.4852222,-530.7143899,551.9095731,251.9087155,-484.1207545,562.8422806,245.5281648,-502.8397982,550.6183446,233.4951434,-528.9657816,547.9332234,267.2419244,-503.9849197,531.7605965,251.87393,-534.2234593,545.7112365,214.848108,-508.7651284,555.9879292,223.9239713,-487.0224753,520.1493237,244.5092505,-522.3952147,534.3308593,259.0281167,-494.1852004,305.2910415,58.62488943,52.65832905
384_Femur_L,42.24860583,120.607466,-247.3670208,121.403758,131.0218008,-394.351999,105.1830509,123.5426352,-396.4875026,129.2528769,138.019983,-380.9064453,129.312313,134.5240996,-392.78349,116.3549747,127.9312455,-401.8313471,121.9243721,146.4209993,-389.2425292,105.9667811,138.0009241,-399.1600259,119.5605252,117.7145942,-390.9019929,130.3931047,122.6872308,-383.4005494,103.6976473,133.9658397,-390.3667221,118.154769,141.9206803,-380.8662893,167.2679895,32.12039025,28.85133074
385_Femur_L,-262.0095238,362.8251024,-708.0079338,-276.8769609,394.1546894,-1210.006161,-322.3485148,371.6550124,-1191.171249,-236.2036163,415.2074173,-1186.783087,-253.9137075,404.6907032,-1217.81547,-301.2805484,384.8573293,-1221.897766,-267.8351733,440.4803106,-1197.477667,-324.3265756,415.1500824,-1199.312764,-276.4897408,354.1224363,-1198.245431,-236.9845318,369.0816876,-1194.995998,-317.0117872,403.0112821,-1172.990646,-265.0568514,426.9419388,-1169.985174,503.1945984,96.62821263,86.79385608
386_Femur_L,-311.6021715,139.8144097,-540.3044283,-333.3822795,154.8469907,-923.3959902,-354.8489767,122.6266873,-909.022442,-314.5345768,184.2801792,-905.6736889,-322.2262216,170.5721782,-929.3555335,-345.9628727,139.3908371,-932.47087,-345.0829389,188.9133058,-913.8350789,-372.7525309,150.6175048,-915.2355027,-317.8513959,128.5377123,-914.4209856,-297.4506382,153.4980442,-911.9412351,-363.2864784,145.3861381,-895.148218,-338.0809747,181.026008,-892.8546424,384.0045526,73.74020647,66.23528147
387_Femur_L,-461.0056102,-47.10733415,-733.1100356,-496.7970667,-44.21922856,-1252.906383,-500.1627963,-96.64362894,-1233.403688,-494.6179784,3.153348942,-1228.859945,-494.3563232,-18.17260993,-1260.992567,-501.0942484,-70.91615309,-1265.2196,-533.6574584,-12.12714919,-1239.933697,-540.190224,-75.89883123,-1241.833857,-460.6984723,-64.59778597,-1240.728682,-453.6599566,-21.42746974,-1237.364042,-525.5179328,-75.62402943,-1214.5785,-520.0787819,-16.64492911,-1211.46647,521.0351354,100.0541224,89.87109312
388_Femur_L,-257.9053278,-186.2430456,-503.2700798,-280.1751965,-196.8111988,-860.1032109,-264.1818528,-229.133538,-846.7148758,-295.140012,-167.8995491,-843.5956579,-287.6644636,-180.4883332,-865.6542664,-273.5663961,-214.1578906,-868.5560668,-313.1046285,-190.3840658,-851.1976378,-295.0992568,-230.539594,-852.5020717,-251.719251,-196.5359529,-851.7433845,-262.352668,-168.4546437,-849.4336047,-286.4706883,-225.340056,-833.7916395,-303.4812088,-188.4091637,-831.6552736,357.6835422,68.68579575,61.69528446
389_Femur_L,-208.1542201,-463.91003,-804.3995404,-230.5345683,-496.3360253,-1374.742222,-182.5653201,-528.2954179,-1353.343034,-274.3543893,-468.2757642,-1348.357446,-253.9460618,-479.7270039,-1383.614727,-207.5236096,-515.06588,-1388.252807,-281.2521393,-513.7558438,-1360.508038,-224.2377543,-554.9500408,-1362.592974,-191.3655918,-473.2138094,-1361.380329,-228.5262711,-442.8413763,-1357.688503,-216.4493507,-540.8570816,-1332.687236,-269.5096135,-503.3313933,-1329.272585,571.7019325,109.7836424,98.61038924
390_Femur_L,42.25804042,-413.549059,-657.6426808,39.66724039,-445.6560938,-1123.930478,86.69500093,-448.6753505,-1106.435417,-2.828738868,-443.7013238,-1102.359413,16.30189648,-443.4666037,-1131.184259,63.61594681,-449.5109177,-1134.976155,10.87876379,-478.722026,-1112.293218,68.08570122,-484.5822998,-1113.997772,57.94800109,-413.2735383,-1113.006366,19.22169655,-406.9595771,-1109.988087,67.83918789,-471.4203945,-1089.54812,14.93147723,-466.5411572,-1086.756447,467.3990626,89.75441347,80.61963918
391_Femur_L,211.4512927,-292.8131613,-571.388363,223.4498597,-318.0972867,-976.519339,260.1470709,-299.9392224,-961.3188747,190.6249792,-335.0876101,-957.7774665,204.9176722,-326.6002362,-982.8217374,243.1444496,-310.5939763,-986.1163004,216.1528055,-355.4837617,-966.4083846,261.7434385,-335.0413387,-967.8893753,223.1373589,-285.7897906,-967.0279988,191.2552067,-297.8624549,-964.4055872,255.8401361,-325.2448818,-946.646461,213.9105978,-344.5577992,-944.2209351,406.0964914,77.98251063,70.0458244
392_Femur_L,174.8472454,-78.45312596,-303.1774154,187.068572,-86.88825773,-518.1390251,199.1140364,-68.80869407,-510.0736919,176.4926865,-103.4039062,-508.1946285,180.8086477,-95.71202717,-521.4830638,194.1278363,-78.21544948,-523.2311517,193.6340849,-106.0036616,-512.7741747,209.1601382,-84.51499455,-513.5599852,178.353831,-72.12550805,-513.1029407,166.9064901,-86.13133242,-511.7114949,203.8485154,-81.57955271,-502.2885413,189.7051195,-101.5779149,-501.0015626,215.4739101,41.37734951,37.16616115
393_Femur_L,433.975724,44.34531595,-690.1260015,467.6686399,41.62654706,-1179.445418,470.8370285,90.97717664,-1161.086214,465.6173168,-2.968460383,-1156.808882,465.371003,17.10710537,-1187.05749,471.7138672,66.75816562,-1191.036681,502.3678166,11.41610478,-1167.233352,508.5175502,71.44869716,-1169.022101,433.6865943,60.81025982,-1167.981726,427.060764,20.17112479,-1164.814362,494.7055313,71.19000765,-1143.364792,489.5852911,15.66899622,-1140.435229,490.4855713,94.18770448,84.60173114
394_Femur_L,339.6716242,245.2895345,-662.8268089,369.0019313,259.2082146,-1132.790304,347.9380585,301.7780271,-1115.157331,388.7111914,221.1304164,-1111.049197,378.8655954,237.7103482,-1140.101266,360.297877,282.054501,-1143.923053,412.3713093,250.7434235,-1121.061308,388.6575153,303.629859,-1122.7793,331.5243138,258.8457048,-1121.780078,345.5289489,221.8614983,-1118.738006,377.2933456,296.7818597,-1098.136913,399.696881,248.1423986,-1095.323233,471.0835205,90.46193809,81.25515537
395_Femur_L,170.479367,379.9446786,-658.8073227,188.8089862,406.501734,-1125.920885,149.5219275,432.6766394,-1108.394842,224.6976429,383.5202371,-1104.311619,207.9831187,392.8988608,-1133.187512,169.9628938,421.8415804,-1136.986123,230.3469353,420.7686541,-1114.263016,183.6518634,454.5069114,-1115.970589,156.7293949,387.5645213,-1114.977427,187.1641805,362.6893439,-1111.953803,177.2731212,442.964706,-1091.477638,220.7297468,412.230976,-1088.681021,468.2267957,89.91336265,80.76241126
396_Femur_L,-11.84517646,115.9202256,-184.3410987,-11.11896002,124.9200157,-315.0443018,-24.30111699,125.766331,-310.1403337,0.792912088,124.3720822,-308.997806,-4.569517151,124.3062888,-317.0775792,-17.83192283,126.0005454,-318.1404699,-3.049381264,134.1885903,-311.7823095,-19.08482119,135.8312594,-312.2601062,-16.24316441,115.8429955,-311.9822092,-5.387954227,114.0731552,-311.1361678,-19.01572206,132.1419002,-305.4067252,-4.1853806,130.7742214,-304.6242029,131.0146973,25.15868825,22.59815749
