Source,"TIBIAL KNEE CENTRE ",,,MEDIAL PLATEAU,,,LATERAL PLATEAU,,,MEDIAL MALLEOLUS,,,LATERAL MALLEOLUS,,,TUBEROSITY,,,PCL,,,"ANKLE ",,,PCL OPP,,,Medial epicondyle,,,Lateral epicondyle,,,Plateau_Length,Knee_Centre_To_Ankle_Length
,X,Y,Z,X,Y,Z,X,Y,Z,X,Y,Z,X,Y,Z,X,Y,Z,X,Y,Z,X,Y,Z,X,Y,Z,X,Y,Z,X,Y,Z,,
38_Tibia_R,-415.2096263,813.3996517,-755.0934052,-390.9827611,814.879489,-762.381593,-435.8050247,826.4468994,-751.559704,-387.2388445,1007.390962,-1094.754317,-421.1778963,1057.41763,-1067.519712,-442.429356,813.1460049,-806.5449852,-403.0986658,840.6714345,-754.8558747,-404.2083704,1032.404296,-1081.137015,-430.5843018,799.6556393,-773.5640923,-379.2433664,809.4059628,-767.028774,-448.1366794,830.7654359,-750.3111121,47.53896906,392.9230171
39_Tibia_R,-333.9297691,870.1688458,-198.8333928,-314.4454629,874.1302859,-203.3145083,-350.4934906,877.8352173,-191.1256016,-311.4344412,1141.868025,-357.3975565,-338.7297133,1165.759746,-318.3119565,-355.821068,890.6819891,-234.771187,-324.1896041,889.0680054,-187.7013727,-325.0820772,1153.813886,-337.8547567,-346.2947566,868.02367,-217.2249128,-305.0041275,872.1867324,-208.752274,-360.4111475,880.3409727,-188.5193847,38.23292121,316.005902
40_Tibia_R,-432.2488534,1104.155655,340.2923664,-407.0277746,1111.496713,337.832897,-453.6894385,1107.761131,353.8946669,-403.1302164,1511.35819,338.3882533,-438.4620471,1512.844246,397.6666733,-460.5856167,1150.410573,313.2821713,-419.6408874,1118.136982,365.0032917,-420.7961318,1512.101218,368.0274633,-448.2544694,1113.654164,318.2869048,-394.8066227,1112.837376,330.4792119,-466.5271553,1108.883324,358.4380241,49.48985657,409.0476535
41_Tibia_R,-191.1582162,347.6371915,374.4807841,-180.0044181,350.9925978,375.1620859,-200.6401245,346.010312,380.487602,-178.2807576,504.0135609,463.7923763,-193.9059459,491.475031,486.8241368,-203.6898981,371.3249666,374.3640078,-185.5824552,347.5278349,387.0364308,-186.0933518,497.7442961,475.3082567,-198.2365577,356.1409047,368.153183,-174.5997222,353.1321118,372.6421311,-206.3174907,345.4354732,382.4758115,21.88644951,180.8976919
42_Tibia_R,-547.0480798,325.7314435,1425.521892,-515.1286365,333.072465,1432.011574,-574.1829832,313.1044399,1438.081041,-510.1959416,585.4933135,1870.623011,-554.9114105,521.4627765,1909.76274,-582.9106896,384.6052042,1459.126789,-531.0916151,307.4948238,1456.48274,-532.5536761,553.4780453,1890.192876,-567.3045626,355.8606702,1422.007637,-499.6617183,341.9806834,1428.82762,-590.4302174,308.8349016,1442.186002,62.63366763,517.6849677
43_Tibia_R,-135.6351656,-106.7801825,346.4724866,-127.721055,-106.0084268,348.7760339,-142.3629967,-111.048442,347.6038474,-126.4980421,-106.1826918,474.2483797,-137.5848007,-124.7836394,474.7146884,-144.5269453,-98.30466603,360.9867958,-131.6789178,-114.5342122,350.8596807,-132.0414214,-115.4831656,474.4815342,-140.6575603,-99.87509901,349.4530192,-123.8861855,-103.7009173,349.1967198,-146.3913379,-112.4741,347.9559797,15.52939893,128.3548721
44_Tibia_R,-529.4977705,-1037.291225,962.9359465,-498.6023617,-1039.178394,972.2302377,-555.7621363,-1053.929781,958.4295796,-493.8279167,-1284.679435,1396.08991,-537.1088311,-1348.476148,1361.35887,-564.2098417,-1036.967761,1028.549784,-514.0532185,-1072.069678,962.6330348,-515.4683739,-1316.577792,1378.72439,-549.104388,-1019.764117,986.4907656,-483.6316507,-1032.198257,978.1565743,-571.4881292,-1059.437012,956.8373077,60.62426424,501.076681
45_Tibia_R,-342.5394051,-892.6042131,203.9598694,-322.5527394,-896.66779,208.5565205,-359.5301853,-900.4682449,196.0533499,-319.4640852,-1171.30855,366.6122572,-347.4631052,-1195.816267,326.518922,-364.9951224,-913.6462422,240.8242396,-332.5481116,-911.9906454,192.5408349,-333.4635952,-1183.562409,346.5655898,-355.2231963,-890.4037286,222.8255738,-312.8679802,-894.6741264,214.1344869,-369.7035469,-903.0386056,193.3799375,39.21867206,324.1534106
46_Tibia_R,-614.8078743,-1570.49252,-484.0138377,-578.9347476,-1580.934053,-480.5156188,-645.3038268,-1575.620759,-503.3610295,-573.3910673,-2149.675838,-481.3055282,-623.6451919,-2151.789525,-565.620013,-655.1125855,-1636.283066,-445.5959669,-596.8749713,-1590.378819,-519.1613491,-598.5181296,-2150.732682,-523.4627706,-637.5734146,-1584.002696,-452.7144348,-561.5520285,-1582.84094,-470.0561266,-663.5635153,-1577.216906,-509.8232602,70.39175063,581.8077171
47_Tibia_R,-604.4351297,-1099.215797,-1184.094233,-569.1672373,-1109.825466,-1186.248484,-634.4165692,-1094.071665,-1203.087566,-563.7170873,-1593.672028,-1466.494147,-613.1233484,-1554.025665,-1539.319712,-644.0598392,-1174.115656,-1183.72499,-586.8047821,-1098.870016,-1223.794718,-588.4202179,-1573.848847,-1502.90693,-626.8165808,-1126.10422,-1164.086595,-552.0777911,-1116.590529,-1178.280481,-652.3681889,-1092.254046,-1209.37421,69.20413457,571.9917354
48_Tibia_R,-107.5416492,-64.03403634,-280.2367485,-101.2667536,-65.47717378,-281.5125251,-112.8759742,-61.55175216,-282.7056935,-100.297058,-115.0994197,-367.7371167,-109.087465,-102.5119529,-375.4314148,-114.5917136,-75.60775637,-286.8429797,-104.4048417,-60.44898371,-286.3231984,-104.6922615,-108.8056863,-371.5842659,-111.5237773,-69.95700152,-279.5458974,-98.22618377,-67.22839918,-280.8866063,-116.0699427,-60.71242341,-283.5126688,12.31286273,101.769291
49_Tibia_R,-277.5731172,218.5222983,-709.0450895,-261.3771379,216.9429243,-713.759227,-291.3414129,227.2571577,-711.3603839,-258.8742802,217.2995522,-970.534452,-281.5629845,255.3658089,-971.488738,-295.7698658,201.1774194,-738.7481686,-269.4767801,234.3906772,-718.0233448,-270.2186323,236.3326806,-971.0115953,-287.8512907,204.3912613,-715.1446561,-253.5291976,212.2206786,-714.6201474,-299.5852869,230.174722,-712.0810117,31.78042849,262.6742247
50_Tibia_R,-1311.638701,481.7927211,-1047.851771,-1285.911036,478.3105552,-1074.707161,-1340.480128,501.0511295,-1037.094572,-1564.198027,479.0968398,-1567.750851,-1608.571652,563.0244094,-1544.561201,-1379.127746,443.5511481,-1084.506716,-1306.07714,516.7789421,-1073.920085,-1586.38484,521.0606246,-1556.156027,-1337.987853,450.6369496,-1048.1677,-1271.875309,467.8990612,-1085.002471,-1357.015327,507.4837052,-1029.382585,70.06872607,579.1378297
51_Tibia_R,-765.1606548,222.0992426,-116.0054606,-761.0795003,220.4940162,-132.6568318,-774.1954126,230.977081,-105.0631869,-985.8214447,220.8564816,-265.3490117,-998.1914538,259.5458367,-245.8633406,-800.5526439,204.4704491,-115.0833021,-768.9488936,238.2273675,-127.6944753,-992.0064495,240.2011591,-255.6061763,-775.7527079,207.7368976,-110.0583046,-757.8490827,215.694473,-140.0021046,-779.0191182,233.9424023,-98.17313101,32.30063532,266.9738822
52_Tibia_R,-1540.27609,474.7013643,602.9789107,-1550.516727,471.2704514,567.7959866,-1545.305661,493.6763141,632.8881182,-2108.315865,472.0451629,562.3589672,-2110.388884,554.7374287,611.6461976,-1604.80082,437.022657,642.5081554,-1559.779775,509.1726341,585.3910386,-2109.352375,513.3912958,587.0025824,-1553.526329,444.0041649,625.3064399,-1552.386926,461.0122008,550.7477127,-1546.871099,500.0142109,650.7964885,69.03740644,570.6136802
53_Tibia_R,-472.767847,217.3743593,591.7827518,-484.8844127,215.8032821,580.1749908,-467.9144334,226.0633328,604.7953741,-707.3349634,216.1580366,705.732007,-696.8722998,254.024324,725.7524178,-489.3057582,200.1205963,622.2323357,-484.5293013,233.1593786,589.2734971,-702.1036319,235.0911803,715.7422126,-472.9103871,203.3175553,603.6709139,-489.5294318,211.1058432,573.8423774,-464.4349533,228.9655706,612.2556948,31.6134799,261.2943472
54_Tibia_R,-200.6318139,384.121348,1323.347791,-229.4304135,381.3451038,1316.289422,-181.7071166,399.4755978,1338.973434,-458.9219616,381.971989,1704.981331,-425.2214313,448.8853518,1726.375301,-199.0369378,353.6322934,1384.558349,-220.8480021,412.0149915,1329.899563,-442.0716967,415.4286704,1715.678317,-190.3461887,359.2816266,1341.666781,-242.1340862,373.0442787,1310.702404,-169.790743,404.6041304,1347.316048,55.86405177,461.7321811
55_Tibia_R,249.6549043,196.5433974,637.7295676,235.0879114,195.1228764,641.9695587,262.0383894,204.3997075,639.8119905,232.8367902,195.4436347,872.918416,253.2434721,229.6811999,873.7767202,266.02143,180.9430607,664.4451208,242.3728942,210.81574,645.804793,243.0401312,212.5624173,873.3475684,258.8993025,183.8336554,643.2156418,228.0293142,190.8755926,642.743888,269.4530972,207.0238241,640.4601378,28.58396334,236.2545376
56_Tibia_R,772.4749191,283.7464258,617.120562,757.3228989,281.6956432,632.936743,789.4607544,295.0884496,610.78523,921.216905,282.1587167,923.3093006,947.3502542,331.5869186,909.6520165,812.2218361,261.2244797,638.7080814,769.1995004,304.3511687,632.4732036,934.2835798,306.8728177,916.4806589,787.9929569,265.3975832,617.3066247,749.0567151,275.5639104,639.0000505,799.1989745,298.8768431,606.2433418,41.26619134,341.0767367
57_Tibia_R,1239.722943,359.8479938,187.9535102,1233.110605,357.2471858,214.9322719,1254.361171,374.2319795,170.2247003,1597.240337,357.8344568,429.9218152,1617.282382,420.5194378,398.3508851,1297.06549,331.2856002,186.4594174,1245.860695,385.9789852,206.8921993,1607.26136,389.1769473,414.1363504,1256.884321,336.5779414,178.3178532,1227.876641,349.4709054,226.8331755,1262.1766,379.0364305,159.061345,52.33389657,432.5544505
58_Tibia_R,658.0526463,202.8068155,-257.6108727,662.4277568,201.3410255,-242.5796608,660.2014316,210.9134895,-270.388993,900.7364608,201.6720058,-240.2568013,901.6221174,237.0006489,-261.3138004,685.6195671,186.7093294,-274.4989646,666.3852119,217.5339872,-250.0968005,901.1792894,219.3363274,-250.7853009,663.71355,189.6920412,-267.1498701,663.2267625,196.9583899,-235.2961213,660.8702339,213.6212311,-278.0399917,29.49487326,243.7834649
59_Tibia_R,947.772003,435.7769532,-1186.364783,972.0624487,432.6273672,-1163.094353,938.0422181,453.1960012,-1212.45158,1418.015796,433.3385542,-1414.802301,1397.040978,509.250246,-1454.937824,980.9260538,401.1878126,-1247.407985,971.3505462,467.4216588,-1181.334404,1407.528388,471.2944001,-1434.870063,948.0577576,407.596853,-1210.197341,981.3744592,423.2102694,-1150.399171,931.0667991,459.0142051,-1227.407511,63.37649921,523.8246813
60_Tibia_R,234.5469092,449.0537826,-1547.048438,268.2136663,445.8082381,-1538.796911,212.4231534,467.0035373,-1565.315462,536.4988014,446.5410928,-1993.19387,497.1014841,524.7655884,-2018.204308,232.6824329,413.4108137,-1618.606118,258.1804715,481.6626084,-1554.70773,516.8001431,485.6533406,-2005.699089,222.5225869,420.0151184,-1568.464097,283.0647864,436.1042293,-1532.265456,198.4924186,472.9990046,-1575.068324,65.30739303,539.7840636
61_Tibia_R,-399.0593448,314.1635836,-1019.374901,-375.7748246,311.8929604,-1026.152289,-418.8536503,326.721454,-1022.703537,-372.1765339,312.4056747,-1395.311068,-404.7954688,367.1324999,-1396.683019,-425.220317,289.2273214,-1062.078213,-387.4194605,336.9771216,-1032.282695,-388.4860014,339.7690873,-1395.997044,-413.8359962,293.8477747,-1028.144083,-364.4920535,305.1039158,-1027.390011,-430.7056444,330.9159571,-1023.739564,45.68986032,377.6396113
62_Tibia_R,-320.724571,46.28542654,-650.3945245,-307.1342845,52.45893071,-654.7187195,-335.6681306,46.90960254,-652.5183032,-305.3096041,53.89014582,-890.2540935,-340.7920313,73.72361791,-891.1294432,-327.2248069,24.16105388,-677.6406338,-321.5708152,62.60441815,-658.6301194,-323.0508177,63.80688186,-890.6917686,-322.4083719,30.34588155,-655.9895492,-298.7341446,52.30701538,-655.5084266,-343.555095,45.44630592,-653.1793223,29.15162514,240.9464221
63_Tibia_R,-138.2423282,-55.25953102,-298.8120624,-134.2531806,-49.68131218,-300.7987359,-144.3314518,-58.4439588,-299.7877942,-133.8559502,-48.69270232,-409.0112258,-152.5297568,-48.95224599,-409.4133894,-135.7463183,-65.55558,-311.3297971,-142.3277653,-48.9609299,-302.5957583,-143.1928535,-48.82247415,-409.2123077,-135.25071,-61.98834985,-301.3825958,-130.8760373,-47.81210963,-301.1615527,-147.1333729,-60.83793691,-300.0914876,13.39318966,110.6984985
64_Tibia_R,-477.2182105,-606.1758791,-1548.442568,-473.7691071,-570.8064165,-1558.7375,-496.2937648,-636.2436639,-1553.498806,-474.5479261,-565.3405703,-2119.494065,-557.6786228,-614.8891195,-2121.578075,-439.3397324,-645.9147061,-1613.309405,-511.8722455,-588.4947568,-1568.049661,-516.1132744,-590.1148449,-2120.536071,-446.3582559,-628.6217878,-1561.763059,-463.4564677,-553.6677534,-1560.617615,-502.6652648,-654.2469835,-1555.072543,69.40343988,573.6390494
65_Tibia_R,-104.4124619,-723.502937,-1467.185215,-118.3388922,-692.8454412,-1476.939902,-105.8205023,-757.2131988,-1471.976117,-121.5674828,-688.7292563,-2008.269742,-166.308599,-768.7718928,-2010.244389,-54.50344322,-738.1664215,-1528.648046,-141.2254766,-725.4119275,-1485.76339,-143.9380409,-728.7505746,-2009.257066,-68.45541755,-727.3013204,-1479.806689,-117.9961957,-673.8960794,-1478.721354,-102.519541,-775.0049192,-1473.46727,65.76136758,543.536292
66_Tibia_R,160.8469264,-402.3894737,-869.7685435,144.6101011,-390.7780444,-875.5512625,170.1160138,-420.1134173,-872.6086595,141.7325005,-389.6218041,-1190.53125,142.4879684,-443.9766701,-1191.70185,190.8161969,-395.1242015,-906.2045957,142.5132451,-414.2811776,-880.7819532,142.1102344,-416.7992371,-1191.11655,180.4328659,-393.6816075,-877.2507351,139.1693114,-380.9480095,-876.6073329,177.0842963,-428.2691216,-873.4926363,38.98428656,322.2161482
67_Tibia_R,379.1950153,-298.5251853,-968.6325762,357.0695492,-296.367589,-975.0725998,398.0040021,-310.4579516,-971.7955198,353.6503738,-296.8547815,-1325.855436,384.6456072,-348.8574211,-1327.159095,404.0537496,-274.8301975,-1009.210207,368.1345398,-320.2031138,-980.8978478,369.1479905,-322.8561013,-1326.507266,393.2361163,-279.2206545,-976.9652465,346.3484106,-289.9164887,-976.2487107,409.2660291,-314.4436612,-972.7799756,43.41551573,358.8415107
68_Tibia_R,163.8322596,-23.64348324,-332.2339922,156.8900808,-26.79702752,-334.4428738,171.4657164,-23.96232431,-333.318859,155.957999,-27.52811964,-454.7588585,174.0831031,-37.65943742,-455.2060039,167.1527048,-12.34192953,-346.1518271,164.2645374,-31.97953701,-336.4408919,165.020551,-32.59377853,-454.9824313,164.6923774,-15.50125807,-335.092038,152.5991282,-26.71942626,-334.8462714,175.494529,-23.21484434,-333.6565203,14.89120897,123.0800517
69_Tibia_R,367.1637546,146.7661688,-793.6278282,356.5688056,131.9507371,-798.9043201,383.3361202,155.2238277,-796.2193165,355.5137841,129.3250456,-1086.310533,405.1103515,130.0143788,-1087.378657,360.5344942,174.1118888,-826.874219,378.0144427,130.0374428,-803.6771091,380.3120678,129.6697122,-1086.844596,359.2181868,164.6375286,-800.4550186,347.5993052,126.9862415,-799.8679407,390.7778631,161.5820973,-797.0259088,35.57154932,294.0089112
70_Tibia_R,460.2713474,584.6495009,-1493.454632,456.9447277,550.5360706,-1503.383973,478.6694949,613.6495255,-1498.331314,457.6958895,545.2643262,-2044.22708,537.874468,593.0533187,-2046.237084,423.7380011,622.9771319,-1556.017933,493.6947563,567.5962665,-1512.365442,497.7851787,569.1588225,-2045.232083,430.5072843,606.2983157,-1506.302089,446.9983084,534.0060317,-1505.197322,484.8147317,631.0135154,-1499.849165,66.93880087,553.2681123
71_Tibia_R,93.77783955,649.8126863,-1317.749407,106.2858345,622.277719,-1326.510559,95.0424682,680.0894891,-1322.052346,109.1855866,618.580776,-1803.72337,149.3697288,690.4709066,-1805.496896,48.95215629,662.982665,-1372.952123,126.8413736,651.5272422,-1334.435356,129.2776577,654.5258413,-1804.610133,61.48309357,653.2241966,-1329.085357,105.9780424,605.2583883,-1328.110566,92.07771652,696.0690865,-1323.391621,59.06343802,488.1760107
72_Tibia_R,-122.7365435,307.0490325,-663.6893041,-110.3468021,298.1887656,-668.1018904,-129.8094529,320.5735407,-665.8564951,-108.1510079,297.30648,-908.4518666,-108.7274785,338.7827364,-909.3451094,-145.6050232,301.5051628,-691.4923539,-108.7467662,316.123167,-672.0932436,-108.4392432,318.0446082,-908.8984883,-137.6818742,300.4043709,-669.3986972,-106.1951299,290.6878171,-668.90774,-135.1267003,326.7968673,-666.5310263,29.74751641,245.8716322
73_Tibia_L,119.167778267637,-225.11561985044,934.782318232057,90.102281859273,-229.730914223519,923.953001952279,147.700604243555,-223.785602131794,927.731379739332,35.2295167583127,-182.296392384784,463.891209919345,111.190999699718,-137.831915084238,446.773383159539,132.882468938049,-273.405349847942,879.896492837969,129.230402174085,-202.563080334849,922.824830636925,73.2102554482554,-160.06415090659,455.332293563425,133.618704740863,-251.246255450592,921.431938391738,68.8518984709573,-229.881103462348,921.672329326022,168.862642641239,-225.071565809586,925.528633620558,58.0274901753763,486.020692635816
74_Tibia_L,83.5939042455908,-111.356587858038,511.01169985286,68.2951551967028,-116.334135943205,505.09170413574,98.8859939013127,-108.19842314003,507.157206678941,34.6110493810495,-95.4152060030677,253.592554228049,71.8227277918026,-64.9113415125456,244.234857168846,95.1285213762466,-136.256991138804,481.007603299659,87.0984250608859,-98.3191899654209,504.474973662409,53.2168868431651,-80.1632724687196,248.913704071567,93.6310590027188,-124.229592803641,503.713529826724,56.8342048553617,-118.232498600512,503.844942860071,110.422059406621,-107.083042571864,505.953045007775,31.7215311141058,265.689942421266
75_Tibia_L,95.0231627101671,-92.0997116919337,485.653624639634,81.4026144279725,-99.0465072943913,480.027398510764,108.907950751018,-86.8617176693016,481.990404048792,46.6741000998169,-84.4182820461532,241.008460624164,77.0687492493108,-50.2527137577338,232.115123159698,109.55241572052,-113.75825200881,457.138429685594,96.3744805479294,-79.3407961022064,479.441272224644,61.8714228465559,-67.335496951082,236.561790345781,106.358650270071,-102.691051987206,478.717613727458,70.9267280645189,-102.532373451351,478.842505615429,119.570753174829,-84.0996505171789,480.845996825978,30.1474047837267,252.50553677017
76_Tibia_L,162.483337600084,-114.216096768737,728.893499812906,143.923612115947,-127.71173303326,720.449375346927,181.835965405398,-103.191501626757,723.395553248568,89.0085309028022,-114.18097873401,361.71767580077,126.043170652781,-56.398677398383,348.370105556027,189.106198681399,-142.910875791754,686.096454360357,161.490895291552,-94.9853614653831,719.569687399906,107.525847844755,-85.289827085854,355.043888357859,181.773438597939,-127.25500948379,718.483584161051,129.212873745894,-135.338663762259,718.671028217273,196.993719984271,-96.5936256476963,721.677969061965,45.246748440089,378.97306862502
77_Tibia_L,157.83266366163,-77.3382701238864,645.04094699418,143.478589791639,-91.7036904873343,637.568242074367,173.22187100029,-65.0229294595602,640.175489064738,93.6061332099976,-87.47928778701,320.105354489993,117.977498829395,-31.8468645068083,308.29330053019,185.07519365199,-98.7337192690433,607.167311498253,154.302939196453,-60.6667723729894,636.789754206728,105.791813320319,-59.6630756960712,314.199325456509,176.498525028891,-86.0646266814587,635.82859724497,131.676323748316,-100.406641301348,635.994477571197,185.557318120332,-57.1575540738962,638.655497281914,40.0415224853754,335.375671663858
78_Tibia_L,244.156354234541,-75.1353067887523,937.513299524514,226.816940769167,-99.0208009191232,926.652345226351,263.447840624363,-53.9573961389913,930.441761603727,154.263415599603,-104.29579926857,465.24647540877,176.600229133491,-18.8930073576319,448.078638647987,288.128190749035,-99.654977489583,882.467124325505,235.298848248209,-52.0055263886016,925.520877940698,165.431818389024,-61.5944032796552,456.662554043667,272.935686317177,-83.41823653366,924.123916338838,211.853261122283,-114.197500753436,924.36500957903,279.367348728898,-39.8618284565852,928.232580127411,58.1970184035277,487.440609758174
79_Tibia_L,191.680865702531,-27.2970597387907,710.559201545719,181.532767513765,-47.2332914761871,702.327477240537,203.611285632911,-9.15624515234372,705.199548150676,127.845510555764,-59.7843752732121,352.619172715823,134.440823885458,6.7954714600483,339.607341963986,227.504813510974,-40.4386806313719,668.838656015975,182.30786996859,-11.032575027318,701.469916615556,131.14316423912,-26.4944523531386,346.113255077735,214.206785990377,-30.0853482589378,700.411132787197,172.130559466721,-60.3685477822383,700.593861949904,213.85719929238,3.28301627031138,703.525167396102,44.1086296590408,369.440530226494
80_Tibia_L,121.515135632128,1.89845067381305,446.010546353467,117.181288342508,-11.4577121668966,440.843579481743,127.130250038981,14.3165340510193,442.646348220801,85.1296702645536,-24.510575755036,221.33535043325,82.6808849298454,17.4139810554254,213.167960960196,145.015013070609,-2.7312148162058,419.822998200678,114.10719156064,11.0614508373204,440.305297686156,83.9052757926382,-3.54829791941263,217.251654276783,135.754129498151,2.3816901285346,439.640710199668,112.642061077122,-20.5242907805545,439.755407375521,132.260883699886,23.0344679357763,441.595357010602,27.686523473816,231.893939833571
81_Tibia_L,229.982651519282,40.1180004333393,856.77321428497,225.773562082891,13.4747327765645,846.847622051816,236.904613749605,65.3664592715264,850.310688070778,168.88383705508,-20.9224363275547,425.17873439544,151.639124447782,57.8860063769178,409.489418103803,275.960691105825,38.3958965083711,806.467700237043,213.173871190778,55.2770158165927,845.813598466573,160.261477498771,18.4817834016723,417.334073521958,256.853368879649,45.3137640593271,844.536945343396,219.885755091676,-5.09153708184298,844.757275263458,244.019278011781,83.4489595578058,848.291764696184,53.1850017964339,445.4614758077
82_Tibia_L,185.908298480304,63.6327606431761,721.136395212145,185.917268157204,40.9293073710849,712.78213566712,188.33826426724,85.5338744266435,715.696959454392,143.152395388484,4.84341916453969,357.86816713064,118.43977489213,68.0883450016202,344.66264575666,224.357794755431,68.2550191574863,678.794808833198,169.938744807323,74.0216495727505,711.911809624716,130.796082649985,36.4658803055549,351.265404147806,207.562507799606,71.4901790628825,710.837265024308,183.467184673415,24.719438597957,711.022714244314,191.871963848418,101.503112118933,713.997654317059,44.7652188879881,374.939922856879
83_Tibia_L,132.180404904935,69.9713560236413,548.873087544867,134.89035226174,52.9050632156481,542.514473195247,131.399462735315,86.7248824696719,544.733010967563,107.038378652439,20.6856005496763,272.381490008187,80.9303164158987,65.2876569464957,262.330471452892,160.534528301884,78.0241662514048,516.645956309141,118.938303771367,75.8797941108962,541.852048520475,93.9843458737073,42.9866271153163,267.355978983121,147.523445056242,78.4564594285118,541.03418852,134.978538387669,40.4275448518899,541.175338081502,132.15453783733,99.1505275931778,543.439631707271,34.0718123073565,285.375186259665
84_Tibia_L,189.719115177312,142.419607611438,870.614746789228,198.199403920303,116.355005698752,860.52880242878,184.338524523361,168.472863862377,864.047815739355,162.559654579576,58.9671234566025,432.047676110856,110.589975084653,122.364959526713,416.104892299695,232.142132700151,162.07122767299,819.496525952354,167.507195433909,148.390287936573,859.478073756559,136.574812635887,90.6660385216499,424.076281433546,211.650957333488,159.519988972329,858.180795763922,201.433659661769,96.8288923391877,858.404685206737,182.438241670333,188.126951531484,861.996275806439,54.0442279239906,452.658093762117
85_Tibia_L,133.091334411355,137.315951296198,701.807723146883,143.130000978593,117.633186681743,693.677383437503,125.522020661029,157.380563165526,696.514080987511,121.991063813729,67.4477492992832,348.276200214271,72.6191277794677,111.370410293079,335.42462740506,164.389630347581,158.311865785228,660.601021435074,114.653696873915,139.268711961109,692.830384808298,97.3050944225284,89.4090771545655,341.850411575358,148.396654994959,153.696623263959,691.784641306182,148.167352017877,102.494706119312,691.965119917046,121.530616168479,172.789152151087,694.860322451288,43.5653734196963,364.89038041083
86_Tibia_L,69.7136426665264,99.1743340665215,444.891941026473,77.95092261847,87.8461053229865,439.737933033669,62.9846026448974,110.986523570858,441.536180384766,69.6922078058252,54.3277969846443,220.780235976717,34.4238452744234,76.932488572391,212.633330515638,87.2279653215542,115.42402808243,418.77007188308,57.9758522229686,98.5685808459026,439.201001261952,52.0580259417563,65.6301409882913,216.706781829799,77.6721540103151,110.948359322248,438.538080577087,82.6061431918045,78.8671681407161,438.652490089626,58.9574822881788,120.238304328854,440.487825086152,27.6170849977599,231.312344177333
87_Tibia_L,49.0017807672327,100.003291646769,408.700052637131,58.1037580696886,90.9085035196587,403.965322371865,41.1987406637962,109.753943723451,405.617282587984,55.4271627093037,59.3091519978025,202.81979902071,20.1782774580628,74.7509289235959,195.335643018489,62.5580072867557,117.264247703763,384.703193379009,38.4386652935838,97.7668466870574,403.472069914072,37.8027197980308,67.0300387503645,199.077719718443,54.530828808337,111.830042427267,402.863077721106,63.6179761551613,83.4305491733167,402.968180038062,36.2152131077375,117.569723342957,404.654210825575,25.3704395414008,212.495121900329
88_Tibia_L,67.0099160595874,217.752445580227,836.127383927699,88.3123506289706,202.288175977869,826.440970616137,48.1222575723745,234.957684220981,829.82058646141,93.0168924977446,137.580838785397,414.933119948712,16.8498525028663,157.502072409328,399.621872155457,88.8779451619502,256.969016321152,787.034091610976,46.3814697360967,209.852820783191,825.431864097827,54.9333724704768,147.541452049983,407.27749339015,74.3971012679244,243.419481618699,824.185974732627,101.847789897465,188.942720160414,824.400995319862,35.551033103086,249.155601916241,827.850313475043,51.9033924903392,434.727104206342
89_Tibia_L,13.1591860048936,92.4042438817764,342.54167995029,22.7699127344195,87.5121158306323,338.573384745259,4.41398209986972,98.1555818091084,339.95793369256,28.8204561932578,61.6309181059227,169.988318414574,-3.2759159334163,64.8103431317858,163.71566111133,19.4944116807023,109.674015686943,322.429315318162,5.31851079517964,87.8857720952079,338.159977591426,12.7722703451939,63.2206291815569,166.851988672421,14.5033456917988,103.263390538438,337.649566086683,29.1020702124518,82.9795615653851,337.737654952795,-1.58265476837151,103.094864095377,339.150759293438,21.2635964334083,178.09744717994
90_Tibia_L,-2.30580696492131,147.589005049657,541.712375462782,13.9162280489652,142.325231066401,535.436716914115,-17.3884759734475,154.408971502695,537.626311182748,29.7698839742197,103.396200557167,268.827944624568,-21.1505515305066,100.421971962106,258.908053740931,3.31725982285058,176.131322118983,509.905686061876,-13.4349397298798,138.591516059608,534.782934368971,4.30966691368626,101.909084067865,263.867997458129,-2.89273656798745,164.883302806577,533.975744339606,24.9282498010972,136.812008106089,534.115052434668,-27.9770432448961,160.640500713835,536.349805616405,33.6273043808718,281.652122421142
91_Tibia_L,-34.0510903297845,195.203149623043,727.206286370963,-11.4369943164766,191.630586607525,718.781708025656,-55.4813097649607,201.078326815778,721.721066232843,17.7584067404485,143.34410311298,360.880386231091,-49.1321005703186,128.707250319731,347.563712406662,-32.5894143820063,234.228085119248,684.508305802902,-46.9176588663557,180.936304538118,717.904056345016,-15.686845537368,136.025673955584,354.222047003709,-38.4611161199456,218.010298887232,716.820467174381,4.32156107529241,186.633172839724,717.007477342618,-70.8292544278449,207.117064361034,720.007457841233,45.1420130813679,378.095836964039
92_Tibia_L,-64.8527715195401,189.472659728501,734.962516169465,-41.7140320891397,189.48180137819,726.44808303766,-87.1737884590272,191.949214484063,729.418791823277,-4.93628051457073,145.897011174224,364.729460775467,-69.3937813934406,120.71058338923,351.270754099742,-69.5636511403971,228.659336084646,691.809127891893,-75.4408433442035,173.196926833138,725.561070508186,-37.1650291424007,133.303794743659,358.000105097743,-72.8608377476283,211.542038382303,724.465924002621,-25.1933766079112,186.98474321551,724.654928782108,-103.4491993155,195.550664574245,727.686906443803,45.623488329297,382.128527896876
93_Tibia_L,-91.9658821287694,173.729483434809,721.403736348201,-69.5350366807453,177.291265188858,713.04637969526,-113.985647443255,172.703062916441,715.962284071874,-27.1878324220497,140.684409647268,358.000836737935,-85.8099271532811,106.369639851396,344.790419786489,-102.549981656034,210.996332591016,679.046453011119,-99.7315558497993,156.324911318535,712.175731003834,-56.4988776416572,123.527022566928,351.395625965517,-103.118160202658,193.895395634299,711.100788046088,-53.1353833324061,177.407171401392,711.286306016202,-130.317121917126,173.695485412966,714.26234896472,44.7818143400451,375.078921339822
94_Tibia_L,-81.3402231318246,108.354428296119,497.234888884819,-66.4539264274811,113.197782312787,491.474495505473,-96.2200399794016,105.281407300531,493.484312360656,-33.6779398556403,92.8428240850815,246.75573095471,-69.8863961103918,63.161339933408,237.650316227826,-92.5638684396365,132.58351984542,468.039698989918,-84.7502625080062,95.6685170061238,490.874392007908,-51.7821662867532,78.0020807549114,242.203022008248,-91.1067774628062,120.880378652213,490.133476601983,-55.3019618616364,115.044965352316,490.261346756528,-107.445094613868,104.196097251787,492.31261473625,30.8663226366841,258.526975088226
95_Tibia_L,-122.070516053593,118.314935158632,623.889869503524,-104.573020597546,127.239063759753,616.662196719361,-139.90746436283,111.586000705265,619.183951333801,-59.95939645684,108.447066586946,309.609008188969,-99.0055658446502,64.5566252115888,298.184274863292,-140.735369572063,146.138353344708,587.258121368329,-123.806472436262,101.924327164739,615.909235691979,-79.4824788024137,86.5018446777532,303.896639539885,-136.632532057808,131.920990131634,614.979595342421,-91.1152823152909,131.717145403613,615.140036405217,-153.605322414789,108.037739912654,617.713800517095,38.7285494890429,324.378607286939
96_Tibia_L,-68.1361529801205,47.8956522999368,305.65595059171,-60.3532731258875,53.5549448198064,302.114971160249,-76.2515303978077,43.2725720984047,303.350428476536,-37.3250510957375,47.8809258189215,151.683558806722,-52.8552458642555,23.6503568172069,146.086356647156,-79.3002474786571,59.928589843694,287.709334777914,-67.7199798391886,39.8313895767366,301.746080704044,-45.0901472500499,35.7656409069649,148.884956753838,-76.2253102562148,53.3634212697863,301.290631563671,-54.1844367711134,56.7532402671765,301.369234804339,-82.6078196030626,40.5058029410673,302.630172599083,18.9738801473593,158.919476671106
97_Tibia_L,-218.719639042003,107.172990261974,893.877856590824,-198.828206034464,127.080146890312,883.522412509661,-240.045528095425,90.1067708730938,887.135455002879,-129.716493359704,121.226099874013,443.59213083777,-163.489580422741,44.1324029383534,427.223350646797,-256.471497167241,136.822144027779,841.393740231762,-213.82825570581,84.0701426905546,882.443608024845,-146.603033150508,82.6792507814258,435.407737896492,-244.586214223219,119.265706130445,881.111666341411,-182.472989636371,139.140427801,881.341538183112,-257.139610390719,79.2071761670804,885.029097254278,55.4883073092467,464.753265566413
98_Tibia_L,-91.134372511422,28.0451805529025,349.938409512802,-84.6622224384204,36.9607360235808,345.884424278867,-98.3351578952841,20.140264032422,347.29887070939,-57.5807237383367,38.929694259719,173.658988857603,-65.9182150630967,7.05204816720631,167.25088190713,-107.547403175673,37.197450255293,329.391745258893,-87.8281990857446,19.4117045587868,345.462090150318,-61.7494679160572,22.9908712009787,170.454934268286,-101.876613395841,31.1368863052469,344.940656991607,-79.0768443336558,42.6256265423244,345.030648018998,-104.277310768371,14.8789194323369,346.4742664584,21.7227553666136,181.943223415857
99_Tibia_L,-254.898819717523,36.2998585366083,944.907574105545,-241.403793799244,62.8112263815536,933.960958219079,-270.763992007112,12.1760514479244,937.780262156674,-170.010030095655,79.501762676409,468.915927552835,-178.780532968983,-9.03667483054127,451.612686100688,-302.537805385323,53.7756960043532,889.427243429207,-242.434531531833,14.6712106218918,932.820566921581,-174.395277567508,35.2325445167687,460.264303818509,-284.853977074407,40.0077479506742,931.41258732385,-228.90065883506,80.2786001688547,931.655582093992,-284.389093757118,-4.36578251746042,935.553656613474,58.6560249414523,491.28510957735
100_Tibia_L,-211.819917314358,-3.30929692552757,777.466251907344,-204.265342571344,19.9725872104617,768.459419220691,-221.607941359124,-24.9559616021472,771.601927544924,-148.394351227377,42.7257732359914,385.822189010665,-144.125734775441,-30.3552969602148,371.585149699828,-252.783885054033,4.76093528206956,731.817253076593,-198.906710309082,-19.2818416368417,767.521109726652,-146.260039855776,6.18523913080319,378.703666880068,-236.640714227029,-4.15165899680102,766.362629627002,-196.352758356848,35.7770540555069,766.562564772356,-230.551439567555,-40.1526860679103,769.769885222916,48.2619476367123,404.227464387249
101_Tibia_L,-123.525864343685,-21.5477586962819,460.181022968139,-121.265122469047,-7.23740683060069,454.849893199769,-127.243715937301,-35.1089455107209,456.709938818191,-90.7091113529398,11.2376390760945,228.36753259342,-81.446812583433,-31.0911232820243,219.940651943584,-148.221105672702,-20.6228003378315,433.161454044252,-114.497708937504,-29.6898096964139,454.294509320702,-86.0779602211515,-9.92674123123125,224.154090803448,-137.958381603344,-24.3384526403066,453.608806814596,-118.102725467038,2.73471287820095,453.727148105284,-131.065069620697,-44.8212279920381,455.625555916946,28.5661691159089,239.261585460703
102_Tibia_L,-84.9747929423702,-29.0852033190877,329.61635584466,-84.9788927939829,-18.7079299179376,325.797798626782,-86.0854794544292,-39.0957441296401,327.13010358472,-65.4319643435899,-2.21382554734892,163.574050492498,-54.1363426478023,-31.1217576923512,157.538083009482,-102.549253100551,-31.1979409611958,310.262902745396,-77.6754441352624,-33.8337470522519,325.39999080513,-59.7841523574221,-16.6677908073806,160.556065701608,-94.8724788890434,-32.6766648554152,324.908838954064,-83.8590109036727,-11.2987381073555,324.993603911843,-87.7006595872461,-46.3949485085858,326.353386765884,20.4612448025265,171.377192793613
103_Tibia_L,-106.803923576575,-56.5379971915889,443.498409144244,-108.993605251411,-42.7481541803552,438.360545014246,-106.1729095631,-70.0751198798337,440.153159727876,-86.4887561933071,-16.7143027125097,220.088687604118,-65.3930159748584,-52.7534919265997,211.967300637429,-129.714517855254,-63.0447992305242,417.45836134693,-96.1040898267841,-61.3121115573449,437.825295070122,-75.9408847424029,-34.7338960002501,216.027992708831,-119.201350327772,-63.3940991701303,437.164450847032,-109.064861079845,-32.6661157821025,437.278501995464,-106.78302256395,-80.1152438536938,439.108088185153,27.5305801976284,230.587806156661
104_Tibia_L,-121.897813072984,-91.507061322321,559.385033835473,-127.346545273911,-74.7601037539976,552.904640127304,-118.440690509743,-108.246729106726,555.165667047723,-104.447389861745,-37.8873967752096,277.598105029938,-71.0559718667038,-78.6216030426346,267.354590668933,-149.155335622348,-104.133567125943,526.540692755909,-107.626270438269,-95.3433267060792,552.229528780948,-87.75167945311,-58.2544980006408,272.476346068551,-135.989401013404,-102.494352131992,551.396005231662,-129.424610530725,-62.2142381772921,551.539858071286,-117.21972590748,-120.874820390885,553.847517155338,34.7243512441818,290.84065486927
105_Tibia_L,-111.065279927673,-114.590740536942,585.661505096915,-119.442589519781,-98.1653904469171,578.876702316755,-104.748655676676,-131.334743771737,581.243938387047,-101.802057294501,-56.2854312758114,290.637958061107,-60.6009684297062,-92.9390771350264,279.91326634561,-137.183839898467,-132.111919735988,551.27433871407,-95.6789936351965,-116.220327548292,578.169878388157,-81.2015117154365,-74.6122520009797,285.275610338819,-123.83763451048,-128.260480385515,577.297201024835,-123.646280208936,-85.5322645654887,577.447811186836,-101.417811792433,-144.193276271549,579.863869913237,36.3554878716381,304.502561511519
106_Tibia_L,-104.372587206453,-148.480002408052,666.07512010744,-116.705126251081,-131.519813595584,658.358737372071,-94.2981270346794,-166.164758676461,661.051004212422,-104.340495756599,-81.3374902189257,330.543686307841,-51.5380584840875,-115.180365928387,318.346452478494,-130.594358136114,-172.808419929806,626.966461301501,-86.7992183532207,-147.573091960881,657.554863753882,-77.9392762244896,-98.2589253933983,324.445067272619,-116.287764602025,-166.107620629821,656.562364375776,-123.674743626834,-118.076893842263,656.733653902015,-88.2688771698705,-180.016169347943,659.48144694009,41.3472385327063,346.311954032637
107_Tibia_L,-53.6027702429675,-109.393033921468,447.074671099428,-63.5593716248197,-99.4442967377785,441.895376498338,-45.0670689008468,-120.059216962207,443.702446415569,-60.6314591308303,-64.8779452107038,221.863428581799,-22.0729033424569,-81.7696174670303,213.676552750589,-68.4318495970288,-128.274695918448,420.824642769313,-42.0478380972655,-106.946599456037,441.355810430476,-41.35218092417,-73.3237794679416,217.769989242866,-59.6509645569142,-122.330249567145,440.689637322311,-69.5913435343561,-91.2642048627827,440.804608151117,-39.6156163535234,-128.60885398875,442.648947673285,27.7525800166467,232.447209440832
108_Tibia_L,-50.0883257355159,-162.764797589492,624.985423430677,-66.0113912221517,-151.205622191989,617.745058814685,-35.970248198343,-175.625306124215,620.271241643634,-69.5279248848709,-102.838419644051,310.152683253084,-12.5948658107327,-117.729070125115,298.707888034959,-66.4341597446032,-192.078255731338,588.289349751039,-34.6690505054169,-156.860015084311,616.990775583738,-41.0613953255056,-110.283742233,304.430283654289,-55.6100717806048,-181.950299338472,616.059502780784,-76.1288116118557,-141.23020993391,616.22022557894,-26.5735555424071,-186.237913453163,618.798509234279,38.7965570278084,324.948217845579
109_Tibia_R,-59.13780156,-76.09469423,397.3312414,-42.16195707,-81.65598903,390.6974659,-73.77882998,-76.41497739,391.0402385,-26.11528326,-105.8287291,97.56167354,-56.22647174,-67.13541473,87.61038857,-75.47960482,-104.4676166,356.2311893,-53.65278029,-64.70569652,385.4722526,-41.17087794,-86.48207235,92.58603149,-55.81262166,-101.0501626,394.5029116,-32.19486493,-80.56151781,389.3354704,-85.96703788,-73.93840462,389.4726129,32.05015365,305.4510614
110_Tibia_R,-107.1980371,-479.5732655,554.7742744,-76.42622686,-482.291083,539.3199527,-133.7375679,-474.3742609,544.6081911,-47.33870773,-254.5571375,57.23819983,-101.9207215,-184.7960004,76.68572626,-136.8205321,-486.8632305,464.5386844,-97.25543697,-450.9462004,546.4800087,-74.62971542,-219.67657,66.96196334,-101.1705429,-516.1856467,527.7161148,-58.35905688,-479.338518,538.1738171,-155.8309148,-469.0656622,544.391907,58.0967413,553.6856859
111_Tibia_R,-108.8699096,-703.5133468,244.4153733,-77.61817881,-698.0560798,229.4426999,-135.8233539,-693.7783384,238.1140219,-48.07700749,-252.9566031,-78.92078924,-103.5102884,-201.4748645,-26.39149701,-138.9544004,-664.1036474,161.3484514,-98.77224359,-674.123114,251.657069,-75.79364877,-227.2157349,-52.65614342,-102.7484099,-721.975028,202.0251592,-59.26923123,-694.8771989,229.9339437,-158.2612711,-688.9994272,240.6194892,59.00282454,562.3210295
112_Tibia_R,-113.6656611,-763.6895021,-146.2576135,-81.03728236,-750.9390707,-156.9466861,-141.8064125,-751.5978959,-146.8732129,-50.19481378,-187.5181665,-203.4078396,-108.069947,-168.3913245,-129.0374532,-145.0753825,-684.6932514,-200.7917169,-103.1231899,-740.8959628,-124.3674194,-79.13238125,-177.9547464,-166.2226472,-107.2745075,-758.2533179,-194.2232081,-61.88005826,-748.3212507,-154.8430604,-165.2327265,-748.5848452,-142.1131226,61.60191629,587.0914358
113_Tibia_R,-95.3559196,-493.4886173,-426.5950291,-67.98345699,-479.7415274,-429.0126105,-118.9636408,-484.4455766,-421.9703561,-42.10922262,-50.91512241,-226.4363284,-90.66158663,-68.21428961,-164.3816718,-121.7060313,-413.2213112,-433.079675,-86.51167391,-486.1106154,-401.1303825,-66.38540534,-59.56470627,-195.4090011,-89.99427986,-469.4195601,-459.1628575,-51.91215891,-478.7220049,-426.386214,-138.6163458,-484.2531853,-417.2481959,51.67882126,492.5202847
114_Tibia_R,-92.98029511,-208.7428346,-600.835243,-66.28976911,-195.95543,-596.1744667,-115.9998715,-203.3611684,-592.5210636,-41.06014563,67.40226294,-216.0374679,-88.40291316,22.53964561,-172.0695133,-118.6739403,-137.799569,-567.1774077,-84.35638819,-214.9276014,-575.7345285,-64.73153009,44.97095453,-194.0534915,-87.75223116,-172.5394922,-616.6024331,-50.61885906,-196.3749765,-593.4595449,-135.1629641,-205.5009616,-588.4396367,50.39133452,480.2500108
115_Tibia_R,-65.41273357,84.16887048,-439.4908493,-46.63563392,90.32025733,-432.1531841,-81.60727692,84.5231379,-432.5323272,-28.88629643,117.0578932,-107.9136456,-62.19249141,74.25894912,-96.90646007,-83.48851581,115.5523573,-394.0297958,-59.3457134,71.5714209,-426.3735393,-45.53939441,95.65842166,-102.4100533,-61.73472896,111.7722876,-436.362414,-35.61096399,89.1096551,-430.6466713,-95.08873844,81.78378354,-430.7983657,35.45089783,337.8615433
116_Tibia_R,-107.2263563,479.6999575,-554.9208328,-76.44641688,482.418493,-539.4624284,-133.7728983,474.4995795,-544.7520639,-47.35121351,254.6243855,-57.25332082,-101.9476466,184.8448192,-76.70598484,-136.8566769,486.9918484,-464.6614047,-97.28112958,451.0653298,-546.624376,-74.64943085,219.7346034,-66.97965312,-101.1972697,516.3220109,-527.855525,-58.37447398,479.4651481,-538.3159901,-155.8720817,469.1895784,-544.5357226,58.11208916,553.8319567
117_Tibia_R,-61.91124413,400.0681797,-138.9921228,-44.13926707,396.964786,-130.4775861,-77.23890699,394.5321552,-135.4087221,-27.34003691,143.849279,44.88002486,-58.86337887,114.5730677,15.0080993,-79.01944472,377.6569962,-91.75430933,-56.16898652,383.354784,-143.1102707,-43.10170835,129.211174,29.94406225,-58.43012006,410.5668166,-114.8860047,-33.70473859,395.1570462,-130.7569426,-89.99871704,391.8145233,-136.8335106,33.55324064,319.7760948
118_Tibia_R,-49.21900345,330.6894613,63.331827,-35.09040674,325.1683257,67.96036207,-61.40438757,325.4536073,63.59839115,-21.73513697,81.19828975,88.07876594,-46.79597201,72.91606896,55.87522908,-62.81990253,296.4828531,86.94594401,-44.65394906,320.8195034,53.85303166,-34.26555486,77.05717973,71.97699788,-46.45153431,328.3355088,84.1016773,-26.79503002,324.0347688,67.04945937,-71.54834678,324.1489094,61.5371978,26.67459021,254.2197452
119_Tibia_R,-52.22804912,270.2920579,233.6533088,-37.23568862,262.7625444,234.977459,-65.15839707,265.3390316,231.1202972,-23.06393307,27.88707324,124.0230049,-49.65688359,37.36211955,90.03462046,-66.66045074,226.3282974,237.205059,-47.38390624,266.2510015,219.7058914,-36.36040872,32.62459654,107.0288132,-49.29138839,257.1090284,251.491259,-28.43316699,262.2041347,233.5389373,-75.92251586,265.2336557,228.5338903,28.30536399,269.7616857
120_Tibia_R,-76.98489819,172.8328121,497.4735771,-54.88594244,162.2452242,493.614594,-96.04441769,168.3769537,490.5896857,-33.99657021,-55.807054,178.8725498,-73.1949631,-18.66215116,142.4684009,-98.25846649,114.093914,469.6058981,-69.84456168,177.9536137,476.6909377,-53.59576723,-37.23460279,160.6704762,-72.6562179,142.8575294,510.5283381,-41.91089851,162.5925961,491.3667202,-111.9108841,170.1486383,487.2103866,41.72251505,397.6326182
121_Tibia_R,-62.7372505,-80.72623209,421.5149865,-44.72816359,-86.62601761,414.4774432,-78.26941172,-81.06600943,414.8410789,-27.70480175,-112.2700424,103.4998088,-59.64872129,-71.22164201,92.94283435,-80.07370499,-110.8260852,377.9133612,-56.91838095,-68.6440379,408.934195,-43.67676199,-91.74584266,98.22132203,-59.20968203,-107.2006263,418.5145091,-34.1544199,-85.4649309,413.0325492,-91.19946038,-78.43869894,413.1780391,34.00090069,324.042478
122_Tibia_R,83.04930484,-42.85912467,210.4624654,89.46151346,-45.9914354,202.4459884,74.13612336,-43.03951905,211.5170343,14.73664672,-59.60634627,54.94265563,-2.753290138,-37.81295317,58.56849112,63.50370657,-58.83972135,195.017017,82.38506788,-36.44445308,203.1332714,5.991678198,-48.70964997,56.75557372,83.87473865,-56.91489481,208.1464494,93.93965085,-45.37499191,198.974738,67.74954998,-41.64462888,214.1847928,18.05173857,172.0404459
123_Tibia_R,361.1726335,-87.37900015,286.9359671,364.322291,-93.76499571,266.2455652,346.5104455,-87.74677904,297.8837932,82.02629217,-121.5223825,81.98505629,54.84199572,-77.09112276,106.2156583,310.9180628,-119.9594266,279.5896375,352.5286575,-74.30109448,274.6725864,68.43414413,-99.30675311,94.10035801,360.2691388,-116.0351883,282.0053635,368.6904241,-92.50822213,255.551797,337.9537024,-84.90294801,309.1043204,36.80296514,350.7472973
124_Tibia_R,743.1042908,-142.3152471,110.601809,730.6975466,-152.7161962,78.85292657,731.3386132,-142.914253,137.984028,182.463624,-197.9249917,48.84181515,163.852345,-125.5592552,105.1569271,666.23738,-195.3793864,141.164883,720.9251501,-121.015102,100.3435096,173.1579853,-161.7421243,76.99937197,737.8146386,-188.9879315,104.3829287,728.1502897,-150.6692737,60.21208447,728.4067791,-138.2824706,160.7788869,59.94143987,571.2664164
125_Tibia_R,537.4062199,-109.4388025,-212.062578,516.9365148,-117.4370138,-228.4358576,540.0990133,-109.8994312,-189.3031793,140.2935427,-152.2020621,-37.62934922,149.5519468,-96.55363579,7.030399662,497.9669782,-150.2445207,-162.1537923,518.6914605,-93.05923378,-210.3664795,144.9227456,-124.3778496,-15.29947454,531.4923798,-145.3295647,-214.1702853,508.0728368,-115.8629537,-239.8705754,546.9110116,-106.3376434,-172.9953581,46.0942838,439.2973613
126_Tibia_R,269.8066003,-82.16269017,-339.6115215,250.3513641,-88.16745761,-342.5731522,280.1008683,-82.50851357,-325.8246298,77.0907514,-114.2677971,-77.1295256,99.8748465,-72.48897359,-51.56806435,262.8988284,-112.7981459,-292.3570242,258.275313,-69.86550309,-331.4835694,88.4827996,-93.37838581,-64.34879515,265.1703415,-109.1081749,-338.7619632,240.2959874,-86.9857103,-346.6805186,290.6515577,-79.83445222,-317.7787031,34.6059193,329.8085521
127_Tibia_R,58.26900027,-74.97677698,-391.4939954,41.54255016,-80.45637006,-384.9576776,72.6949354,-75.29235481,-385.2954145,25.73162017,-104.2739852,-96.12838205,55.40044119,-66.14911945,-86.32329272,74.37072393,-102.932869,-350.9977496,52.86456018,-63.75509654,-379.8092286,40.56603111,-85.21155275,-91.22583782,54.99267103,-99.56562128,-388.707217,31.7218859,-79.37797786,-383.6156913,84.70408472,-72.8521657,-383.7508191,31.57930059,300.9636393
128_Tibia_R,-158.5041083,-81.79896688,-401.6790442,-170.7421566,-87.77715201,-386.3791626,-141.4928174,-82.14325936,-403.6917464,-28.12569053,-113.7619488,-104.8610419,5.254803745,-72.16807455,-111.7811459,-121.2002725,-112.2988035,-372.2005672,-157.2363759,-69.55621781,-387.6908796,-11.43544322,-92.96501213,-108.3210945,-160.0794935,-108.6251675,-397.258802,-179.288925,-86.60063614,-379.7540927,-129.3036953,-79.48103572,-408.7833082,34.45272337,328.3485335
129_Tibia_R,-406.3648503,-98.31241634,-322.8392201,-409.9086129,-105.4974683,-299.5599035,-389.8680361,-98.72621406,-335.1569079,-92.28994349,-136.7280358,-92.24354792,-61.704175,-86.7372543,-119.506037,-349.8221081,-134.969513,-314.573671,-396.6392851,-83.59811995,-309.0413673,-76.99705945,-111.7326456,-105.8747932,-405.3483046,-130.554249,-317.291668,-414.8233147,-104.0834392,-287.528063,-380.2406189,-95.52654481,-347.7814187,41.40798624,394.6350298
130_Tibia_R,-707.7979447,-135.5535698,-105.3468996,-695.9806693,-145.4603494,-75.10646898,-696.5912776,-136.1241158,-131.4281355,-173.7944184,-188.5211862,-46.52124447,-156.0673979,-119.5936881,-100.1607148,-634.5831319,-186.0965276,-134.4578618,-686.6725786,-115.2654366,-95.57599216,-164.9309089,-154.0574379,-73.3409804,-702.7596143,-180.0087432,-99.42349047,-693.5544376,-143.5106802,-57.35128993,-693.7987407,-131.7123985,-153.1399658,57.09350418,544.1244256
131_Tibia_R,-224.1364733,-45.64373526,88.44512139,-215.5991558,-48.97955611,95.27393917,-225.2595589,-45.83585009,78.95283942,-58.51234825,-63.47904466,15.69410497,-62.37375878,-40.26970773,-2.93217482,-207.6875149,-62.66261117,67.62962131,-216.3310925,-38.81229449,87.73772812,-60.44305387,-51.87437646,6.380964977,-221.6699829,-60.61272626,89.32418466,-211.902374,-48.32306152,100.0430267,-228.1006449,-44.35033217,72.15132244,19.22458251,183.2181274
132_Tibia_R,-121.4941302,-36.99792581,152.9273427,-112.7334217,-39.70187744,154.2609674,-126.1296474,-37.15365037,146.7190942,-34.71402768,-51.45488141,34.73148774,-44.97372413,-32.64184341,23.22114107,-118.383555,-50.79309627,131.6486044,-116.3015823,-31.46049253,149.2673193,-39.8438762,-42.04836263,28.97631448,-119.4064192,-49.13149935,152.5447859,-108.2054774,-39.16973568,156.1105178,-130.8806314,-35.94951838,143.0960069,15.58307337,148.5130576
133_Tibia_R,-79.16852253,-101.8689291,531.9123557,-56.44274491,-109.3139048,523.0316365,-98.76865235,-102.2976962,523.4905105,-34.96085983,-141.6742574,130.6070457,-75.2710885,-89.87502838,117.2851347,-101.0455011,-139.852119,476.8911963,-71.82565522,-86.62233389,516.0365774,-55.11597476,-115.7746435,123.9460908,-74.71706216,-135.2771301,528.1260348,-43.09967267,-107.8487223,521.2083159,-115.0851603,-98.98227694,521.3919104,42.90594585,408.9111973
134_Tibia_R,-20.9525563,-151.9132362,632.2468706,6.865646214,-146.0707039,621.6909833,-40.87378567,-164.0032512,622.2364146,48.21098582,-166.6149158,155.243425,-24.0687555,-137.2506085,139.4086048,-20.89838366,-204.0143229,566.8470816,-22.45520779,-131.8546659,613.3764476,12.07111491,-151.9327631,147.3260156,3.484695414,-183.657521,627.7463368,19.73000609,-136.6324826,619.52373,-59.64013433,-170.2875567,619.741956,50.99928533,486.0440297
135_Tibia_R,44.12741186,-108.4171963,482.5956134,60.28652865,-93.93820087,474.5382783,35.5728646,-124.012134,474.9546074,95.45814918,-91.7392329,118.4976936,36.47147142,-99.91392375,106.4109358,64.04766682,-142.8373898,432.6757914,35.47872171,-95.73118082,468.1917725,65.9648105,-95.82657906,112.4543152,72.39664276,-120.0749101,479.1603447,65.1882678,-82.78946616,472.8840085,25.5659827,-135.3285076,473.0505809,38.92788171,370.9986203
136_Tibia_R,114.6288941,-89.08506514,598.5389817,123.0064174,-63.5126872,588.5458756,115.111368,-111.1402809,589.0622275,159.4201843,-39.3400101,146.9667085,101.1326535,-84.69944377,131.9761128,157.3698072,-113.7023247,536.6259459,97.47253088,-80.82244015,580.6746248,130.2764196,-62.0197276,139.4714113,152.2217614,-84.07602083,594.2783913,121.3577081,-48.49827968,586.4941682,111.3806638,-129.5005727,586.7007596,48.28028693,460.1308637
137_Tibia_R,40.67927038,-5.610667798,169.3028338,39.11475922,1.838480211,166.4761822,43.91673011,-10.94516725,166.6222376,44.61608069,12.90992,41.5710271,36.75291734,-6.44512247,37.33078477,54.63088015,-5.596161468,151.7901025,35.3079938,-6.013047261,164.2497189,40.68449927,3.232398698,39.45090612,49.17974325,0.933130453,168.0976825,36.58739579,5.283293755,165.8958359,45.59953912,-15.97041317,165.9542724,13.65656981,130.152691
138_Tibia_R,67.63244016,27.52740933,301.0511252,58.60020332,37.60773363,296.0248263,77.36082018,22.19094127,296.2845392,57.22845073,59.54837222,73.92082105,62.32795808,22.75150707,66.38090164,89.1043261,39.95399383,269.9103146,59.71869387,22.13221337,292.065771,59.77820487,41.14993976,70.15086168,74.90471484,45.1622231,298.9081478,51.64543822,40.66551959,294.9928654,84.4201612,15.94848284,295.096776,24.28385642,231.4350752
139_Tibia_R,74.463539,95.81486092,500.3008163,53.08835384,102.8173818,491.9478781,92.89883355,96.21814641,492.3794812,32.88313671,133.2545595,122.8450719,70.79772939,84.53375745,110.3148818,95.04036926,131.5407107,448.5495632,67.55705813,81.47437052,485.3685351,51.84043361,108.894159,116.5799774,70.27662883,127.2376133,496.7395163,40.53826009,101.4392751,490.2329173,108.2456518,93.09976243,490.4056008,40.35604643,384.6096139
140_Tibia_R,8.884009752,64.41212485,268.0764716,-2.911075243,61.93485604,263.600712,17.33073069,69.5383638,263.8319781,-20.44174763,70.64572528,65.8241449,10.20529693,58.19508261,59.11008598,8.861040226,86.50329861,240.3465682,9.521143012,55.90717051,260.0752989,-5.118225242,64.42040435,62.46711574,-1.477531791,77.87189231,266.1682182,-8.365641119,57.93299348,262.6817836,25.28777527,72.2029471,262.7743127,21.62400337,206.0855887
141_Tibia_R,-56.51733827,138.8581632,618.0969692,-77.21355024,120.3138106,607.7773263,-45.56087786,158.831788,608.3105506,-122.2605242,117.4974248,151.769024,-46.71179207,127.9673742,136.2885925,-82.03072645,182.9427273,554.1608499,-45.44030187,122.6102167,599.6488728,-84.48615841,122.7324005,144.0288089,-92.723896,153.7890855,613.6971589,-83.49158102,106.0347767,605.6585769,-32.74430182,173.3255298,605.8719188,49.85790389,475.166198
142_Tibia_R,-47.71611174,37.08308412,249.1514304,-51.20338989,26.43817253,244.9916401,-47.91694923,46.26392065,245.2065798,-66.36120316,16.37590882,61.17724453,-42.0980856,35.25749904,54.93716918,-65.50770089,47.33041238,223.3791384,-40.57450098,33.64363423,241.7151059,-54.22964465,25.81670421,58.05720713,-63.36474442,34.99798926,247.3778915,-50.51708828,20.1881851,244.1375841,-46.36398388,53.90668597,244.223581,20.09744212,191.5368361
143_Tibia_R,-176.7615551,24.37974812,735.6629536,-169.9633647,-7.988654127,723.3804488,-190.8291235,47.55947603,724.0150958,-193.8679758,-56.09681578,180.63646,-159.7005739,28.00566137,162.2115517,-237.3847722,24.3167145,659.5657767,-153.4220215,26.12818703,713.7059116,-176.784276,-14.04557691,171.4240067,-213.6982256,-4.054684079,730.4262713,-158.9813416,-22.95722641,720.8586998,-198.1413475,69.39542038,721.1126207,59.34119506,565.5458384
144_Tibia_R,-148.7182017,-60.53052064,661.9867902,-128.857052,-82.69632894,650.9343702,-170.1101134,-48.79606404,651.5054577,-125.8406803,-130.9419978,162.5458368,-137.0540797,-50.02870235,145.966171,-195.933122,-87.85556313,593.5106958,-131.3165212,-48.6669262,642.2287316,-131.447381,-90.48535037,154.2560046,-164.7093387,-99.30803311,657.2745582,-113.5640927,-89.42015004,648.6651727,-185.6330266,-35.06940875,648.8936636,53.39821323,508.9067928
145_Tibia_R,-29.12348726,-37.47421783,195.6730051,-20.76342351,-40.21297873,192.4060815,-36.33372831,-37.6319471,192.5748862,-12.86094679,-52.11728474,48.0460227,-27.68974987,-33.0620575,43.1453312,-37.17130585,-51.44698013,175.432536,-26.42228865,-31.86549852,189.8328301,-20.27534855,-42.58967134,45.59567717,-27.48594186,-49.76399268,194.2801426,-15.85494749,-39.67398644,191.735342,-42.33603323,-36.41231375,191.8028804,15.78368179,150.4249374
146_Tibia_R,-94.35660888,-422.1243996,488.3169566,-67.27100413,-424.5166452,474.7139334,-117.7169259,-417.5481922,479.3686851,-41.6679265,-224.0633216,50.38154224,-89.71147157,-162.6589852,67.49941768,-120.4305768,-428.5410878,408.8908355,-85.60504909,-396.9266174,481.0162746,-65.68969974,-193.3611544,58.94048022,-89.05115804,-454.3509238,464.5001382,-51.36813,-421.9177729,473.7050952,-137.1636746,-412.8755193,479.17831,51.13723764,487.3587719
147_Tibia_R,-86.57602066,-559.4510573,194.3650958,-61.7238783,-555.1113049,182.4584589,-108.0100602,-551.70954,189.3541067,-38.23201478,-201.157291,-62.75974605,-82.31391853,-160.2177506,-20.98716531,-110.4999451,-528.1114984,128.3082434,-78.54610914,-536.0792239,200.1238697,-60.2729673,-180.6875217,-41.87345592,-81.70805405,-574.1322388,160.6553585,-47.13234544,-552.5833809,182.849108,-125.8532419,-547.9092327,191.3465157,46.9204923,447.1714658
148_Tibia_R,-25.32921864,-170.1803182,-32.59199863,-18.05832143,-167.3390163,-34.97394805,-31.60009446,-167.4858286,-32.72917861,-11.18539584,-41.78648673,-45.32733627,-24.08227155,-37.52426754,-28.75466374,-32.32855066,-152.5768196,-44.74436034,-22.97993782,-165.1010134,-27.71399496,-17.63383389,-39.65537732,-37.0410002,-23.90501607,-168.9689207,-43.280636,-13.78933189,-166.7556621,-34.50517681,-36.82040659,-166.8144014,-31.66844162,13.72735082,130.827263
149_Tibia_R,-78.99133865,-408.7981811,-353.3845885,-56.31642269,-397.4103088,-355.3872748,-98.54760222,-401.3070689,-349.5535824,-34.88261534,-42.17728374,-187.5762803,-75.10262732,-56.50764079,-136.1711823,-100.8193553,-342.3060117,-358.7563668,-71.66490512,-402.6863608,-332.2900772,-54.99262192,-49.34246248,-161.8737321,-74.54984092,-388.859754,-380.3632635,-43.00321303,-396.5657525,-353.2116094,-114.8275929,-401.147695,-345.6418194,42.80991977,407.9960296
150_Tibia_R,-106.6055675,-239.3318748,-688.8812513,-76.00382904,-224.6706121,-683.5374878,-132.9984178,-233.1615826,-679.3487175,-47.07707285,77.279347,-247.6954589,-101.3574189,25.84259072,-197.2844686,-136.0643428,-157.9926289,-650.2912186,-96.71791882,-246.4229533,-660.1022943,-74.21724669,51.56096915,-222.4899648,-100.6113864,-197.8233179,-706.9589553,-58.03651397,-225.1516387,-680.4247233,-154.9696576,-235.6149397,-674.6692009,57.7756482,550.6255371
151_Tibia_R,-104.9873757,135.0909577,-705.3823985,-74.85014844,144.9639278,-693.6054527,-130.9796025,135.6595566,-694.2139771,-46.36247851,187.8778082,-173.2012993,-99.81889004,119.1855433,-155.534777,-133.9989891,185.4614244,-632.4174505,-95.24981401,114.872063,-684.3291282,-73.09068506,153.5316765,-164.3680389,-99.08418172,179.3944162,-700.3612627,-57.15556361,143.0209124,-691.1875011,-152.6173355,131.2628954,-691.4309705,56.89865762,542.2674583
152_Tibia_R,-44.70033887,199.9764927,-231.3344417,-31.8688507,201.1097911,-224.8901687,-55.7670156,197.808568,-227.0953028,-19.73969239,106.1473756,-23.86766585,-42.49975945,77.05779008,-31.97705894,-57.05257593,203.0163236,-193.7072467,-40.55438987,188.0393384,-227.8758291,-31.11972626,91.6025833,-27.92236252,-42.18694365,215.2434313,-220.0515028,-24.33505025,199.8786057,-224.4122435,-64.97968514,195.5949439,-227.0051149,24.22566771,230.8805129
153_Tibia_R,-23.89107031,154.3832165,-53.63598527,-17.0330018,153.1856409,-50.35029142,-29.80589687,152.2469075,-52.25317866,-10.55030881,55.5103243,17.3188545,-22.71492268,44.21286074,5.791509452,-30.49299261,145.7349141,-35.40727837,-21.67517751,147.9336464,-55.22514669,-16.63261592,49.86159276,11.55518204,-22.54773145,158.4345593,-44.33362073,-13.00639796,152.4880481,-50.45809291,-34.72980889,151.1981944,-52.80299353,12.94793608,123.3991219
154_Tibia_R,-70.72562241,475.1867437,91.00515186,-50.42342761,467.2531058,97.65616062,-88.23550306,467.6630434,91.38819325,-31.23247084,116.6785018,126.5654545,-67.24382891,104.7773014,80.29033659,-90.26953809,426.0332971,124.9376374,-64.16583268,461.0040324,77.3845246,-49.2381504,110.7279021,103.4278961,-66.74888652,471.8042137,120.8505467,-38.50332276,465.6242326,96.34723204,-102.8119426,465.7882477,88.42634573,38.33025585,365.303002
155_Tibia_R,-106.4063752,550.6772438,476.0315974,-75.86181606,535.3370529,478.7293436,-132.7499105,540.5862374,470.8709876,-46.98910944,56.81549339,252.6772226,-101.1680328,76.11939905,183.4312744,-135.8101069,461.1080473,483.2677257,-96.5372016,542.4442316,447.6159443,-74.07857193,66.46744651,218.0542496,-100.4233943,523.8189097,512.3735947,-57.92807287,534.1993815,475.7985835,-154.6800971,540.3715506,465.6015932,57.66769447,549.5966945
156_Tibia_R,-91.48229874,205.3797994,591.1552456,-65.22178117,192.7984113,586.5695586,-114.131009,200.0848367,582.9750151,-40.39862967,-66.31635172,212.5569095,-86.97866254,-22.1765116,169.2973183,-116.7619961,135.5794938,558.0396684,-82.99733073,211.464924,566.4589262,-63.68864679,-44.24643191,190.9271148,-86.33846361,169.7597254,606.6684121,-49.80334361,193.2111986,583.8983767,-132.9853669,202.1901558,578.9593437,49.57948472,472.5127502
157_Tibia_R,-113.0964431,-145.5251806,759.8650767,-80.63146162,-156.1607241,747.1784973,-141.0962705,-146.1376972,747.8340232,-49.9434468,-202.3892082,186.5791079,-107.5287514,-128.3912558,167.5480498,-144.34887,-199.7861866,681.2644257,-102.6067668,-123.7446088,737.1856835,-78.73609992,-165.3902329,177.0635797,-106.7372953,-193.2505718,754.456116,-61.5701736,-154.0676331,744.5737868,-164.4052695,-141.4014445,744.8360614,61.29342457,584.1513831
158_Tibia_R,101.610719,-52.43808462,257.5005592,109.4560481,-56.27046282,247.6924097,90.70545281,-52.65879692,258.790823,18.03026855,-72.92828898,67.22226941,-3.368646988,-46.2641002,71.65847453,77.69670437,-71.99032437,238.6030727,100.798026,-44.58974208,248.5332997,7.330810669,-59.5961949,69.44037239,102.6206363,-69.63530154,254.6669166,114.9350435,-55.516245,243.4453393,82.89148839,-50.95215057,262.054822,22.08627927,210.4912671
159_Tibia_R,237.5980728,-57.48243392,188.761347,239.6700807,-61.6834727,175.1501285,227.9525258,-57.72437793,195.9633943,53.96114525,-79.94371997,53.93401815,36.07790647,-50.7145351,69.87416371,204.5380122,-78.91552664,183.9285507,231.9116175,-48.87910993,180.6938598,45.01952598,-65.32912787,61.90409139,237.0037072,-76.33395935,185.5177405,242.543665,-60.85670192,168.1152137,222.3234568,-55.85355852,203.3448385,24.21089749,230.7397465
160_Tibia_R,316.1301393,-60.54350572,47.05202989,310.8520837,-64.96825947,33.54547534,311.1248052,-60.79833381,58.700926,77.62335863,-84.20090691,20.77820034,69.70578061,-53.41520072,44.73567767,283.4295514,-83.11795992,60.05411984,306.6947278,-51.48203494,42.68796193,73.66456997,-68.80805417,32.75693936,313.8798247,-80.39891824,44.40640459,309.7684341,-64.09746125,25.61532061,309.8775494,-58.82788897,68.39827536,25.50018343,243.0271686
161_Tibia_R,483.4167467,-98.44424553,-190.7581226,465.0034909,-105.6389321,-205.4864924,485.8390139,-98.85859812,-170.2852027,126.1992242,-136.9113773,-33.84898966,134.5275006,-86.85356211,6.324104201,447.9396919,-135.1504964,-145.8633262,466.5821294,-83.71021842,-189.2324193,130.3633632,-111.8824703,-13.76244252,478.0970291,-130.729312,-192.6540831,457.030285,-104.2230069,-215.7724434,491.966658,-95.65463837,-155.6157151,41.463511,395.1642042
162_Tibia_R,183.0512479,-55.74356946,-230.410645,169.8517737,-59.81752529,-232.4199739,190.0354306,-55.97819458,-221.0568793,52.30249456,-77.52539347,-52.32880105,67.76044494,-49.18040203,-34.98653673,178.3646454,-76.52830336,-198.3506632,175.227805,-47.40049914,-224.896207,60.03147019,-63.35289808,-43.65766901,179.9057616,-74.02482942,-229.8342591,163.0296676,-59.01576463,-235.2066312,197.1935834,-54.16396814,-215.5980917,23.478509,223.7597856
163_Tibia_R,97.86552194,-125.9270174,-657.5325477,69.77266361,-135.1302513,-646.554495,122.0945573,-126.4570452,-647.1217399,43.21746429,-175.1330542,-161.4521313,93.04764227,-111.1005521,-144.9840234,124.9091229,-172.8805867,-589.5172014,88.78851104,-107.0796782,-637.9074331,68.13255401,-143.1168039,-153.2180781,92.36277314,-167.225136,-652.8520224,53.27839685,-133.319041,-644.300566,142.2644875,-122.358633,-644.5275195,53.03891807,505.4825639
164_Tibia_R,-80.46449648,-41.52518666,-203.9120777,-86.67713292,-44.56000804,-196.1451038,-71.8287269,-41.69996649,-204.9338245,-14.27798655,-57.75117141,-53.23263246,2.667597339,-36.6360711,-56.74561824,-61.52723113,-57.00840676,-188.9473501,-79.82093308,-35.31016391,-196.810996,-5.805194519,-47.1936215,-54.98912568,-81.26423967,-55.1434881,-201.6681449,-91.01589374,-43.96275061,-192.7818919,-65.64092784,-40.34849058,-207.5185522,17.48990024,166.6858967
165_Tibia_R,-479.9364802,-116.1117036,-381.2886839,-484.1218347,-124.5975964,-353.7946887,-460.4529472,-116.6004187,-395.836467,-108.9988728,-161.4824023,-108.9440774,-72.8756056,-102.4408792,-141.1423914,-413.1567756,-159.4055021,-371.526672,-468.4501188,-98.73341016,-364.9927545,-90.93723946,-131.9616414,-125.0432353,-478.7358907,-154.1908625,-374.7367575,-489.9263344,-122.9275598,-339.5845049,-449.0825033,-112.821455,-410.746623,48.90482808,466.0829966
166_Tibia_R,-636.4551513,-121.8903904,-94.72841426,-625.8290032,-130.7986119,-67.53608065,-626.3780649,-122.403428,-118.1807809,-156.2767364,-169.5191134,-41.83211594,-140.3365185,-107.5391917,-90.06497312,-570.6200566,-167.3388493,-120.9051247,-617.4591254,-103.6472081,-85.94236958,-148.3066282,-138.5291533,-65.94854524,-631.9246615,-161.8646858,-89.40205767,-623.6473246,-129.0454605,-51.57054239,-623.867003,-118.4363916,-137.7041581,51.3387402,489.2791738
167_Tibia_R,-221.8902878,-45.18631619,87.55876787,-213.4385271,-48.48870708,94.3191506,-223.0021184,-45.37650574,78.16161289,-57.92596627,-62.84288889,15.53682636,-61.74867964,-39.86614452,-2.902790006,-205.6061728,-62.03463729,66.9518705,-214.1631287,-38.42333676,86.85846376,-59.83732331,-51.35451697,6.317018084,-219.4485153,-60.00529532,88.4290216,-209.7787926,-47.83879156,99.04044469,-225.8147324,-43.90587495,71.42825737,19.0319232,181.3820055
168_Tibia_R,-209.6307826,-63.83768606,263.866892,-194.5147092,-68.50319127,266.1679808,-217.6290876,-64.10637938,253.1549342,-59.89695781,-88.78228965,59.92708407,-77.59944426,-56.32152902,40.0666762,-204.2636729,-87.64041937,227.1517144,-200.6713548,-54.28317943,257.5517427,-68.74820154,-72.55190971,49.99688027,-206.0285633,-84.77343426,263.2068133,-186.7020149,-67.58501279,269.3592683,-225.8266234,-62.02872237,246.9035159,26.88765191,256.2503098
169_Tibia_R,-23.59095454,-30.35531293,158.5013816,-16.81903599,-32.5737967,155.8550693,-29.43148001,-30.48307868,155.9918064,-10.41777753,-42.21666466,38.91881242,-22.42958149,-26.78132219,34.94909583,-30.10994456,-41.67369652,142.1059554,-21.40289743,-25.81207121,153.7706534,-16.42367968,-34.4989936,36.9339543,-22.26449049,-40.31042295,157.3731185,-12.84301369,-32.13719574,155.3117488,-34.29353864,-29.49513672,155.3664571,12.78528619,121.849002
170_Tibia_R,-6.287225598,-45.58454701,189.7180779,2.060171847,-43.83138055,186.5505768,-12.26498132,-49.21239318,186.7142442,14.46665217,-49.99607439,46.58383549,-7.222302305,-41.18473789,41.832287,-6.270970033,-61.21850027,170.0935881,-6.738125659,-39.56557943,184.0556373,3.622174858,-45.59040643,44.20806146,1.045651227,-55.11004247,188.3676045,5.920375422,-40.99925706,185.90025,-17.89619242,-51.09812235,185.965733,15.30333615,145.8470471
171_Tibia_R,50.87731212,-125.0011116,556.4153123,69.50819015,-108.3073528,547.1254959,41.01422809,-142.9815115,547.6055083,110.0597983,-105.7720222,136.6235609,42.0502893,-115.1971455,122.6879657,73.84464663,-164.6863515,498.8595604,40.90568473,-110.3745939,539.8082039,76.05504404,-110.4845847,129.6557639,83.47071433,-138.4420346,552.4545715,75.15971836,-95.45326436,545.2181826,29.47665468,-156.0288816,545.4102345,44.88244164,427.7480098
172_Tibia_R,121.0311851,-94.06067377,631.9687796,129.8766126,-67.06001889,621.4175352,121.5406063,-117.3477247,621.9627266,168.3241734,-41.5372414,155.1751419,106.781148,-89.43010522,139.3472865,166.159278,-120.0528646,566.5977564,102.916599,-85.33656191,613.1066567,137.5526614,-65.48367401,147.2612149,160.7237018,-88.77186266,627.4702253,128.1358191,-51.20702169,619.2512352,117.6015336,-136.7334817,619.4693652,50.97685348,485.8302454
173_Tibia_R,160.2210622,-22.098409,666.8231664,154.0590137,7.241114445,655.689999,172.9722555,-43.10908989,656.2652589,175.7267467,50.84754661,163.7333723,144.7565653,-25.38502679,147.0325779,215.1714514,-22.04127377,597.8467959,139.0655295,-23.68323745,646.9207584,160.241657,12.73125964,155.3829758,193.7013774,3.67526632,662.0765075,144.1046352,20.80900001,653.4042231,179.6002369,-62.901732,653.6343834,53.78833253,512.6247895
174_Tibia_R,55.129463,22.43851162,245.3968366,47.7669848,30.65532096,241.2997324,63.05939079,18.0885781,241.5114331,46.64882341,48.53986897,60.2553325,50.80560233,18.54551402,54.10929212,72.63191507,32.56783608,220.0129208,48.67870384,18.04070703,238.072574,48.72721324,33.54269159,57.18231258,61.05733722,36.81323788,243.6500241,42.09792327,33.14782451,240.4585466,68.81369566,13.00014154,240.5432476,19.7945832,188.6504669
175_Tibia_R,105.7752227,136.1047082,710.6757341,75.41183946,146.0517671,698.8104116,131.9625005,136.677574,699.4235025,46.71039215,189.2876821,174.5010378,100.5679517,120.0799363,156.7019421,135.0045453,186.8531653,637.163242,95.96458834,115.7340868,689.4644757,73.6391727,154.68381,165.6014907,99.82772994,180.740629,705.6169187,57.5844708,144.0941709,696.3743153,153.7626076,132.2479194,696.6196117,57.32563685,546.3367456
176_Tibia_R,22.47476267,162.9497558,678.1797011,-7.364436446,156.6827626,666.8569269,43.84327236,175.9181121,667.4419839,-51.71352121,178.7195145,166.5218833,25.81735421,147.2218859,149.5366609,22.41665438,218.8359942,608.0286075,24.08658202,141.4339272,657.938339,-12.94808322,162.9707013,158.0292728,-3.737859061,197.0002676,673.3522028,-21.16339401,146.558853,664.5322224,63.97299908,182.6589733,664.7663025,54.70439108,521.3552019
177_Tibia_R,-25.20002049,61.91424907,275.5978389,-34.42807301,53.64567027,270.9965038,-20.31474041,70.82011352,271.2342586,-54.51367333,52.38989669,67.67095961,-20.82791146,57.05825063,60.7685257,-36.57596148,81.57072889,247.0899232,-20.26097784,54.66959462,267.3721789,-37.67079251,54.72407408,64.21974296,-41.3438451,68.5716671,273.6360461,-37.22732911,47.27891702,270.0517932,-14.60006968,77.282601,270.1469184,22.23070366,211.8676904
178_Tibia_R,-133.5242445,103.7697878,697.2017481,-143.2827132,73.98207619,685.5613851,-134.0862491,129.4605706,686.1628522,-185.6989012,45.82479112,171.1926027,-117.8032927,98.66124358,153.7309673,-183.3105413,132.44494,625.0830089,-113.5398379,94.14515727,676.3926426,-151.7510977,72.24301812,162.4617857,-177.313895,97.93505603,692.2388449,-141.3622318,56.49270375,683.1714757,-129.7405781,150.8473607,683.4121214,56.23877716,535.9785283
179_Tibia_R,-175.6307222,24.22377856,730.9565464,-168.8760233,-7.937546675,718.752619,-189.6082933,47.25521406,719.3832059,-192.6277046,-55.73793614,179.4808374,-158.6788887,27.82649502,161.1738026,-235.866102,24.16114821,655.3462016,-152.4405034,25.96103184,709.1399747,-175.6532977,-13.95572026,170.3273208,-212.3310902,-4.028744219,725.7533658,-157.9642577,-22.81035745,716.2470029,-196.8737373,68.95146286,716.4992993,58.96155948,561.9277562
180_Tibia_R,-34.17136389,-13.90825348,152.1064082,-29.60781641,-19.00134829,149.5668652,-39.08663846,-11.21199719,149.6980854,-28.91473693,-30.08687977,37.34857517,-31.49126855,-11.49522367,33.53902269,-45.0200576,-20.1867988,136.3724798,-30.17293498,-11.18232486,147.5665482,-30.20300297,-20.79105178,35.4437991,-37.84568857,-22.8182623,151.0236665,-26.09391379,-20.54629796,149.0454658,-42.65337819,-8.057988286,149.0979668,12.26944484,116.9328233
181_Tibia_L,131.8679215,-156.1875646,1052.197152,98.83364189,-148.1386108,1045.527058,164.740552,-146.279133,1046.871609,98.87468251,-154.9828533,485.9461854,190.0434162,-106.9974814,475.3712914,147.152282,-205.5714669,970.3138461,134.1343072,-124.9687133,1038.592867,144.4590501,-130.9901673,480.6587384,132.3478115,-194.9815316,1043.851698,76.38612502,-147.5395095,1043.801524,189.247825,-153.7136648,1046.288137,65.94684432,572.2321239
182_Tibia_L,71.31602787,-357.6733231,450.5715019,53.45062451,-352.0998848,449.6239987,89.09400909,-351.5925583,450.7565468,53.47281985,-203.9908399,185.6886825,102.7781541,-178.6569465,193.7114209,79.58202513,-358.6608825,398.8669862,72.54172115,-339.3730071,452.6416131,78.12548741,-191.3238932,189.7000517,71.5755591,-373.5861464,436.1726737,41.31069146,-351.352694,448.977831,102.3478872,-354.9168112,448.472923,35.66498156,309.4711862
183_Tibia_L,118.891555,-891.9696141,352.3762287,89.10798951,-883.1331209,355.6540261,148.5293783,-883.3447043,357.712036,89.14499155,-449.2950564,98.05214615,171.3423326,-419.4064252,130.7522155,132.6718691,-850.2968928,276.9042208,120.9349187,-867.273931,370.6192749,130.2436627,-434.3507408,114.4021808,119.3242217,-902.9416805,318.3235996,68.86940414,-881.5157422,355.3439403,170.625031,-886.2405977,351.6440901,59.4573933,515.9220397
184_Tibia_L,103.725499,-827.643853,-122.8549968,77.74118757,-822.397248,-116.5238001,129.5826594,-823.4548534,-115.0611603,77.77346956,-382.2386064,-121.9073874,149.4855454,-373.9205398,-84.16275177,115.7479674,-763.2355671,-161.6996972,105.5082069,-816.9429084,-98.29867637,113.6295081,-378.0795731,-103.0350696,104.1029738,-821.0794327,-153.3697993,60.08427858,-821.0399667,-116.0525552,148.8597443,-822.9959025,-120.9090611,51.87288353,450.1099429
185_Tibia_L,23.81006201,-150.4309161,-119.415288,17.84539496,-150.1145761,-117.5545013,29.7455417,-150.4926964,-117.3851218,17.85280525,-61.99530705,-68.10579183,34.31422496,-64.67383393,-59.64764306,26.56980499,-133.168489,-119.7450014,24.21928044,-151.1220577,-113.3054179,26.08351524,-63.33457049,-63.87671745,23.8967109,-145.6236237,-124.7280531,13.792273,-149.8988421,-117.305039,34.17057308,-149.73027,-118.4949798,11.90735726,103.3221894
186_Tibia_L,119.2916005,-353.5619018,-894.9709075,89.40781947,-356.8507284,-886.1046813,149.0291489,-358.9156631,-886.3169766,89.44494602,-98.38207135,-450.8068414,171.9188641,-131.1921697,-420.8176411,133.1182825,-277.8359463,-853.1579661,121.3418397,-371.8663322,-870.1921285,130.6819058,-114.7871205,-435.8122412,119.725723,-319.3946927,-905.9798926,69.10113545,-356.5395992,-884.4818605,171.1991489,-352.8272997,-889.2226142,59.65745509,517.6580107
187_Tibia_L,121.6251466,144.0557736,-970.4682643,91.15678815,136.6320182,-964.3162659,151.944412,134.9169744,-965.5563797,91.19464096,142.9446376,-448.2005583,175.2818888,98.68650548,-438.4470639,135.7223021,189.603806,-894.945203,123.715492,115.2618309,-957.9206848,133.2382656,120.8155715,-443.3238111,122.0677614,179.8364386,-962.7710386,70.45287093,136.0794518,-962.7247621,174.5480948,141.7740327,-965.0182288,60.82445619,527.7842799
188_Tibia_L,29.13521043,146.1226578,-184.0749677,21.83653857,143.845704,-183.6878779,36.39816715,143.6384425,-184.1505653,21.84560618,83.33773242,-75.86063051,41.9886418,72.98790871,-79.13821309,32.51217318,146.526112,-162.9517785,29.63595105,138.6463082,-184.9206839,31.91712416,78.16282056,-77.4994218,29.24123845,152.6236292,-178.1925188,16.8769311,143.5404492,-183.4238947,41.81286201,144.9965217,-183.2176213,14.57045174,126.4303188
189_Tibia_L,127.1419106,953.8669164,-376.82901,95.29154563,944.417224,-380.3342668,158.8364198,944.64349,-382.5350902,95.33111539,480.4734189,-104.8563727,183.2324553,448.5106972,-139.8256293,141.8784953,909.3023601,-296.1197008,129.3270714,927.4575021,-396.3380135,139.2817861,464.492058,-122.341001,127.6046018,965.6003779,-340.4133343,73.64852471,942.687609,-380.0026629,182.4653773,947.7403409,-376.0460654,63.58337718,551.7239122
190_Tibia_L,111.6184068,890.6227416,132.2035483,83.65684027,884.9769004,125.3905843,139.4431469,886.1149835,123.8166461,83.69157873,411.3247436,131.1838313,160.8605269,402.3737204,90.56704819,124.5557152,821.3133593,174.0041047,113.5367685,879.1075173,105.7786345,122.2760535,406.849232,110.8754397,112.0246053,883.5588071,165.04035,64.6563431,883.5163379,124.8834804,160.187106,885.6211091,130.1095381,55.82010858,484.3606944
191_Tibia_L,114.4898919,723.3420609,574.2044438,85.80898863,721.8209505,565.2569131,143.0304488,723.6391296,564.4424572,85.84462077,298.1023738,327.4844368,164.9988104,310.9819813,286.8137095,127.7600244,640.3362543,575.7898598,116.4576052,726.6653925,544.8253369,125.4217163,304.5421775,307.1490732,114.9065403,700.2263556,599.7506987,66.31968637,720.7836008,564.057382,164.3080651,719.9730275,569.7791728,57.2561317,496.821314
192_Tibia_L,84.86131565,251.5158488,636.6618301,63.60267746,253.8554448,630.3545996,106.0159273,255.3243921,630.5056217,63.62908844,69.98675496,320.6936742,122.2991471,93.32710836,299.3600432,94.69730097,197.6461364,606.9170601,86.3198089,264.5372018,619.0347735,92.96411825,81.65693166,310.0268587,85.17014051,227.2100779,644.4933703,49.15696699,253.6341146,629.200162,121.7871582,250.9932697,632.5726257,42.43894881,368.2500668
193_Tibia_L,127.1354714,-150.5823359,1014.436107,95.28671953,-142.8222414,1008.005388,158.8283754,-141.0294962,1009.301686,95.32628729,-149.420859,468.506644,183.2231753,-103.1575767,458.3112597,141.8713098,-198.1939584,935.4914131,129.3205215,-120.4838606,1001.320049,139.2747321,-126.2892179,463.4089518,127.5981392,-187.9840727,1006.390153,73.64479474,-142.2446405,1006.341779,182.4561362,-148.1972189,1008.739153,63.58015692,551.6959697
194_Tibia_L,351.516941,-85.74514112,464.057317,333.9802943,-81.32635987,469.9538179,365.6840013,-80.30552837,452.502008,180.3981386,-85.08376873,203.8966596,220.8404535,-58.74036234,173.8436727,336.3072162,-112.8563243,420.9314316,348.8601698,-68.60635788,456.9672159,200.6192964,-71.91206553,188.8701659,349.4543205,-107.042574,459.9578455,322.8342475,-80.99746027,475.2951457,377.1755254,-84.38699911,445.4975008,36.20404402,314.1487247
195_Tibia_L,699.7720449,-111.8499616,294.9705473,683.8070123,-106.0858972,313.0695398,708.2397033,-104.754277,272.6766134,336.7790352,-110.9872366,112.6789068,362.8648095,-76.62366854,52.35110943,654.462155,-147.2150535,256.1720648,692.1464039,-89.4933333,288.6937822,349.8219226,-93.80545256,82.51500766,694.7681647,-139.6313265,291.6847295,674.699241,-105.6568652,326.3732635,716.6529905,-110.0783378,257.268694,47.22624382,409.7902497
196_Tibia_L,874.4703515,-129.8058964,-109.5940884,868.9269036,-123.1164927,-82.13963455,870.0443464,-121.5710996,-136.9141972,403.8649321,-128.8046731,-82.17374299,395.0762453,-88.9245185,-157.9431503,806.4179685,-170.8483553,-122.2967649,863.163968,-103.8602266,-111.4776585,399.4705887,-108.8645958,-120.0584473,867.5345289,-162.0471678,-109.99292,867.49283,-122.6185857,-63.48373159,869.5594289,-127.7498634,-157.2819426,54.80775157,475.5762983
197_Tibia_L,510.0527314,-94.24383979,-386.3578255,516.5336688,-89.38708747,-367.0830199,497.3521087,-88.26507544,-401.9290654,224.1060411,-93.51691493,-198.2784453,191.0743282,-64.56246063,-242.7292327,462.6523891,-124.0421697,-369.6405766,502.2598892,-75.40633225,-383.4377263,207.5901844,-79.03968778,-220.5038394,505.5469374,-117.6521849,-384.0907666,522.4044065,-89.02558872,-354.8322238,489.653344,-92.75108443,-414.5595812,39.79243704,345.2858284
198_Tibia_L,297.5473914,-112.8270758,-705.8852092,315.8044954,-107.0126569,-689.7807071,275.058699,-105.6694037,-714.4268405,113.6632626,-111.9568141,-339.7211156,52.8084454,-77.29304805,-366.0347735,258.4099677,-148.5011149,-660.1794949,291.2157928,-90.2751414,-698.192951,83.23585354,-94.62493106,-352.8779448,294.2328688,-140.8511369,-700.8376154,329.2244397,-106.5798769,-680.5933708,259.516177,-111.0399752,-722.9136256,47.63880923,413.3701514
199_Tibia_L,-93.25688744,-110.4557194,-744.112975,-69.8950716,-104.7635057,-739.3958894,-116.5043851,-103.4484845,-740.3467549,-69.92409549,-109.6037485,-343.6607492,-134.3985502,-75.66853227,-336.1821927,-104.0659748,-145.3799751,-686.2051671,-94.85967358,-88.37777293,-734.4920351,-102.1613234,-92.63614037,-339.921471,-93.59626522,-137.8907814,-738.2110761,-54.02020582,-104.3398217,-738.1755933,-133.8359088,-108.7061794,-739.9341241,46.63755494,404.6820953
200_Tibia_L,-296.987863,-72.44392304,-392.0704091,-282.1715892,-68.71060539,-397.0522151,-308.9572575,-67.84813041,-382.3076178,-152.4138709,-71.88514606,-172.267183,-186.5825702,-49.62826153,-146.8761667,-284.1375473,-95.34948295,-355.6344282,-294.7432235,-57.96379416,-386.0801602,-169.4982209,-60.7567038,-159.5716747,-295.2452065,-90.43759089,-388.6068682,-272.7545734,-68.43272635,-401.5649692,-318.6661586,-71.29646286,-376.389685,30.5878904,265.4163925
201_Tibia_L,-838.9184407,-134.0908029,-353.62406,-819.778836,-127.1805813,-375.3219524,-849.0698533,-125.5841746,-326.8970816,-403.74597,-133.0565291,-135.0845801,-435.0187784,-91.85992637,-62.7608825,-784.5988912,-176.4880778,-307.1106808,-829.7764766,-107.2886637,-346.0991895,-419.3823745,-112.4582277,-98.9227307,-832.9195622,-167.3963621,-349.6848727,-808.860027,-126.6662383,-391.2710593,-859.1560832,-131.9669,-308.4253696,56.61696142,491.2751228
202_Tibia_L,-947.3338119,-140.6217083,118.7257925,-941.3284676,-133.3749236,88.98375225,-942.539019,-131.7007638,148.3222938,-437.5161548,-139.53706,89.02070271,-427.9951686,-96.33397284,171.1034415,-873.6111028,-185.0839465,132.4868937,-935.0853471,-112.5141683,120.7663073,-432.7556617,-117.9355164,130.0620728,-939.8200761,-175.5494179,119.157856,-939.7749027,-132.8355295,68.77338418,-942.0136967,-138.3943605,170.38714,59.37449586,515.2027244
203_Tibia_L,-335.9072771,-62.06650737,254.4450744,-340.1754516,-58.86797838,241.7511957,-327.542982,-58.12905084,264.6998823,-147.5903283,-61.58777383,130.5809548,-125.8365133,-42.51913384,159.8550711,-304.6906618,-81.69090156,243.4355351,-330.7751168,-49.66062171,252.521974,-136.7134206,-52.05345384,145.2180132,-332.9398801,-77.48262608,252.9520492,-344.0417646,-58.62990484,233.6831445,-322.4727786,-61.08341806,273.0180069,26.20624961,227.3961403
204_Tibia_L,-340.6608097,-129.1752645,808.1651324,-361.5632946,-122.5183598,789.7271528,-314.9135964,-120.9804746,817.9444117,-130.1326115,-128.1789054,388.9453367,-60.46017641,-88.49249935,419.0717376,-295.8525311,-170.0183282,755.8368443,-333.4117881,-103.3556457,799.3582971,-95.29639341,-108.3357024,404.0085375,-336.8660262,-161.2598992,802.3861626,-376.9277347,-122.0228717,779.2086086,-297.1190257,-127.1292203,827.6608978,54.54148085,473.265821
205_Tibia_L,113.390033,-134.3019053,904.7588562,84.98465577,-127.3808048,899.0234033,141.6564121,-125.7818849,900.1795502,85.0199456,-133.2660032,417.8533594,163.4137324,-92.00454368,408.7602641,126.5326846,-176.7659273,834.3493837,115.3388432,-107.4575709,893.0608603,124.2168397,-112.6352734,413.3068117,113.8026788,-167.6598983,897.5828017,65.68257949,-126.8656521,897.5396585,162.7296228,-132.1746587,899.6778369,56.70609479,492.0485492
206_Tibia_L,127.9129071,-46.11671371,699.9129977,106.205699,-52.46699544,695.4761049,143.5544399,-29.47542977,696.3704894,108.5057087,-56.39612924,323.2474547,145.0658206,1.569301446,316.2131211,153.1427007,-69.48193336,645.4448877,118.8352477,-27.3785837,690.8635374,126.7857651,-27.41341364,319.7302879,141.0920746,-68.30526366,694.361669,93.07503056,-59.58782224,694.3282938,160.1451148,-25.6072438,695.9823687,43.86730516,380.6441602
207_Tibia_L,75.03435929,13.46584849,392.4073943,66.2748201,4.297450369,389.9198429,77.96394528,25.93055987,390.4212811,68.49300127,3.034456404,181.2292268,69.99513866,41.42765404,177.2854159,93.83427258,9.193695653,361.8697572,65.37402334,20.0192313,387.3337992,69.24407011,22.23105547,179.2573214,87.65337759,6.386912333,389.2950326,61.89552554,-2.840851488,389.2763207,84.93500575,32.45950827,390.2036806,24.59427808,213.4087859
208_Tibia_L,125.1366473,105.6518784,843.0147707,118.6878683,79.18498902,837.6707262,117.1980645,131.9892554,838.7479734,124.171439,79.21787055,389.3375031,85.72581386,152.2617758,380.8649542,164.7027676,117.8976269,777.4103006,100.1242694,107.4676946,832.1150892,104.9486264,115.7398238,385.1012286,156.2181677,106.0363637,836.3284367,118.2078715,61.20015771,836.2882377,123.1545719,151.6243524,838.2804989,52.83626146,458.4693391
209_Tibia_L,39.72420168,110.1821381,602.8938935,45.19423309,91.4838953,599.0720248,25.38966511,123.655505,599.8424333,48.57872628,93.46508693,278.4402021,-1.351771237,124.9573842,272.3809393,59.85062925,131.91468,555.9759322,23.58347534,102.3627871,595.0988327,23.6134773,109.211236,275.4105707,58.83706474,121.5344628,598.1120675,51.32799972,80.1733469,598.0833186,22.05767141,137.9464477,599.5081123,37.786597,327.8808088
210_Tibia_L,-12.23866427,68.19624717,356.6461006,-3.905810489,60.23499175,354.3852474,-23.56742813,70.85885097,354.840988,-2.757917052,62.25102324,164.7132495,-37.65222441,63.61626623,161.1288503,-8.35584587,85.28286649,328.8914524,-18.19481713,59.41628736,352.0348779,-20.20507096,62.93364486,162.9210499,-5.804853353,79.66525549,353.817378,2.581955948,56.25479578,353.8003714,-29.50137337,77.19461724,354.6432181,22.35292581,193.9601863
211_Tibia_L,-119.3147081,141.3192342,952.0328723,-89.42513841,134.0365034,945.9977397,-149.0580169,132.3540392,947.2142958,-89.46227215,140.2292058,439.6863664,-171.952166,96.8118183,430.1181532,-133.1440685,186.0020185,877.9444764,-121.3653444,113.0722724,939.7236515,-130.7072198,118.520512,434.9022598,-119.7489148,176.4201958,944.4818661,-69.11452084,133.4944337,944.4364687,-171.2323114,139.0808381,946.6863678,59.66901115,517.7582848
212_Tibia_L,-120.9470209,43.60528787,661.7971078,-100.4219448,49.60974571,657.6018395,-135.7367465,27.87025564,658.4475175,-102.5967005,53.32490658,305.6440319,-137.1658203,-1.483840365,298.9927744,-144.8028494,65.69808346,610.2952242,-112.363713,25.8875997,653.2404633,-119.8812608,25.92053287,302.3184032,-133.4084767,64.58549289,656.5480936,-88.00634684,56.34278624,656.5165359,-151.4239257,24.2127235,658.0805331,41.47837773,359.9150253
213_Tibia_L,-71.30707483,-12.79694096,372.9148045,-62.98266022,-4.083977233,370.5508207,-74.09113548,-24.64247566,371.0273502,-65.09065464,-2.883721696,172.2267793,-66.5181743,-39.36976145,168.4788747,-89.17311428,-8.737004621,343.8941053,-62.12660996,-19.02478861,368.0932371,-65.80441461,-21.12674181,170.352827,-83.29925135,-6.069646492,369.9570474,-58.82090435,2.699733982,369.939265,-80.71591292,-30.84710267,370.8205589,23.37257283,202.8078391
214_Tibia_L,-33.84702175,-28.5767719,228.0190486,-32.10275282,-21.41799467,226.5735889,-31.69978998,-35.70051855,226.8649632,-33.58595173,-21.42688848,105.3081988,-23.18716018,-41.18383981,103.0165396,-44.54888537,-31.88900795,210.2743194,-27.0816615,-29.06791476,225.0708975,-28.38655595,-31.30536431,104.1623692,-42.25396662,-28.68076767,226.2105257,-31.97292305,-16.55344868,226.1996527,-33.31090901,-41.01142921,226.7385205,14.29117792,124.0070116
215_Tibia_L,-40.20534551,-111.516676,610.1962094,-45.74163052,-92.59195812,606.3280499,-25.69718747,-125.1532338,607.1077897,-49.16711706,-94.59714615,281.8126999,1.368144036,-126.4708816,275.6800467,-60.57554653,-133.5124448,562.7099727,-23.86912095,-103.6026162,602.3067341,-23.89948629,-110.5340142,278.7463733,-59.54970562,-123.0065013,605.3564655,-51.94969,-81.14441513,605.3273684,-22.3248363,-139.61727,606.7694193,38.24427232,331.8521365
216_Tibia_L,17.02672209,-94.87624814,496.1745748,5.433856855,-83.80035942,493.0292218,32.78756899,-98.58052615,493.663259,3.836880084,-86.60511059,229.1530075,52.38267404,-88.50446925,224.1663056,11.62485238,-118.6475611,457.5616451,25.31306423,-82.66135832,489.7593315,28.10977737,-87.5547901,226.6596565,8.075850652,-110.8322065,492.2391883,-3.592078792,-78.26301571,492.2155283,41.04301536,-107.3949955,493.3881167,31.09792436,269.8420446
217_Tibia_L,35.8789352877212,-42.5729681777442,192.232581499449,26.1699135697443,-46.2632175912789,189.035791353405,45.8018147831245,-40.6228844186333,188.785266139942,23.7414647109865,-66.4099987712604,33.7739803487022,44.5571562123143,-46.5487082479079,24.191551978894,46.6996397550768,-58.2868275573424,169.595710161165,33.5540299792687,-34.524752458592,186.561446324363,34.1493100895175,-56.4793528081732,28.9827647965079,42.2417576528812,-55.3291402861569,188.45887679807,19.2050688639909,-47.492619253891,189.462984782955,53.3238536427608,-38.4590886703298,189.351236406463,20.4276201852528,163.850180928675
218_Tibia_L,109.696620446296,-94.9452775525595,500.919820227166,86.2126082572847,-108.400699995523,492.589621814548,134.440398490033,-85.881376330426,491.936803005627,88.1750376762796,-161.242781205245,88.0082659904158,133.652582353512,-101.640151242327,63.0383662007809,143.951625591623,-130.977417378612,441.932642128477,100.432216272539,-75.1791486235387,486.141971486701,110.913808771209,-131.441464570246,75.5233125327124,131.272626354677,-125.182359114811,491.086297388008,68.7882041102845,-114.403963342122,493.702802807401,152.917970214706,-77.2461120956442,493.411608795302,53.2303096127074,426.960937291558
219_Tibia_L,68.8967054553417,-42.8461263120123,280.130399250625,57.1025061010519,-52.3326433189752,275.471885626418,81.7709167796747,-35.6750443084106,275.106808449998,62.8092402668923,-81.3481255760786,49.2170397211873,82.7143963870925,-44.4482760327726,35.2530724057267,90.9695581590892,-59.7516323150014,247.142880920926,62.0503367378161,-32.7388448695586,271.866153156601,72.761817495389,-62.8981999998998,42.2350540709771,83.4593817325005,-57.6599485521923,274.631178481672,48.0033742658273,-57.172869398777,276.094412073515,91.2215067455028,-29.2889061671524,275.931567060052,29.7680931796227,238.770224291913
220_Tibia_L,123.784540178476,-52.2301919562663,463.883746196896,106.951784132045,-70.8013156790287,456.169450435038,142.983540553398,-37.1663460450341,455.564898523851,123.801962939339,-116.779814065625,81.5012752049073,146.799360409527,-51.2711638286937,58.3775532261603,164.265560225512,-74.1623687220865,409.257851893903,109.968554707025,-37.4725794873708,450.198514433958,135.300660105877,-84.0254878467276,69.9394109160739,151.440301383201,-72.6867769916774,454.77727600198,93.3233812319316,-81.0749568447449,457.200327130886,156.786310985549,-24.2732144382676,456.93066287775,49.294666406223,395.393097004478
221_Tibia_L,59.6129198077878,-14.72735716047,212.015800888072,53.3420994329077,-24.3142009547508,208.490019681797,67.2026677544994,-6.55458135700158,208.213712183033,64.2359283567998,-43.8649813623242,37.2497598323553,69.9336587665077,-12.6489298713334,26.6811756234223,79.4548844765622,-21.7336433292751,187.049302654784,52.3209994469856,-9.0533132125147,205.761032540732,67.0847927749009,-28.256955232222,31.9654662198868,73.5598287973029,-21.9845097988335,207.853733155656,47.9245320143586,-29.9263070797506,208.961176841492,72.5116605372329,0.252477113376643,208.837928111464,22.529886557374,180.712484139158
222_Tibia_L,153.277406095992,-13.0786373864804,531.149348317714,141.51807629065,-39.257804900486,522.316438778991,168.854458988406,10.1184672080063,521.624223636116,176.135719694795,-83.3647360201557,93.3193921258343,178.000404932725,-3.89104555322064,66.8426078875733,205.119986564928,-22.6387635203804,468.602409783696,133.010656482569,-1.8965737872154,515.479685407438,177.068060216296,-43.6278901433529,80.0809962288047,190.631628882477,-25.569807410693,520.722391673599,130.312308251497,-55.2675226099796,523.496798060135,179.323263046147,29.042413460417,523.188031060877,56.4426543328188,452.72719194199
223_Tibia_L,82.1959073475606,5.92498420705815,284.53706843502,78.1678513059899,-8.91200849175879,279.805272766137,88.4938439629499,19.5040845757869,279.434452641621,100.180481768846,-29.3481908442607,49.99126205788,94.5070384868401,12.8580258848062,35.8076306694536,110.427250548963,5.21118513174948,251.030630770318,70.5355824947314,10.143078367708,276.142819318503,97.3437589641512,-8.2450823151069,42.8994443398437,103.007010932766,2.44620015092253,278.951340643746,73.5804670009514,-18.3219016050649,280.437592038712,92.4470783809075,30.3941524174435,280.272185346457,30.2363684515809,242.526265736729
224_Tibia_L,97.51900990603,22.7345830184908,345.736195280295,95.5050740308637,4.16270367001417,339.986670129139,102.496183975519,40.2282971807199,339.536092846929,125.807475659257,-16.1790578556062,60.7435398003292,110.976048443163,33.395199592467,43.509248400393,131.535786541483,27.2441746059698,305.023087707684,82.7234015278878,25.5804119212971,335.536484684618,118.391760623345,8.60807084479956,52.1263916412477,123.156153735365,22.5154055977261,338.949071602357,91.7882873163779,-8.00230379488792,340.754990617942,105.17055962101,54.0491572817904,340.554007734522,36.7397015968416,294.689577117449
225_Tibia_L,152.999335811033,62.1980195612763,570.249193891008,154.510397394619,31.4234927695432,560.766061585336,156.593784291268,91.9807125279316,560.022889954844,209.123700292426,6.10394425860864,100.188973784308,172.171148884243,83.0370870144249,71.7631366510898,207.25148585777,78.3214466612102,503.097946520863,128.161974451656,63.0165209642178,553.426029800851,190.647422268339,44.5705152296036,85.976051161695,194.820590939928,68.4558433180306,559.054670844194,151.594298776385,10.6468405981872,562.033311428917,157.384480242815,115.185902407742,561.701814961897,60.5976044897753,486.054095849202
226_Tibia_L,79.329500457234,47.8979821944165,319.958587827154,82.8680732483721,30.9760573878241,314.637739234633,78.7073436599313,64.7183813917585,314.220756364771,115.355921671536,21.73810906842,56.2145863795925,88.1249811041525,61.1292977698029,40.2652596564974,107.979626794604,61.5951058124386,282.280992646739,65.4933471160345,46.1715247090955,310.519353396426,101.740450137871,41.433702989976,48.2399207422797,101.956637255799,55.0367103665494,313.677502603662,83.0756680950918,19.2061457315935,315.348774821742,77.1087377964675,77.647581182526,315.162776941178,34.0004408002069,272.717934162023
227_Tibia_L,81.7227004657832,68.8728929894646,369.007996155087,88.8064712333564,50.2355391089146,362.871465517468,77.9793365954594,87.9207664047091,362.390559490586,127.480057647329,45.5739097423138,64.8322397454338,89.3544966216747,85.5315306074816,46.4378933580461,111.88688863981,89.6442234337615,325.554454270541,66.273415375905,64.4100249239652,358.121734260461,108.41727578808,65.5527194605545,55.6350639271015,106.209337806958,81.0869116149451,361.764025340801,91.1664200019344,36.8658836199528,363.691502319655,73.8257330442704,102.360006958751,363.476991105368,39.2126825326901,314.525386188564
228_Tibia_L,109.413079084875,126.412237845004,577.250194201142,124.918844488082,99.3497219505822,567.650636632752,98.9680167626779,154.926483247671,566.898341017744,185.813024371943,101.611187194076,101.419002768216,117.128120457799,154.018619355211,72.6441790924168,150.935811610489,165.887035155947,509.274524966485,86.6349790733649,115.736119846651,560.220490622154,151.470570509364,127.814901841443,87.0315868245164,144.257699918545,151.276004655129,565.918234994554,131.836887641362,79.2701797333593,568.933444615903,89.0169073131748,176.219675163287,568.597878337136,61.3415666950203,492.021425417111
229_Tibia_L,72.8219114012322,117.097861868999,476.113779025611,88.9453363278318,97.0522658173955,468.196100215325,60.6338341287519,138.979062274237,467.575609634631,138.260480077441,106.751515798337,83.650010269479,75.5449488157956,140.582614200494,59.9166444279308,101.554759999438,154.613209516987,420.047703888302,55.6434260382899,105.461672110858,462.06774386074,106.902713079234,123.66706358601,71.7833239622566,97.9997032704949,141.848802336697,466.767221890054,97.171856321226,81.5872464710121,469.254155392712,49.7798590801755,155.041425069167,468.977381593929,50.5942924297069,405.817412571163
230_Tibia_L,51.7380192183466,122.618100351818,459.512501809486,70.1341445260825,105.943961827548,451.870898984874,36.8161221303533,141.636185738188,451.272043854767,115.67938079763,122.635358935457,80.7332767683873,50.7880281530862,145.416048565716,57.8274530038898,73.4635258747326,162.717661826253,405.401355298018,37.1194698901735,108.932304932171,445.956227987033,83.2337033852959,134.025702196811,69.2803616177699,72.0018388610171,150.013257273817,450.491843215116,80.3109756684855,92.4439813612341,452.892061578842,24.044484388449,155.308890645783,452.624938411404,48.8301555549073,391.667250021756
231_Tibia_L,15.2431629504333,61.7007817954099,219.441367910737,25.1657729981352,55.2103344078934,215.792100980545,6.78414671471574,69.5563504112762,215.50611618489,45.4012930791374,66.4857049738186,38.5543823513124,13.0919415531569,72.3829906942964,27.6156477571281,22.4948348277965,82.2376844730128,193.600451803045,9.37039327803394,54.1534717743264,212.967534751341,29.24661691807,69.4343470197497,33.0850134934025,22.754487556566,76.136162431976,215.133529378359,30.9744355589994,49.603024008879,216.279759783292,-0.261319783211687,75.0512834945246,216.152194432986,23.3189653993473,187.041694779057
232_Tibia_L,7.3796245063463,86.486815779788,299.701156286137,22.1512265037995,79.8516109151421,294.71718480898,-5.70934772242044,95.2761718774146,294.326602236723,47.0385737229304,99.3846251021759,52.6554909887653,2.19552345334841,100.436774226875,37.7159586781676,12.7739281342165,115.739005132195,264.409030144639,1.07014224682893,75.0512971021461,290.859544962132,24.6170482251373,99.9106984810312,45.1857227017859,14.4277704025622,107.563945586569,293.817743320115,31.1847138356523,73.5287534193265,295.383202836701,-16.3871892585296,101.18319725733,295.208980978021,31.8477822122565,255.45143439775
233_Tibia_L,-10.5660177340865,146.579869979919,507.414637073296,15.8927748124763,139.396642129552,498.976431129737,-34.7816122901044,157.810973328193,498.315148014901,52.3365960291363,178.651741504731,89.1493619212856,-22.9297032323503,168.534296421991,63.8557078714852,-9.29310063849299,196.924792852078,447.662644122906,-18.0881403504441,125.786025663265,492.445181977735,14.7034461048257,173.59301688815,76.5025312873038,-4.3623060032772,183.692287813075,497.453614927435,32.6734267157524,131.215964810215,500.10404538391,-54.2018581370516,164.860771860547,499.809075813929,53.9204821665516,432.496819435137
234_Tibia_L,-22.5083722645393,96.5486886673471,342.296095000513,-4.12128446584822,94.5547916005619,336.60377804263,-39.8280226989741,101.47633949298,336.157684037136,16.0180750536448,124.555682129617,60.1391371629579,-33.0629149285246,109.871828692642,43.07632821547,-26.9730930878532,130.226995902088,301.988085808294,-25.3258849628568,81.9002976682819,332.197872266832,-8.52241991404416,117.213753997472,51.6077302545689,-22.2913756750465,121.930741051632,335.576503696627,7.92268029032143,90.8749871841141,337.364453686708,-53.5113642371935,104.124104906357,337.16547059759,36.3741388947937,291.75739439973
235_Tibia_L,-25.0735915978379,61.6778940539564,229.881843465017,-12.6676030818781,62.2870411183366,226.058953473055,-37.0797468644702,63.1269069622223,225.759362230737,-2.46065399760101,84.3030419866529,40.3887041580056,-33.4743456778818,69.406535811017,28.9295317256294,-31.5733520261096,83.5483050923073,202.811480715194,-25.4035501727953,51.6653267811445,223.100001394235,-17.9674996737044,76.8547879635863,34.6591163067399,-27.5962783051457,78.5370975882076,225.369048668844,-4.29201017732128,61.1114881613716,226.569813871095,-46.4343446169507,63.4456564578978,226.436179278084,24.4284238871473,195.940674313154
236_Tibia_L,-47.5002501155855,78.6707694275757,317.301736986135,-30.7188404627177,82.1799588533228,312.025071302265,-64.1809772008045,78.0537788545066,311.611550947024,-21.5576016041485,114.398036841531,55.7477954360695,-60.6216963727174,87.3932147472895,39.9309076714212,-61.0836364695097,107.082992751398,279.937006514627,-45.7881286731037,64.9495078162425,307.940883442466,-41.0896485628609,100.895624554816,47.8393492968774,-54.5797001915224,101.110016512534,311.072808220365,-19.0466630160763,82.3858298877615,312.730202639357,-77.0028163622759,76.4684473880878,312.545749235623,33.7181102012738,270.453357118914
237_Tibia_L,-63.7613290473823,75.6574578018168,341.621198743006,-46.5071902742073,82.2154898402932,335.940105177583,-81.3955196812515,72.1919164963818,335.494890723972,-42.1915347087261,118.018824966072,60.0205623991971,-79.1836066451298,82.7228422338718,42.9913957458206,-82.9910662883215,103.582939716821,301.392663798227,-59.629683244978,61.3547777864264,331.542886410963,-60.6875700156014,100.370832353477,51.5059766426641,-75.0688555177637,98.3267616891006,334.914856281539,-34.1297952515786,84.4002894535647,336.699281017389,-94.7631179945883,68.3465824140709,336.500690258024,36.3024209565271,291.182143976321
238_Tibia_L,-68.3442562832275,59.1537310405211,312.087942469606,-53.7130184103164,67.5368593091921,306.89798116646,-83.7603657418086,53.5066510709552,306.491255637435,-54.9356702896894,100.459047121754,54.8317665705676,-83.2695328636449,63.3248364161994,39.2747765407354,-89.6861430351688,81.6028255402958,275.337176575456,-62.5722570129983,46.8388449870016,302.880903296256,-69.1026008018133,81.8919407387726,47.0532693358676,-81.7867495101976,77.9923319303189,305.961365348523,-42.8570965253926,71.2770708765714,307.591526024594,-95.2724423427552,48.1266246897027,307.410103496625,33.1640656512977,266.009359289853
239_Tibia_L,-114.426442058396,71.1605839127696,465.251925862036,-94.8381575371054,86.9161760192289,457.514877540558,-135.808454252089,59.2505601466401,456.908542562734,-104.316133037595,135.106265477729,81.7416552318699,-137.375423440499,73.8214991333136,58.5497321004568,-151.085930843474,99.237933770562,410.46491783521,-103.055715284325,54.3740010609597,451.526330848684,-120.845776857886,104.463880969332,70.145690356972,-138.612725309975,95.7639805632536,456.118597025393,-79.7259504316448,94.9550197550731,458.54879470623,-151.504377271854,48.6442029751602,458.278335104797,49.4400561956472,396.559270209496
240_Tibia_L,-94.5092201498831,39.8776349853399,354.174204872944,-81.6574484776876,54.0566464985277,348.284357276407,-109.167614085628,28.3764222533149,347.822783241523,-94.5225223889152,89.1611273966635,62.2260417151521,-112.080984029203,39.1454191504061,44.5711315945255,-125.416388605661,56.6228029953227,312.467456492879,-83.960746078514,28.6102308030523,343.725560966195,-103.30175201147,64.1532724333576,53.3985841357085,-115.624332104424,55.4961920025485,347.22143520398,-71.2521932808673,61.9005485986738,349.071429332859,-119.705998503986,18.5325450479029,348.865541277457,37.6363677797209,301.881747079737
241_Tibia_L,-88.3035467591724,21.8153694845307,314.055195547685,-79.0146932358585,36.0161889040581,308.832519211502,-99.5461039911237,9.70918356643179,308.423229879329,-95.1515262389898,64.9764085588741,55.1773997940395,-103.591471896358,18.7366324942344,39.5223459419408,-117.695092426997,32.1936552707338,277.072770407892,-77.5021561777276,13.4105101572677,304.790119604282,-99.3714979022712,41.8565199568431,47.3498706342138,-108.962852394134,32.565259263566,307.88999941555,-70.9897479822572,44.329300847312,309.530435844611,-107.410219587974,-0.373989810573938,309.347869715823,33.3731160545842,267.686155024798
242_Tibia_L,-65.4996701530676,5.58886307307131,226.974790368251,-60.4745836573534,16.7759445922836,223.200244099404,-72.156175194463,-4.32390057647492,222.904441445326,-75.2676590505268,35.6240547827259,39.8779543496382,-76.0644905675423,1.66275126111479,28.5636929820237,-87.6534370198722,9.67416908353455,200.246755575591,-56.8391281425726,0.810458375096502,220.278710507726,-75.6660739127304,18.6434027470054,34.2208220514303,-81.4621615186033,10.9266851125402,222.519063733223,-55.6860493973424,23.61733926306,223.704644229509,-76.6297843854336,-12.4106256137647,223.572699560554,24.1195055130823,193.462836414089
243_Tibia_L,-108.538286049319,-7.82384003602654,375.726319253915,-103.219307124808,11.7681543785669,369.478064220189,-116.85460334467,-25.7548092007246,368.988402605074,-132.286608149576,38.7537827086095,66.0126042317564,-124.794923591327,-16.9788026746085,47.2833622228377,-145.817290598701,-6.88128059824339,331.481642929979,-93.1410270476889,-13.3937610377583,364.641857251138,-128.540764333816,10.8874897996221,56.6479805548733,-136.018991437506,-3.23016534864729,368.350461496918,-97.1617448204827,24.1937568615091,370.313030975784,-122.074781598338,-40.1349570284776,370.094614275272,39.9266060074423,320.251774747121
244_Tibia_L,-155.465927191772,-36.2437337263145,551.176618946405,-152.255287456615,-6.63623006741914,542.010659823172,-163.400595337537,-64.1324140449465,541.292344337627,-200.563724650913,25.7928401143007,96.8380497819691,-176.919292801685,-53.2390112799549,69.3629442146947,-209.695863742625,-43.4329765014331,486.271314598735,-131.878598145971,-40.7805868940225,534.916123004406,-188.74150644998,-13.7230855451545,83.100493077985,-196.336956746082,-35.8943185612967,540.356508317999,-146.329943328343,12.7573647470508,543.235525183138,-167.66411575049,-86.1657881765252,542.915115958816,58.5708548415934,469.797513166532
245_Tibia_L,-48.6689069287887,-19.7851161192063,181.395591010774,-49.149573823095,-9.99577571282552,178.379017892128,-49.8122967194536,-29.2589553643196,178.1426158795,-66.5220005837568,-1.94165741600111,31.8699935169766,-54.7674378875675,-26.4139987152241,22.8277685002732,-65.9264513966445,-24.9139591219561,160.034859010956,-40.7681717919433,-20.0454804429446,176.044162502856,-60.6447184976744,-14.177827936174,27.3488797184148,-61.9721984935782,-21.775722420729,177.834626530833,-48.2219663175219,-3.38674734378457,178.782128561635,-50.0638161621418,-36.6404986928491,178.676679929357,19.2760259865634,154.61323036368
246_Tibia_L,-99.8816252229185,-60.3070519655652,402.851191196324,-104.336946374714,-39.0011148067444,396.151854859616,-99.098284451832,-81.4851609798089,395.626843023012,-145.241516324083,-27.3698643066252,70.7782630227799,-110.955776661759,-76.966243009121,50.6968977660698,-135.954223246666,-77.5527292982341,355.412351679872,-82.4608993317032,-58.1333161104516,390.966506805686,-128.098644919113,-52.1680531175603,60.7375775290704,-128.370840263424,-69.2952312399532,394.942846927546,-104.598323423085,-24.1819378526648,397.047100507483,-97.0855231106746,-97.7639662223788,396.812915614199,42.8090340396265,343.371763776887
247_Tibia_L,-121.206994418585,-102.148806984921,547.294079557605,-131.713286538083,-74.5068221398065,538.192686303294,-115.655025612475,-130.39965373336,537.479430698867,-189.072002609729,-67.5929281862451,96.1559135488833,-132.526090199789,-126.85605950203,68.8743451816814,-165.944999487093,-132.955798419114,482.845974212957,-98.2933926777314,-95.5297057850978,531.148124062,-160.799044407813,-97.22449278466,82.5151254725508,-157.5243419686,-120.264024408346,536.550186795237,-135.213443723184,-54.6776223092468,539.408923597695,-109.494609968149,-151.815208276558,539.090771365763,58.1582762902883,466.48821577087
248_Tibia_L,-58.5956695568057,-67.6994905787833,309.143677464496,-66.8997106585727,-53.2062850864562,304.002678711207,-53.0018646346635,-82.9701631094438,303.599790266473,-99.5113076655399,-54.4174023608285,54.3144788785005,-62.7274243587545,-82.4839607916762,38.9042548562468,-80.8329773313097,-88.8400361003985,272.739621517155,-46.3969632177678,-61.98194485561,300.023498305745,-81.119364991662,-68.4506808087086,46.6093646685314,-77.2565454345246,-81.0151661463578,303.074899008994,-70.6046367421798,-42.4527789201631,304.689680606357,-47.6725938938742,-94.373633770654,304.509969634419,32.8511929489702,263.499803677447
249_Tibia_L,-39.3331005785463,-63.2477490607052,257.162038140752,-48.0418021507197,-52.420575885994,252.885483859201,-32.7499876116783,-75.0663822132542,252.550339972576,-74.6782563693058,-57.6594053494897,45.181652115632,-40.8038873574876,-75.9325043457926,32.3626138927867,-54.8524958000546,-83.510811563243,226.8792217468,-30.0545320877409,-56.9627255931636,249.575391440067,-57.7410711248352,-66.7959540842223,38.7721311750962,-52.9323126959401,-76.6164070936651,252.113707702809,-52.4851699789654,-44.0674971258261,253.456968319154,-26.8874596438191,-83.7421024626318,253.307475241376,27.3273573097172,219.193053272656
250_Tibia_L,-41.0855662675095,-97.371993820249,364.902476536017,-55.6940734507218,-84.1309298281893,358.834219884838,-29.2359709233509,-112.474404373024,358.358664335855,-91.8619022790137,-97.3856989966834,64.1109273755217,-40.3311709223654,-115.476023047815,45.9212333283549,-58.3379612550169,-129.215369642254,321.93239129898,-29.476861755209,-86.5039964919303,354.137333322429,-66.0965357350627,-106.430859788384,55.0160777565012,-57.1772241496608,-119.126702487729,357.739100897466,-63.775574764676,-73.4104896095938,359.645133098336,-19.0939133665057,-123.332006423199,359.433008498995,38.7764089583183,311.026030735166
251_Tibia_L,-35.5537305375365,-143.913240122318,511.833356952006,-58.6976019907387,-128.774674836742,503.321668563088,-15.8236007189873,-162.235865859236,502.654626795207,-105.895695364556,-155.073776152875,89.9257014844642,-30.5361402818884,-168.828828702698,64.4117826575188,-52.4678046514705,-191.81428967807,451.561025604275,-21.8558601466955,-126.309608405895,496.733543321292,-68.2159168947318,-161.951300528464,77.168738430481,-53.0734285093289,-177.582868599566,501.785591217466,-72.2459465268424,-115.695971708319,504.459102422681,0.60951215877221,-175.052455880538,504.161564168616,54.3900380071029,436.263132335648
252_Tibia_L,-9.30788448931194,-109.085400000281,378.011610431615,-27.9392342275193,-100.716448383579,371.7253514536,7.2011725073416,-120.171372087585,371.232711555326,-59.329524202552,-125.353344153092,66.4141146246598,-2.76920305088262,-126.68041472556,47.5709551994341,-16.1116934128301,-145.981044123845,333.497823419175,-1.34976520987625,-94.6618359239082,366.859729081493,-31.0493631688645,-126.01687794659,56.9925322233687,-18.1976766202501,-135.669881289138,370.590890279315,-39.333127852898,-92.7414589836684,372.565396751907,20.6690820910623,-127.621874462659,372.345651569111,40.1694527706008,322.199651480711
253_Tibia_R,-62.28966392,-136.5335291,654.8710004,-37.29718017,-155.4106307,642.0572,-96.62872454,-115.0383389,640.7742162,-25.27341711,-181.4495881,109.1618722,-105.8453592,-112.7438026,89.11525084,-109.0640447,-179.5431544,588.8053549,-42.24304251,-108.9774433,632.4348217,-65.55926788,-147.0968958,99.13856154,-99.85182033,-173.0364221,636.9088267,-20.65042565,-174.2432287,644.3866174,-118.3813134,-97.72447287,646.6061793,71.77604162,555.8424405
254_Tibia_R,-49.64505006,-355.2059174,397.5994269,-29.72596511,-363.1290433,381.2324698,-77.01338496,-334.7518129,396.4353417,-20.14298968,-168.7421872,3.038303358,-84.35907059,-113.3311371,16.5809861,-86.92437267,-358.5649706,334.8598754,-33.66783232,-327.2451709,393.0945603,-52.25093427,-141.0368005,9.809564841,-79.58220203,-373.2431682,370.6550301,-16.45845154,-377.056047,375.3354729,-94.35026393,-325.1253983,407.3603094,57.2057217,443.0081019
255_Tibia_R,-28.65539409,-292.3066943,96.2364541,-17.15798945,-291.5437152,85.76839232,-44.45254651,-281.746249,101.5576679,-11.62664368,-85.22679496,-47.18068547,-48.69251638,-61.43667404,-24.41926204,-50.17322276,-275.8789937,63.90511436,-19.43325673,-277.0297107,102.0541336,-30.1595247,-73.33178061,-35.80005362,-45.93528175,-293.5468313,77.56203487,-9.499908138,-296.8035811,78.80126208,-54.45948776,-280.0872244,109.7969912,33.01945506,255.7066964
256_Tibia_R,-15.66010847,-164.6396891,-34.3255966,-9.376802672,-161.4181995,-39.0714475,-24.29321676,-161.0956473,-28.92153772,-6.353934641,-27.44414808,-45.61784497,-26.61035077,-22.40427074,-28.34467336,-27.41955348,-148.0302693,-45.13855264,-10.62023113,-158.9990584,-27.39778121,-16.48211247,-24.92420941,-36.98130957,-25.10352824,-160.1238582,-43.50270925,-5.191678447,-162.0038332,-43.80610987,-29.76198767,-162.5618484,-24.56869646,18.04505799,139.743135
257_Tibia_R,-41.25177565,-330.3790073,-295.1527856,-24.70032445,-316.7791411,-301.7363828,-63.99306426,-329.411729,-278.1567683,-16.73750133,-2.524630519,-140.2136737,-70.09684651,-13.77771032,-94.17073078,-72.22844404,-278.2465611,-297.9439381,-27.97575717,-326.6357591,-271.9192418,-43.41709426,-8.151104039,-117.1923172,-66.12758251,-307.9899835,-310.1405562,-13.67589215,-311.879124,-313.308808,-78.39887191,-338.4896595,-270.1578501,47.53419715,368.1106336
258_Tibia_R,-16.09253275,-54.04526228,-164.1560063,-9.635725345,-48.16652174,-163.7275261,-24.964028,-57.03359347,-158.2253842,-6.52938653,26.4961188,-47.86236703,-27.34514528,13.71357075,-34.50211454,-28.17669259,-35.88836163,-154.9304026,-10.91348873,-57.31240275,-155.5766317,-16.93723483,20.10488963,-41.18226668,-25.7967147,-43.55792779,-164.8524526,-5.33503683,-44.25386323,-166.681405,-30.58380867,-61.66070067,-157.2936955,18.54333813,143.6018774
259_Tibia_R,-42.80592593,93.82686897,-450.032281,-25.63090296,106.7993552,-441.2265409,-66.40398687,79.0552124,-440.3448648,-17.36808248,124.6935228,-75.01686032,-72.73772759,77.4783898,-61.24067118,-74.94963252,123.3834072,-404.6314721,-29.02973679,74.89011938,-434.6139701,-45.05282238,101.0860941,-68.12876575,-68.61892256,118.9119318,-437.68854,-14.19112795,119.7412583,-442.8273341,-81.3525297,67.15699337,-444.3526337,49.32503608,381.9791092
260_Tibia_R,-17.04175704,121.9322558,-136.4847618,-10.20409235,124.6520434,-130.8664433,-26.43654089,114.9109339,-136.085164,-6.91452493,57.92447292,-1.042964557,-28.9581093,38.90340936,-5.691788734,-29.83870574,123.0853248,-114.9480287,-11.5572251,112.3341137,-134.9383672,-17.93628421,48.41398863,-3.367349223,-27.31834393,128.1239395,-127.2355041,-5.649726049,129.4327942,-128.8421692,-32.3878065,111.606455,-139.8353998,19.63712417,152.0722898
261_Tibia_R,-38.34513087,391.1493386,-128.7785265,-22.95991284,390.1283603,-114.7707205,-59.48404365,377.0179099,-135.899093,-15.55815886,114.0459836,63.13469474,-65.1577468,82.21130369,32.67656329,-67.13914966,369.1666597,-85.51443981,-26.00455503,370.7064882,-136.5634371,-40.35787879,98.12870537,47.90573589,-61.46816144,392.8088242,-103.7894076,-12.71227398,397.1668343,-105.4476758,-72.8748025,374.7978911,-146.9245191,44.18488617,342.1731597
262_Tibia_R,-34.33649865,360.9905048,75.26262053,-20.55966425,353.9270369,85.6684171,-53.26553173,353.2198061,63.41363106,-13.93169585,60.17429286,100.0221087,-58.34610118,49.1238112,62.14879293,-60.12036651,324.5725374,98.97120794,-23.28601699,348.6228057,60.07262843,-36.13883221,54.64905203,81.08556134,-55.04222817,351.0890522,95.3844426,-11.38332217,355.2111029,96.04968159,-65.25640938,356.4346122,53.86955106,39.56576102,306.40209
263_Tibia_R,-17.34694148,138.9289362,124.1158234,-10.38682762,133.2100046,126.8843169,-26.90996748,138.5221823,116.9687633,-7.038350507,1.061642007,58.9617866,-29.47669223,5.793717505,39.6000931,-30.37305843,117.0065224,125.2895416,-11.76419233,137.3548486,114.3457973,-18.25748787,3.427651842,49.2809882,-27.80756188,129.5140424,130.4183879,-5.750901559,131.1494797,131.7506816,-32.96780858,142.3395775,113.6051077,19.98878651,154.7956063
264_Tibia_R,-18.49929616,62.1281515,188.7068134,-11.076823,55.3701996,188.2142508,-28.69759251,65.56341085,181.8892207,-7.505907057,-30.4588194,55.02055618,-31.43482439,-15.76454189,39.66217405,-32.39073607,41.25574518,178.101449,-12.54568583,65.88391823,178.8443267,-19.47033,-23.1117322,47.34139488,-29.65481398,50.07235458,189.5074187,-6.132933072,50.87237258,191.6099052,-35.15785507,70.88253791,180.8181907,21.31663856,165.0786547
265_Tibia_R,-33.61960217,-73.69124575,353.4535446,-20.13040817,-83.87978432,346.5375517,-52.15342438,-62.08964606,345.8450869,-13.64082217,-97.93379162,58.91794057,-57.12791888,-60.85121592,48.09817699,-58.86514012,-96.90483211,317.7959318,-22.79983859,-58.81839874,341.3440652,-35.38430561,-79.39261197,53.50805878,-53.89302597,-93.39295325,343.75882,-11.14565485,-94.04430301,347.7948082,-63.89394984,-52.74483266,348.9927725,38.73968508,300.004857
266_Tibia_R,272.937374,-136.2571109,597.0685105,288.1437512,-155.0959949,573.5229577,236.2249598,-114.8054386,602.0198231,32.62732539,-181.0822354,106.9566852,-47.01177402,-112.5155477,129.83536,199.5456355,-179.1796613,563.3096585,279.0677317,-108.7568137,567.6745293,-7.192120357,-146.7990916,118.3959626,231.5105461,-172.6861021,600.2873601,303.6934273,-173.8904655,567.229682,220.3348822,-97.52662533,617.914501,71.6307278,554.7171127
267_Tibia_R,266.2149301,-67.81331326,189.4233375,266.9098659,-77.18916993,175.4909868,251.6236468,-57.13710734,200.6930331,40.67811819,-90.12216882,37.98021414,12.04614606,-55.99745975,67.65877971,226.1817634,-89.17528357,193.1360015,261.5426774,-54.12678886,175.2287668,26.362162,-73.05991385,52.81944519,249.16058,-85.94352735,201.1194757,272.0458785,-86.54292265,168.9090965,248.7301617,-48.53767667,211.4979215,35.6496402,276.075172
268_Tibia_R,286.4694894,-59.72579386,27.24824921,280.8641673,-67.98347153,16.31543335,280.3029336,-50.32284858,42.26967046,47.75222263,-79.3740612,11.05570851,38.98294533,-49.3191171,46.30143339,257.5694591,-78.54010293,47.70942856,276.6549142,-47.67154528,18.47897191,43.36758398,-64.34667684,28.67851834,278.6120415,-75.6937709,43.67959486,281.8831574,-76.2216814,9.033407936,282.8540917,-42.74899916,51.78521326,31.39800965,243.150025
269_Tibia_R,108.2712198,-24.70859432,-49.49392221,104.0015159,-28.12480018,-52.25141649,109.169081,-20.8185906,-42.83656581,19.39531321,-32.8370935,-5.916574491,23.54408673,-20.40334632,8.525021882,102.1494565,-32.4920845,-36.18520987,102.9409735,-19.72174494,-50.60558912,21.46968909,-26.62025619,1.304204845,108.8549196,-31.31455535,-41.98166337,102.8603058,-31.53295221,-55.07116393,112.0513904,-17.68528486,-39.95509064,12.98937415,100.5913013
270_Tibia_R,99.78153626,-35.72166273,-140.23264,92.44246506,-40.66053349,-140.5987077,105.7180146,-30.09781383,-132.5464664,20.00663785,-47.47318136,-21.42779859,35.6402599,-29.49748766,-6.345485071,101.7372367,-46.97439559,-119.1445791,92.30433683,-28.51208418,-137.771462,27.82342162,-38.48538696,-13.88665757,105.9426495,-45.27202035,-131.2490096,88.9753573,-45.58776066,-143.3041781,111.4096489,-25.56793692,-131.0222804,18.77897367,145.4266678
271_Tibia_R,32.75817053,-71.80306248,-344.3970405,19.61460877,-81.73054116,-337.6582554,50.81710251,-60.49872939,-336.9835335,13.29130478,-95.42444407,-57.40829219,55.66413604,-59.29203143,-46.86576231,57.35684464,-94.42184948,-309.653079,22.21564066,-57.31130091,-332.597841,34.47765715,-77.35834317,-52.13702725,52.51213046,-90.99995513,-334.9507229,10.86007088,-91.63461543,-338.8832973,62.25680168,-51.39335719,-340.0505663,37.74706209,292.3178632
272_Tibia_R,-229.6224615,-114.6332316,-502.314282,-242.4156005,-130.4824019,-482.505387,-198.7362739,-96.58592014,-506.4798259,-27.44939859,-152.3446497,-89.98275673,39.55104832,-94.65943284,-109.2306067,-167.877925,-150.7440124,-473.9129291,-234.779937,-91.49720644,-477.5850988,6.050737411,-123.5022096,-99.60663121,-194.7700334,-145.2809751,-505.0223031,-255.4975572,-146.2942071,-477.2108484,-185.3679372,-82.04923877,-519.8520328,60.26299668,466.6840124
273_Tibia_R,-239.4925865,-61.0062921,-170.4092442,-240.1177654,-69.44101123,-157.8754065,-226.3659591,-51.40175126,-180.547701,-36.59489621,-81.0758108,-34.16780462,-10.836968,-50.37650016,-60.86727045,-203.4779022,-80.22397279,-173.7492353,-235.289329,-48.69360503,-157.6395079,-23.71595897,-65.72624506,-47.51749099,-224.1501321,-77.31661649,-180.9313377,-244.7382311,-77.85584518,-151.9541987,-223.7629187,-43.6655214,-190.2680073,32.07117108,248.3630688
274_Tibia_R,-412.3029296,-85.96070678,-39.21720599,-404.2354362,-97.84561886,-23.48208523,-403.4276772,-72.42746143,-60.83687656,-68.72767263,-114.2395933,-15.91199474,-56.10643771,-70.98283488,-66.63961552,-370.7083878,-113.0393139,-68.666081,-398.1772435,-68.61155727,-26.59597107,-62.41705517,-92.61134031,-41.2757294,-400.9940507,-108.9427134,-62.86611871,-405.7020237,-109.7025118,-13.00138651,-407.0994469,-61.52675326,-74.53217857,45.18977359,349.9551308
275_Tibia_R,-388.4661327,-88.65192519,177.5791627,-373.1468692,-100.9089246,187.4727719,-391.6875675,-74.6949872,153.6932445,-69.5884126,-117.8161541,21.22806795,-84.47379034,-73.20513294,-30.58691209,-366.5018682,-116.5782969,129.8288554,-369.3417508,-70.75961645,181.5677105,-77.03106242,-95.51077371,-4.679354432,-390.5603882,-112.353442,150.6259415,-369.0523232,-113.1370278,197.5897391,-402.0290005,-63.45300465,143.3548045,46.60455427,360.9113657
276_Tibia_R,-267.6248862,-95.80936795,376.1191272,-247.9407024,-109.0559542,377.1009602,-283.547164,-80.72559617,355.503977,-53.65996936,-127.3282136,57.47167636,-95.59103675,-79.11545635,17.01927815,-272.8702866,-125.9904161,319.5586641,-247.5702276,-76.47249751,369.5179811,-74.62542996,-103.2219756,37.24551946,-284.1496591,-121.4244613,352.0240575,-238.6415439,-122.271311,384.3573249,-298.8127435,-68.57597572,351.4159453,50.36724111,390.0500723
277_Tibia_R,-33.60998436,-73.67016434,353.3524295,-20.12464931,-83.8557882,346.4384151,-52.13850446,-62.07188361,345.7461483,-13.63691984,-97.90577497,58.90108547,-57.11157587,-60.83380776,48.08441719,-58.84830013,-96.87710981,317.7050175,-22.79331607,-58.80157212,341.2464143,-35.37418295,-79.36989953,53.49275133,-53.87760839,-93.36623562,343.6604784,-11.14246633,-94.01739905,347.695312,-63.87567121,-52.72974355,348.8929335,38.72860253,299.9190324
278_Tibia_R,4.214920022,-43.96291107,192.7220132,13.36224218,-45.09645968,188.9510394,-7.699734215,-43.53741166,188.5734701,20.25815323,-49.96358056,32.12525181,-10.38633975,-44.30880195,26.22573078,-1.377470491,-61.80707541,173.2795517,5.2693143,-33.99013347,186.1192693,4.935966896,-47.13622465,29.17549129,0.012948176,-58.7932194,187.4359244,20.37600118,-47.44669851,189.6365637,-15.79130585,-42.325539,190.2897587,21.1229742,163.5788943
279_Tibia_R,61.84123715,-86.77359664,464.9779557,82.32154489,-78.10727405,455.879775,36.43288219,-100.2577051,454.9688182,102.6016163,-79.95803393,77.50818737,31.74992006,-105.1104549,63.27448785,71.6824196,-130.8044039,418.0693756,52.01374271,-64.66402959,449.0475992,67.17593416,-92.53424162,70.39133761,70.95188173,-122.8297842,452.2242763,99.81162884,-74.55697337,457.5337308,18.06402507,-107.4867757,459.1096861,50.9631318,394.6647225
280_Tibia_R,62.2264384,-28.38909944,298.4636098,70.82985474,-16.99854021,292.6235999,52.42980352,-44.03944887,292.038868,82.69735421,-11.51859725,49.75154867,51.38404706,-48.2400167,40.61511266,81.82847914,-49.70696286,268.3535713,49.66749346,-19.25266343,288.2381107,67.040792,-29.87925215,45.18333066,78.86297474,-45.50840506,290.2771804,79.41298819,-9.411625467,293.6852538,44.53884647,-53.95339559,294.69684,32.71260518,253.3304134
281_Tibia_R,79.19918686,7.593178666,347.1887181,81.24127475,24.07208006,340.3953085,78.43264964,-13.87107164,339.7151173,90.0093933,36.49506424,57.87364301,79.8223093,-18.71099166,47.24565553,111.34545,-2.481513171,312.1631226,61.23322744,9.492670019,335.2938745,84.91591146,8.892144651,52.55964927,105.9159882,0.02332614,337.6658288,85.47523014,36.70736732,341.6302807,76.24946099,-28.44803842,342.8070114,38.05303925,294.6873877
282_Tibia_R,110.8443404,78.99581677,593.9614905,99.77400508,105.1573024,582.3395009,128.0689014,46.53925792,581.1758474,102.1381604,131.0630068,99.00873349,134.2677899,40.5572557,80.82664706,167.0891658,91.56691467,534.0406065,82.60164364,66.44220392,573.6120994,118.2029716,85.81034325,89.91769028,156.9024098,90.63372771,577.6699774,95.23886131,127.4990849,584.4522593,137.3032952,23.07493317,586.4653799,65.10015657,504.1435706
283_Tibia_R,18.66520933,40.91251647,196.2332678,11.17616682,46.56907374,192.3935896,28.95497032,34.47144421,192.0091412,7.573224689,54.37169397,32.71055048,31.7167514,33.78388231,26.70354448,32.68123629,53.8004277,176.4365788,12.65820332,32.65528602,189.5102267,19.644952,44.07784821,29.70704748,29.92077675,51.8506737,190.8508703,6.187937021,52.21229546,193.0916037,35.47317254,29.28331327,193.7566994,21.50781939,166.5591825
284_Tibia_R,-7.346120703,76.62229639,335.8922979,-23.28885089,78.59794121,329.3199243,13.41975094,75.88069987,328.6618643,-35.30763054,87.08077298,55.99061813,18.10219531,77.2251444,45.70843168,2.400772599,107.722622,302.0063242,-9.183808629,59.24089233,324.3844748,-8.602822453,82.15301689,50.8495249,-0.022567181,102.4698177,326.6792532,-35.51302596,82.69413711,330.5147143,27.52242943,73.76854525,331.653158,36.81491399,285.0991943
285_Tibia_R,-80.35330781,112.7491273,604.1683272,-106.9643614,101.4885556,592.3466213,-47.33900439,130.269681,591.1629712,-133.3152382,103.8933373,100.7101333,-41.25420541,136.5750934,82.21559971,-93.14043174,169.9604829,543.2177423,-67.5839694,84.02109844,583.4692452,-87.28493743,120.2342117,91.46286651,-92.19120858,159.5986742,587.5968552,-129.6900726,96.87547836,594.4956862,-23.47146069,139.6627618,596.5434009,66.21885989,512.8069455
286_Tibia_R,-36.85003549,16.81181422,176.747937,-41.94491486,10.06640949,173.2895264,-31.04854094,26.07983512,172.9432525,-48.97276006,6.821227894,29.46249828,-30.42925172,28.56738025,24.0519686,-48.45821869,29.43609489,158.9169954,-29.4127214,11.40128455,170.6924722,-39.70105999,17.69427161,26.75723344,-46.70206897,26.94974009,171.8999942,-47.02778286,5.573494826,173.91823,-26.37557468,31.95080087,174.5172838,19.37216226,150.0203927
287_Tibia_R,-150.5525664,-14.43414486,659.9834497,-154.4344443,-45.7594778,647.0696144,-149.0954284,26.3680161,645.7766147,-171.1020744,-69.37477266,110.0140775,-151.7370822,35.56839315,89.8109561,-211.6605475,4.717197125,593.4020426,-116.4004317,-18.04495589,637.3721161,-161.4196927,-16.90339575,99.91251682,-201.3394895,-0.044341493,641.8810488,-162.4829215,-69.77834719,649.4172172,-144.9453271,54.07789352,651.6541068,72.33638307,560.1817933
288_Tibia_R,-92.3915347,-65.84499236,495.0817829,-83.16413287,-87.65124607,485.3945633,-106.7486378,-38.79163742,484.424629,-85.13471554,-109.2442997,82.52625983,-111.9155667,-33.80548871,67.37103527,-139.2730057,-76.3233174,445.1362248,-68.85053939,-55.38124154,478.1200555,-98.52513814,-71.5250709,74.94864755,-130.7820894,-75.54548269,481.5023986,-79.38397692,-106.2736815,487.1556004,-114.4457364,-19.23353489,488.8335869,54.26261146,420.2162965
289_Tibia_R,-224.5077259,176.7460236,-573.4925187,-211.4080333,175.4685883,-577.3053901,-235.6438511,183.8109851,-575.3651726,-209.3836648,175.757037,-784.9913029,-227.7348267,206.5459295,-785.7631338,-239.2256881,162.7170739,-597.5170609,-219.0832512,187.1511427,-578.6993381,-218.5592311,191.1504484,-785.3772183,-233.3753633,165.4301206,-578.8180705,-205.6492464,170.2839297,-577.6773041,-242.8279843,187.3082513,-577.5425978,25.70476401,212.4570497
290_Tibia_R,-556.1578766,1089.518657,-1011.419617,-523.7068897,1091.500801,-1021.1818,-583.7446497,1106.994947,-1006.686332,-518.692058,1349.362789,-1466.382755,-564.152156,1416.371632,-1429.902975,-592.6176934,1089.178891,-1080.33707,-542.7201905,1118.290494,-1009.702098,-541.4220708,1382.86499,-1448.144147,-578.1250775,1071.838441,-1036.860833,-509.4410347,1080.838571,-1028.401487,-601.5414192,1117.194789,-1007.025893,63.67668159,526.3055483
291_Tibia_R,-575.892987,1500.687263,-342.9067255,-542.2904858,1507.519057,-350.6347822,-604.4586693,1513.908609,-329.6139076,-537.0977041,1969.257757,-616.3653702,-584.1709413,2010.461217,-548.9585883,-613.6465705,1536.064059,-404.8847815,-561.9784683,1525.59935,-326.4701311,-560.6342852,1989.85816,-582.6642782,-598.6396882,1498.004416,-374.8750877,-527.5184108,1501.695575,-362.6293688,-622.8869524,1523.231184,-324.63752,65.93623119,544.9813561
292_Tibia_R,-630.3485899,1610.190469,496.2484311,-593.5686851,1620.895838,492.6617859,-661.6154015,1615.448305,516.0846683,-587.8848815,2204.013954,493.4716611,-639.4092955,2206.181018,579.9173942,-671.6720973,1677.643988,456.8594584,-615.1183346,1624.809615,525.4628027,-613.6470475,2205.097486,536.691622,-655.246186,1625.142979,464.4768586,-577.3997841,1621.940058,478.1048605,-681.7862362,1621.561844,525.9039153,72.17106518,596.5139999
293_Tibia_R,-254.6963824,463.1866751,498.9526757,-239.8352264,467.6573347,499.8604122,-267.3299378,461.0190341,506.9560646,-237.5386492,671.5402204,617.9501099,-258.3574185,654.8340502,648.6372774,-271.3934101,494.7479036,498.7970772,-248.5425003,462.4001253,512.1289392,-247.9480173,663.1877223,633.2926769,-264.7564155,474.8376576,490.8558971,-233.3020785,470.9636409,494.9775695,-275.4800926,461.1745381,511.6271535,29.16118092,241.0253
294_Tibia_R,-133.1233497,79.26627508,346.8986769,-125.3557998,81.05269168,348.4779136,-139.7265892,76.19350898,349.9549217,-124.155437,142.4789406,455.2133729,-135.0368805,126.8971975,464.7379594,-141.8504632,93.59311464,355.0763727,-129.9068713,75.466794,352.6573517,-129.5961501,134.6886005,459.9753593,-138.3814742,86.65607762,346.2785104,-121.9410888,83.8253588,347.1317584,-143.9864687,75.04316787,352.109927,15.24181083,125.977821
295_Tibia_R,-466.4174975,-367.1919872,1191.437596,-439.2027286,-364.5381,1199.358883,-489.5529312,-381.8695295,1195.328058,-434.9970788,-365.1373556,1630.828861,-473.121838,-429.1016496,1632.432349,-496.9942406,-338.0466756,1241.348872,-455.1480861,-388.808747,1202.254826,-454.0594281,-397.1173526,1631.630605,-484.8401205,-343.6830628,1202.501494,-427.2387797,-353.7669095,1200.131538,-504.4780542,-389.1351421,1199.851685,53.40195596,441.3820732
296_Tibia_R,-380.4504623,-745.3061342,691.880988,-358.2517424,-746.6620575,698.558996,-399.3217236,-757.2611253,688.6430934,-354.8212506,-923.0574961,1003.107248,-385.9191025,-968.8961804,978.1525548,-405.3914993,-745.0737102,739.0252931,-371.2581554,-764.9880609,690.7060861,-370.3701518,-945.9753195,990.6307784,-395.4775475,-733.2116429,709.2845397,-348.4929106,-739.3683545,703.4977616,-411.4959452,-764.2385229,688.8753761,43.55925525,360.0294042
297_Tibia_R,-137.8931096,-359.3279269,82.1063561,-129.8472513,-360.9637471,83.95677934,-144.7329407,-362.4936758,78.92349394,-128.6038799,-471.523498,147.5839078,-139.8752015,-481.3893468,131.4438767,-146.9329124,-367.7986265,96.94652097,-134.561386,-365.2929329,78.17074104,-134.2395318,-476.4561046,139.5144427,-143.3396308,-358.6855401,89.7609325,-126.3101924,-359.5693596,86.82879009,-149.1454501,-364.7258941,77.73193654,15.7879192,130.4915593
298_Tibia_R,-221.0581893,-564.6808689,-174.0303403,-208.159772,-568.435156,-172.7725327,-232.0232091,-566.5247497,-180.9867494,-206.1665077,-772.9299974,-173.0565494,-224.235706,-773.6899693,-203.3723739,-235.5500116,-588.3362767,-160.2169438,-215.717061,-569.8076861,-184.2755859,-215.2010925,-773.3099833,-188.2134426,-229.7895763,-569.9245942,-162.888305,-202.4894682,-568.8013555,-167.6675358,-239.0969589,-568.668719,-184.4302805,25.30981309,209.1926704
299_Tibia_R,-196.3602899,-357.0976115,-384.6717065,-184.9029584,-360.5443036,-385.3715335,-206.1002343,-355.4264507,-390.8419856,-183.1323931,-517.7295065,-476.413766,-199.1827961,-504.8497459,-500.0722926,-209.233002,-381.4300026,-384.5517465,-191.6159034,-356.4912144,-394.8300562,-191.1575818,-511.2900788,-488.2422454,-204.1161559,-366.0800331,-378.4294278,-179.8661738,-363.0933278,-381.6070654,-212.3836638,-355.5463378,-394.4432003,22.4820544,185.8204555
300_Tibia_R,-439.7379702,-261.8352903,-1145.888534,-414.0799122,-267.7362476,-1151.105127,-461.550035,-251.6852157,-1155.984035,-410.1148295,-470.641704,-1503.677642,-446.058816,-419.1715141,-1535.139609,-468.5656943,-309.1602364,-1172.901401,-429.1131799,-249.2847039,-1164.910802,-428.0867942,-444.9083645,-1519.407612,-457.1068016,-286.2455592,-1143.839977,-402.8003126,-276.8950242,-1146.658457,-475.6214266,-247.8853664,-1163.102528,50.34731301,416.134596
301_Tibia_R,-182.3201014,143.533381,-465.7265746,-171.6819941,142.4959907,-468.8229629,-191.3636186,149.2707536,-467.247335,-170.0380281,142.7302365,-637.4822664,-184.9407922,167.7335364,-638.1090613,-194.2723865,132.1406348,-485.2366247,-177.9149489,151.9832566,-469.9549718,-177.4893983,155.231046,-637.7956639,-189.5214061,134.3438684,-470.051393,-167.0053505,138.28559,-469.12499,-197.1977692,152.1108427,-469.0155966,20.87453852,172.5338881
302_Tibia_R,-1206.494017,443.1708432,-963.8530198,-1182.828711,439.9678173,-988.5555292,-1233.02342,460.8854422,-953.9581232,-1438.807446,440.6910701,-1442.075458,-1479.62393,517.8907669,-1420.744719,-1268.57293,407.9948241,-997.5695712,-1201.242736,469.2605129,-981.9600594,-1459.215656,479.2883236,-1431.410107,-1232.426363,414.7974848,-964.2999479,-1170.789992,426.967867,-996.5828825,-1251.353315,469.6544452,-949.6796141,64.45181413,532.7122385
303_Tibia_R,-1381.517181,401.0058696,-209.4508498,-1374.148483,398.1075919,-239.5152875,-1397.829646,417.0350337,-189.6942805,-1779.925848,398.7620316,-479.0944272,-1802.260179,468.6166533,-443.91253,-1445.418296,369.1766319,-207.7858542,-1385.594261,424.6132681,-226.0158677,-1791.092997,433.6869945,-461.5035073,-1402.040707,375.3320614,-198.0685537,-1368.346401,386.3445067,-251.252404,-1410.257755,424.9697201,-178.0485602,58.31962168,482.0279526
304_Tibia_R,-801.8780589,247.1327066,313.9148527,-807.2093542,245.3465502,295.5983868,-804.4964717,257.0111922,329.4857871,-1097.603337,245.7498696,292.7678413,-1098.682539,288.8000168,318.4271021,-835.4700461,227.5169198,334.4940416,-809.1584228,261.6815218,306.3301552,-1098.142938,267.2734962,305.5974513,-809.3244388,231.3104003,326.3139051,-807.7293778,238.0971723,287.546242,-807.5410266,261.9011968,339.5309029,35.94133419,297.0651598
305_Tibia_R,-545.0854307,250.6253184,682.3055978,-559.0553802,248.813919,668.9222153,-539.4895941,260.643412,697.3087061,-815.5333917,249.2229384,813.6852407,-803.470271,292.8814933,836.7680864,-564.1530692,230.7323107,717.4129332,-555.3254604,265.3797452,679.3358539,-809.5018417,271.0507484,825.2266456,-545.3381809,234.5794027,696.9710539,-563.5950696,241.462089,662.1139885,-537.0699794,265.6025247,707.6747662,36.4492764,301.2634437
306_Tibia_R,-257.209196,492.4420092,1696.526529,-294.1288354,488.882875,1687.477644,-232.9477938,512.1260946,1716.558513,-588.3360824,489.6865381,2185.77913,-545.1321159,575.4691983,2213.206068,-255.1645532,453.3551655,1774.998183,-277.5513189,521.4322949,1701.533253,-566.7341344,532.5749848,2199.492579,-243.2315433,460.9141372,1721.729768,-308.5422136,474.4376069,1680.352589,-218.6466518,521.8700241,1731.820442,71.61748425,591.9385024
307_Tibia_R,146.2895855,115.1679855,373.6886224,137.7538052,114.3356067,376.1730954,153.545902,119.7715255,374.9088466,136.4347236,114.5235603,511.5015611,148.3923693,134.5856508,512.0044873,155.8798326,106.0266999,389.3430517,142.7549892,121.9479774,377.081394,142.4135369,124.5539312,511.7530242,152.0677518,107.7945254,377.1587603,134.0013707,110.957275,376.4154351,158.2270944,122.0503496,376.3276603,16.74926445,138.437346
308_Tibia_R,1210.527947,444.6525912,967.0756761,1186.783515,441.438856,991.8607787,1237.146052,462.4264192,957.1476958,1443.618119,442.164527,1446.897058,1484.571073,519.6223421,1425.494999,1272.814422,409.3589607,1000.904959,1205.259108,470.8294921,985.2432569,1464.094564,480.890831,1436.196047,1236.546998,416.1843661,967.5240985,1174.704545,428.3954402,999.9149716,1255.537232,471.2247415,952.8548814,64.66731065,534.4933692
309_Tibia_R,569.5135651,165.3097664,86.34355177,566.4759096,164.1149869,98.7372486,576.2381795,171.9175933,78.19914765,733.7526667,164.3847716,197.5008195,742.9597216,193.1814853,182.9975125,595.8560187,152.1885524,85.65717769,571.1942916,175.0416278,93.17227784,738.3561873,178.7821605,190.2491778,577.9741379,154.7260529,81.65133937,564.0840723,159.2657988,103.5757314,581.3615153,175.1885708,73.39834185,24.04155092,198.7101296
310_Tibia_R,1112.386227,342.8289577,-435.4708984,1119.78194,340.3511548,-410.0618176,1116.018558,356.5326515,-457.0713061,1522.624072,340.9106501,-406.1352109,1524.121169,400.6309408,-441.7304088,1158.985911,315.6174249,-464.0188878,1122.485739,363.0114549,-424.9492075,1523.372621,370.7687881,-423.9327815,1122.716041,320.8798403,-452.6711883,1120.50333,330.2946281,-398.8916715,1120.242044,363.3161938,-471.0061536,49.8587594,412.0965643
311_Tibia_R,534.5311658,245.7725634,-669.0943952,548.2306209,243.9962375,-655.9701497,529.0436791,255.5966809,-683.8070045,799.7425542,244.3973372,-797.9301882,787.9130068,287.2105495,-820.5660902,553.2296055,226.2647359,-703.5219618,544.572922,260.2413064,-666.1821533,793.8277906,265.8025043,-809.2481216,534.7790221,230.0373383,-683.4758901,552.6824102,236.786758,-649.2937478,526.6709144,260.4597723,-693.9723509,35.743524,295.4302036
312_Tibia_R,207.9483383,398.1292235,-1371.606762,237.7971064,395.2517368,-1364.290924,188.3334942,414.0434012,-1387.802209,475.6576069,395.9014819,-1767.157415,440.7280898,465.2549961,-1789.331529,206.2952866,366.5283153,-1435.049478,224.3945257,421.5672725,-1375.654595,458.1928768,430.5759078,-1778.244455,196.6476939,372.6395883,-1391.983061,249.4500258,383.573035,-1358.530464,176.7713153,421.9211675,-1400.141163,57.90126169,478.5700886
313_Tibia_R,-622.3442119,489.9469019,-1589.743729,-586.0313506,486.4058011,-1600.313158,-653.213987,509.5312519,-1594.9348,-580.4197219,487.2053922,-2176.026645,-631.2898615,572.5534084,-2178.166191,-663.1429795,451.0581036,-1656.340702,-607.3073554,518.7902995,-1604.177237,-605.8547512,529.8765316,-2177.096418,-646.9256499,458.5787755,-1604.506368,-570.0677678,472.0337244,-1601.344119,-673.1286856,519.2258108,-1600.970708,71.25461278,588.9392659
314_Tibia_R,-672.1586544,97.00270529,-1363.064641,-643.6768053,109.9408291,-1372.126991,-703.476627,98.31082128,-1367.515524,-639.8527348,112.9402953,-1865.750386,-714.2150453,154.5063044,-1867.584857,-685.7815264,50.63554237,-1420.165654,-673.3585154,124.8664744,-1375.440097,-677.0326301,133.721187,-1866.667622,-676.963663,63.17240638,-1375.722297,-625.6618112,106.1126647,-1373.010948,-722.4202044,96.97187451,-1372.690781,61.09452827,504.9633304
315_Tibia_R,-670.5813416,-268.051113,-1449.467771,-651.2309149,-240.9924724,-1459.104574,-700.1182626,-283.4980323,-1454.200791,-649.3040446,-236.1969616,-1984.018199,-739.8863316,-237.4559454,-1985.968956,-658.4737786,-317.9948484,-1510.188354,-686.5013307,-243.0287207,-1462.627693,-694.5929044,-236.8277293,-1984.993578,-657.018997,-301.7609684,-1462.927783,-632.6051008,-234.9394402,-1460.044564,-716.8519051,-294.8032923,-1459.704102,64.96724155,536.9723874
316_Tibia_R,-397.2678061,-504.6206411,-1289.025405,-394.3965454,-475.1767755,-1297.595505,-413.1475509,-529.6510429,-1293.234525,-395.0448846,-470.6266509,-1764.406159,-464.2483412,-511.8741181,-1766.140985,-365.7352716,-537.7018522,-1343.024794,-420.6551432,-492.4281791,-1300.728649,-429.6442868,-491.2503517,-1765.273572,-371.8333219,-524.5522172,-1300.995521,-382.7431124,-462.2328881,-1298.431447,-421.0082724,-545.7986471,-1298.128671,57.77598258,477.5346246
317_Tibia_R,-64.23110243,-445.0751271,-902.563947,-72.79818262,-426.2156472,-908.5646535,-65.0972817,-465.8125683,-905.5111344,-74.78430269,-423.6835089,-1235.421258,-102.3075618,-472.9230963,-1236.635967,-33.52872169,-454.0956187,-940.3738311,-82.68131579,-445.8696244,-910.7584523,-88.54453323,-448.3024683,-1236.028612,-41.83010457,-448.2568012,-910.9453136,-70.26333355,-414.2868775,-909.1499727,-64.21068759,-478.3562068,-908.9379716,40.45422122,334.365431
318_Tibia_R,260.2349649,-651.0277458,-1407.202493,233.9653317,-632.2415615,-1416.558295,275.2314648,-679.7033946,-1411.797502,229.3096541,-630.3708771,-1926.165874,230.5319269,-718.3118598,-1928.059748,308.7223823,-639.2732293,-1466.152514,235.9422047,-666.4835213,-1419.978683,229.9220291,-674.3391514,-1927.112811,292.9618688,-637.8608679,-1420.270022,228.0888009,-614.1588607,-1417.470876,286.2070728,-695.949098,-1417.140341,63.07285067,521.3147173
319_Tibia_R,370.6785233,-291.820492,-946.8777035,349.0499816,-289.7113537,-953.1730305,389.0650728,-303.4852553,-949.9695909,345.7076025,-290.1876034,-1296.077521,376.0067005,-341.0222959,-1297.35187,394.9789453,-268.6576794,-986.5439636,361.7223225,-309.0000975,-955.4745396,360.8571274,-315.603241,-1296.714696,385.3196351,-273.1371162,-955.6705755,339.5418071,-281.1511067,-953.7870875,400.9265973,-309.2594952,-953.5646777,42.44042783,350.781984
320_Tibia_R,383.7189548,-55.37647466,-778.1403034,367.459363,-62.76253345,-783.3137779,401.5976203,-56.12324612,-780.6812041,365.2762946,-64.47485541,-1065.111315,407.727921,-88.20387458,-1066.15857,391.4959197,-28.9065941,-810.737877,384.4039262,-71.28321973,-785.2051489,386.5013885,-76.33815885,-1065.634942,386.4620169,-36.06358349,-785.3662504,357.175043,-60.57712793,-783.8184075,412.4120459,-55.35887412,-783.635632,34.87737365,288.2712288
321_Tibia_R,182.6099419,72.99457222,-394.7130781,177.3405136,65.62607492,-397.3373324,190.6533142,77.20101349,-396.0019545,176.8157962,64.32018124,-540.2796433,201.4827906,64.6630225,-540.8108652,179.3128603,86.595044,-411.2482563,186.9452076,66.18057765,-398.2967337,189.1486715,64.4919493,-540.5452543,178.9167002,82.17430083,-398.3784528,172.2684088,63.97773819,-397.5933067,195.2101506,80.2796152,-397.5005935,17.69161092,146.226103
322_Tibia_R,368.1738108,467.6646372,-1194.623346,365.5128274,440.3770996,-1202.565812,382.890599,490.861932,-1198.524209,366.1136854,436.1602044,-1635.189485,430.2490116,474.3869042,-1636.797261,338.9505684,498.3231385,-1244.668077,389.848371,456.3650928,-1205.469499,398.1791927,455.2735239,-1635.993373,344.6020266,486.1365199,-1205.716827,354.7128361,428.3811606,-1203.340534,390.1756388,505.8269629,-1203.059932,53.5447458,442.5622706
323_Tibia_R,70.23357423,486.6679193,-986.9096056,79.6012581,466.0459989,-993.4710851,71.18069896,509.3432987,-990.1322111,81.77298341,463.2772293,-1350.872822,111.8683233,517.1183139,-1352.201047,36.66202002,496.5313864,-1028.252868,90.40798165,487.5366634,-995.8698969,96.81912363,490.1968594,-1351.536935,45.73917686,490.1469246,-996.0742207,76.82952441,453.0024717,-994.111103,70.2112516,523.0591549,-993.8792902,44.23471562,365.612273
324_Tibia_R,-291.370337,728.918859,-1575.564855,-261.957718,707.8850334,-1586.040015,-308.1610677,761.0253573,-1580.709626,-256.7450197,705.7905342,-2156.618731,-258.1135293,804.2530669,-2158.739194,-345.6589495,715.7579932,-1641.567851,-264.1711106,746.2238145,-1589.86963,-257.4306613,755.0193182,-2157.678963,-328.0127959,714.1766523,-1590.195825,-255.3780996,687.6388585,-1587.06178,-320.4498337,779.2147504,-1586.6917,70.61909511,583.6865343
325_Tibia_L,-230.4357439,522.9381996,-1568.436711,-256.4077087,504.909645,-1577.188443,-212.8837283,551.1402416,-1572.376569,-415.0561312,625.5478583,-2080.860536,-398.7383305,714.0308326,-2077.375209,-203.5540362,521.8206663,-1652.187877,-260.1594831,546.509043,-1573.535304,-406.8972375,669.7893454,-2079.1178,-209.0980154,506.9575355,-1582.966564,-270.4182404,488.9915455,-1579.824286,-200.6776745,570.2633121,-1570.662958,63.67699006,559.9098967
326_Tibia_L,-47.42862486,254.6209492,-225.7525969,-52.77421299,252.3080674,-229.1678953,-43.81604312,260.0533217,-223.5525702,-85.42746544,325.6446887,-306.5307794,-82.06891161,341.0578028,-296.8036835,-41.89579212,263.040647,-240.7959659,-53.54640874,259.3470726,-224.235711,-83.74818989,333.3512383,-301.6672184,-43.03686211,253.2677277,-229.987076,-55.6578813,249.7419764,-231.2758688,-41.30377512,263.2855957,-221.2791557,13.106092,115.2414812
327_Tibia_L,-64.16971293,451.0606894,-92.26880429,-71.40215656,450.6610678,-97.83517914,-59.2819825,455.9375656,-86.0160804,-115.5811696,588.925331,-138.8707724,-111.0371324,600.4047777,-117.0466613,-56.68393214,471.102781,-104.199455,-72.4469176,455.5721822,-87.29429189,-113.3091528,594.6650367,-127.9587067,-58.22777058,452.3396768,-98.1458236,-75.30368582,449.08037,-102.0410407,-55.88294833,458.186918,-81.16570562,17.73220639,155.9187681
328_Tibia_L,-81.80859438,556.8216135,185.6519233,-91.02908205,559.9286265,179.2514809,-75.5773314,558.2203297,195.6641262,-147.3519607,738.7407557,222.0800912,-141.5588649,737.5034056,253.4930466,-72.26513257,586.5546969,185.2551801,-92.36102555,558.6317005,194.0199722,-144.4554152,738.1220548,237.7865689,-74.23333917,561.9799575,179.9785168,-96.00305825,560.8643955,173.6002858,-71.24397545,557.611969,202.4531403,22.60641064,198.7775024
329_Tibia_L,-239.4540868,1139.762792,1285.511167,-266.4424915,1157.005695,1273.834062,-221.2151548,1128.655463,1312.937722,-431.2997853,1547.589627,1644.0905,-414.3433705,1498.480194,1721.907075,-211.5203355,1215.712627,1328.019906,-270.3410955,1132.104453,1309.372064,-422.8215848,1523.034845,1682.998749,-217.2812841,1161.141514,1278.679123,-281.00134,1167.648274,1260.878574,-208.5314044,1117.177618,1329.256584,66.16905519,581.8225535
330_Tibia_L,-85.7794446,123.3411593,602.9594593,-95.44747908,130.7820613,602.4252615,-79.2457267,114.982774,609.4786677,-154.5041746,185.6367621,787.2512668,-148.4298918,156.463184,802.5965212,-75.77275936,139.2895647,629.7509067,-96.84407285,116.6914348,608.9902382,-151.4670357,171.0499594,794.9238704,-77.83649937,131.1973181,604.6691573,-100.6628836,136.4042848,600.3122494,-74.702037,108.4989917,612.4855099,23.70368744,208.4258246
331_Tibia_L,-218.6134862,-496.1094183,1487.969754,-243.2529873,-479.0057993,1496.272488,-201.9619579,-522.8645849,1491.707482,-393.7621233,-593.454799,1974.104227,-378.2814898,-677.3982496,1970.797711,-193.1109155,-495.0492189,1567.424157,-246.812281,-518.470985,1492.80677,-386.0218129,-635.4265243,1972.4509,-198.3704669,-480.9486251,1501.754169,-256.5447238,-463.9043608,1498.773102,-190.3821225,-541.006567,1490.081787,60.4101106,531.1843227
332_Tibia_L,-186.1617185,-999.4106644,886.0997238,-207.143644,-990.3323901,899.5050848,-171.9820027,-1020.733226,877.4644168,-335.3106657,-1278.18538,1203.161526,-322.1280328,-1338.683272,1164.981779,-164.4448407,-1032.458753,945.146332,-210.1745834,-1017.961133,880.1458071,-328.7193546,-1308.434296,1184.071602,-168.9236455,-994.0991451,902.7204444,-218.4623076,-980.2602468,907.7790748,-162.1211195,-1033.420199,868.5410554,51.44261743,452.333422
333_Tibia_L,-94.31728467,-662.9735041,135.6176096,-104.9476025,-662.3861363,143.799123,-87.13324968,-670.1415855,126.4272937,-169.8823569,-865.6083306,204.1136477,-163.2034857,-882.480936,172.0363513,-83.31460933,-692.4315705,153.1533992,-106.4832027,-669.6045413,128.3060217,-166.542924,-874.0446074,188.0749845,-85.58375847,-664.8533725,144.2557113,-110.6821092,-660.0628109,149.9809403,-82.13731533,-673.4477061,119.2981644,26.06297397,229.170962
334_Tibia_L,-147.676368,-1005.143703,-335.1286251,-164.3206845,-1010.752312,-323.5748991,-136.4280354,-1007.668589,-353.2021022,-265.9916424,-1333.534118,-400.886747,-255.534265,-1331.300522,-457.5916837,-130.4490365,-1058.816228,-334.4124461,-166.7250355,-1008.411173,-350.234166,-260.762958,-1332.417273,-429.2392154,-134.0019346,-1014.455262,-324.8873041,-173.2994323,-1012.441511,-313.373673,-128.6056999,-1006.57041,-365.4572566,40.8078471,358.8221978
335_Tibia_L,-84.65113296,-402.9257257,-454.4502795,-94.19199763,-409.0213881,-450.3222224,-78.20335721,-398.9990939,-464.1460379,-152.4718829,-547.0995172,-581.2142334,-146.4774989,-529.738489,-608.7237296,-74.77607203,-429.7752967,-469.477849,-95.57022112,-400.2183711,-462.8855166,-149.4746933,-538.4189799,-594.9689681,-76.81266634,-410.4834708,-452.0350347,-99.33880065,-412.7837225,-445.742235,-73.71943356,-394.9414785,-469.9150361,23.39189771,205.6842672
336_Tibia_L,-153.817723,-221.1725241,-1081.213006,-171.1542196,-234.5153781,-1080.255095,-142.1016107,-206.1844603,-1092.9031,-277.053325,-332.8795632,-1411.680827,-266.161061,-280.5661754,-1439.197584,-135.8739657,-249.770837,-1129.254812,-173.6585594,-209.2483915,-1092.027259,-271.6071974,-306.7228449,-1425.439163,-139.5746167,-235.260007,-1084.278797,-180.5063629,-244.5970198,-1076.46609,-133.9539711,-194.5578912,-1098.2949,42.50490581,373.7443843
337_Tibia_L,-121.9273675,276.6952598,-829.8858328,-135.6695641,267.1560531,-834.5165189,-112.6403054,291.6174272,-831.9704767,-219.6130712,330.9877292,-1101.017763,-210.9790527,377.8055359,-1099.173619,-107.7038108,276.1039545,-874.1999615,-137.65469,289.1669833,-832.5835829,-215.2960655,354.3966326,-1100.095652,-110.6372221,268.2396259,-837.5738185,-143.0827684,258.7335231,-835.9111871,-106.1818803,301.7357604,-831.0637771,33.69254977,296.2575965
338_Tibia_L,-311.8142546,165.7477543,-394.0027172,-320.3302735,160.033518,-392.2890187,-307.6207647,174.6865259,-397.8657697,-443.6984535,198.2703746,-505.4002274,-438.6670206,226.3154749,-507.0295394,-317.7081366,165.3935468,-421.2517911,-320.7811616,173.2186454,-390.6916941,-441.1827273,212.2929248,-506.2148623,-308.2598958,160.6826067,-401.3725766,-324.5937582,154.9882005,-390.7921812,-303.9987458,180.7476742,-399.3297827,20.18272544,177.4661098
339_Tibia_L,-377.8974355,134.1118413,-149.9396648,-383.1715528,129.4882689,-145.293534,-376.5217955,141.3444891,-154.3431616,-515.380176,160.4269399,-174.6432585,-512.5136693,183.119133,-177.8205118,-393.0515009,133.8252406,-166.6494168,-382.8412798,140.1567797,-143.9918283,-513.9469073,171.7730365,-176.2318743,-378.3883883,130.0134674,-156.5419122,-385.5535305,125.4059402,-142.5197952,-374.5760317,146.2487592,-156.834384,16.33049262,143.5935398
340_Tibia_L,-980.2872245,326.8411359,144.024438,-985.7571365,315.5731252,160.2571524,-982.7496714,344.4676689,133.0542684,-1300.556781,390.9731069,259.413861,-1298.37842,446.2757714,249.2150869,-1032.632466,326.1426675,127.2231259,-983.4738916,341.5731277,162.6020456,-1299.467555,418.6244391,254.3144781,-989.3685148,316.8530754,130.6881634,-987.4045624,305.6241681,169.0138623,-981.6786493,356.4197622,125.4253737,39.79869847,349.9487835
341_Tibia_L,-636.6461234,267.8221764,503.8425567,-633.8770574,258.5888736,517.6030975,-642.8882056,282.2658186,497.0665398,-816.6468948,320.373591,716.9465794,-819.2796053,365.6900409,708.8165789,-680.6763203,267.249833,513.3661386,-631.2960333,279.8939558,518.3316613,-817.963216,343.0318159,712.8815634,-648.5546515,259.6376983,498.0992746,-631.4584045,250.4364379,524.4922149,-645.2538194,292.0596764,491.2139297,32.61209467,286.7571869
342_Tibia_L,-463.4185532,414.4994959,1167.967682,-449.0587559,400.2094196,1184.268398,-477.0284415,436.8534417,1163.715992,-539.7699554,495.8315765,1592.885617,-549.5898928,565.9663425,1584.026104,-515.0633873,413.6136991,1214.804356,-445.0355738,433.1825883,1183.247623,-544.6798906,530.8989595,1588.455813,-483.8241206,401.8326507,1169.485071,-440.4859608,387.5921653,1191.630377,-484.7280633,452.0110705,1157.702219,50.47265656,443.8045836
343_Tibia_L,243.7266216,553.0997864,1658.899676,271.1965755,534.0313961,1668.156182,225.1622558,582.9284419,1663.066773,438.9953874,661.6276781,2200.878649,421.7364224,755.2140985,2197.192298,215.2944536,551.917797,1747.481371,275.1647415,578.030129,1664.292341,430.3659119,708.4208883,2199.035396,221.1581938,536.1974031,1674.267569,286.0151948,517.1951859,1670.944053,212.2521916,603.1544767,1661.254327,67.34969757,592.2039053
344_Tibia_L,687.2509168,365.3145885,868.3975305,706.0205585,352.7201863,864.6204713,678.0082997,385.0159937,876.9118504,977.9288935,436.9957265,1113.922037,966.8394168,498.8082339,1117.513105,700.2412653,364.5339012,928.4555641,707.0143335,381.7807273,861.099905,972.3841337,467.9019802,1115.717524,679.4169698,354.1508033,884.6409913,715.4174469,341.6001076,861.3213824,670.0252272,398.3750037,880.138593,44.483523,391.1423059
345_Tibia_L,830.166017,294.6172233,329.387825,841.7522109,284.460148,319.1811934,827.1440076,310.5059217,339.0614374,1132.18844,352.4262967,383.6567405,1125.891291,402.2765624,390.6365383,863.4565053,293.9876183,366.0958494,841.0266663,307.896759,316.3216032,1129.039832,377.3514296,387.1466156,831.2445435,285.6139054,343.8916583,846.9849455,275.4920782,313.0878372,822.8695491,321.2796344,344.5341611,35.87486631,315.4466422
346_Tibia_L,1320.381789,440.233304,-193.991353,1327.749397,425.0560418,-215.8557414,1323.698541,463.9750734,-179.2152632,1751.763611,526.6148097,-349.4132426,1748.829504,601.1038261,-335.6761713,1390.887353,439.2925134,-171.3611015,1324.674018,460.0763185,-219.0141567,1750.296496,563.8593179,-342.5447125,1332.613684,426.7800498,-176.0282769,1329.96837,411.6554573,-227.650448,1322.255946,480.0737492,-168.9396486,53.60620391,471.3577699
347_Tibia_L,325.118717,136.7698619,-257.2993687,323.7046266,132.0546529,-264.3265211,328.3063871,144.1458566,-253.839032,417.0404577,163.6065108,-366.126084,418.3849149,186.7484503,-361.974303,347.6038004,136.477581,-262.1628158,322.3865644,142.9346076,-264.6985798,417.7126689,175.1774805,-364.0501854,331.2000945,132.5902605,-254.366423,322.4694831,127.8914147,-267.8446153,329.5144449,149.1473266,-250.8502553,16.65415366,146.4394822
348_Tibia_L,155.0489467,138.6817809,-390.774512,150.2444963,133.9006575,-396.228348,159.6024952,146.1608853,-389.3519963,180.5943299,165.8935819,-532.9420575,183.8798499,189.3590248,-529.9778729,172.3280934,138.3854141,-406.4449611,148.8984343,144.9327041,-395.8868207,182.2370787,177.6263033,-531.4599493,161.8761696,134.4437525,-391.2821944,147.3762408,129.6792211,-398.691493,162.1786075,151.2322714,-387.3399295,16.88696366,148.4865739
349_Tibia_L,-172.9993033,392.5951013,-1177.501605,-192.4977186,379.0601899,-1184.071955,-159.8221529,413.7677438,-1180.459448,-311.6027937,469.6291551,-1562.203055,-299.3522282,536.0576208,-1559.586451,-152.8179,391.7561149,-1240.377673,-195.3143578,410.2908782,-1181.329367,-305.4775159,502.843388,-1560.894698,-156.9800344,380.5976408,-1188.409872,-203.0161051,367.1096996,-1186.050811,-150.6584756,428.1243616,-1179.172957,47.80540867,420.3515497
350_Tibia_L,-211.7655006,155.0969751,-720.4284376,-217.9563844,141.9605481,-724.4483616,-211.260482,170.3465561,-722.2381284,-308.7715442,153.5133822,-955.7995516,-322.6018743,192.4586941,-954.1986399,-200.8155532,160.8262046,-758.8977755,-229.0027095,157.6467468,-722.7703692,-315.6867119,172.9860366,-954.9990622,-199.6073625,153.6405362,-727.1024201,-219.8738196,132.4107566,-725.6590807,-210.7969192,180.7568303,-721.4510175,29.24868698,257.1828427
351_Tibia_L,-440.3368411,47.98390092,-1215.711619,-438.300468,23.56276192,-1222.495177,-452.4655184,70.6958081,-1218.765443,-580.7657367,-36.17845225,-1612.896659,-633.8372387,9.067158318,-1610.195145,-429.1685341,65.59555277,-1280.628019,-467.6787203,37.16638911,-1219.663591,-607.3014903,-13.55565142,-1611.545845,-421.3400281,56.11378816,-1226.973859,-433.0450546,7.988835811,-1224.538246,-460.5716525,86.30055401,-1217.437206,49.35669773,433.9919873
352_Tibia_L,-385.2304551,-169.7540293,-1155.412988,-371.9494435,-188.8866761,-1161.860086,-406.0059224,-156.8240676,-1158.315345,-460.8194359,-305.7574727,-1532.897868,-526.0017776,-293.7367143,-1530.330349,-384.407207,-149.9512066,-1217.109571,-402.5942788,-191.6504783,-1159.168945,-493.4106067,-299.7470984,-1531.614055,-373.4580535,-154.035264,-1166.116628,-360.2231311,-199.2077494,-1163.80182,-420.093226,-147.8322906,-1157.052988,46.90863255,412.4662241
353_Tibia_L,-139.7269667,-190.7796785,-649.0344523,-127.8923509,-196.3570497,-652.6560044,-153.4653242,-190.3247069,-650.6648038,-138.3003067,-278.1724868,-861.0804432,-173.3861638,-290.6322402,-859.6381809,-144.8884333,-180.9148636,-683.691504,-142.0240577,-206.3086912,-651.1442999,-155.8432339,-284.4023659,-860.3592819,-138.4148599,-179.8264038,-655.0470475,-119.2889375,-198.0844683,-653.746742,-162.843947,-189.9070829,-649.9556951,26.35016134,231.6961917
354_Tibia_L,-46.82846111,-429.7336449,-1186.4376,-22.99537676,-427.7463072,-1193.057812,-68.99347149,-441.5702668,-1189.417889,35.30728457,-566.7810493,-1574.058528,-8.848823513,-618.5746034,-1571.422067,-64.01602898,-418.8342678,-1249.790831,-36.27143216,-456.4171388,-1190.29441,13.22923488,-592.6778289,-1572.740242,-54.76258279,-411.1942702,-1197.428648,-7.79646673,-422.6174428,-1195.051685,-84.2224592,-449.4812073,-1188.121636,48.16820131,423.5415743
355_Tibia_L,239.6935266,-543.9473023,-1631.448838,266.7089181,-525.1944485,-1640.552171,221.4363568,-573.2823647,-1635.54698,431.7310594,-650.679316,-2164.45935,414.7576891,-742.717104,-2160.833999,211.7318432,-542.7848721,-1718.564717,270.6114205,-568.4651072,-1636.752267,423.2443812,-696.69821,-2162.646598,217.4985525,-527.3246133,-1646.562429,281.2823246,-508.6368375,-1643.29391,208.7399234,-593.1737068,-1633.764525,66.23522045,582.4043409
356_Tibia_L,194.4922746,-142.4460707,-661.664743,200.1781822,-130.3811519,-665.3567709,194.0284492,-156.4517784,-663.3268214,283.5857578,-140.9916478,-877.8371752,296.2879796,-176.76028,-876.3668462,184.4354892,-147.7079801,-696.9962252,210.3234839,-144.7878634,-663.8156486,289.9368711,-158.8759625,-877.1019799,183.3258479,-141.1084302,-667.794344,201.9392166,-121.610315,-666.4687345,193.6026982,-166.0129104,-662.6039134,26.86293873,236.2050283
357_Tibia_L,337.18018,-36.74282695,-930.9097585,335.6208632,-18.04276991,-936.1041487,346.467501,-54.13406983,-933.2481709,444.7111333,27.70301257,-1235.047207,485.3497012,-6.943016774,-1232.978571,328.6282456,-50.22863914,-980.6183488,358.1167424,-28.45950781,-933.9359119,465.0304192,10.38000131,-1234.012846,322.6337051,-42.9681449,-939.5336205,331.596623,-6.117310308,-937.6685931,352.6746305,-66.08312915,-932.2310967,37.79402189,332.321721
358_Tibia_L,214.6293937,94.5776844,-643.7330849,207.2299386,105.2373514,-647.3250559,226.2043507,87.37381508,-645.3501196,256.7434502,170.3513835,-854.0470666,293.059495,163.6540727,-852.6165848,214.1707248,83.54463188,-678.107055,224.3035691,106.7771912,-645.8256992,274.9014726,167.0027309,-853.3317957,208.0704538,85.8200459,-649.6965687,200.6966771,110.9876904,-648.4068843,234.0530278,82.36408749,-644.646803,26.13493099,229.803678
359_Tibia_L,243.859011,332.9589472,-1132.729804,223.2046036,342.6928752,-1139.050332,267.8359308,332.1649063,-1135.575182,241.3691274,485.4815727,-1502.803863,302.6028506,507.2270039,-1500.286749,252.8670799,315.7423422,-1193.215154,247.8680177,360.0610147,-1136.412024,271.9859866,496.3542924,-1501.545253,241.5690518,313.8427036,-1143.223309,208.1894643,345.707659,-1140.953946,284.2040074,331.4360464,-1134.337607,45.98771754,404.3686449
360_Tibia_L,36.0605417,330.9190107,-913.6235004,17.70772994,329.3886492,-918.7214349,53.12884296,340.0338735,-915.9184903,-27.18858953,436.4531992,-1212.113357,6.814090443,476.337141,-1210.083134,49.29593303,322.525879,-962.4090415,27.93103726,351.4667977,-916.5934605,-10.18725289,456.3951721,-1211.098203,42.17026043,316.6426523,-922.0872241,6.003716693,325.4391359,-920.2568288,64.8560177,346.1257415,-914.9203024,37.09221679,326.1507692
361_Tibia_R,-563.3732274,491.7912984,-1573.302511,-526.991828,500.5229521,-1581.486973,-599.2052162,499.2675631,-1581.770086,-498.9871358,476.9658305,-2141.542631,-573.7069043,531.0368162,-2162.519597,-583.8324039,455.1847602,-1628.982712,-560.2884416,525.978734,-1593.124486,-536.34702,504.0013233,-2152.031115,-558.0183866,463.4666028,-1579.833061,-509.9294326,502.8917318,-1583.512465,-616.186597,495.480679,-1585.219373,72.22485438,579.4879616
362_Tibia_R,-540.9206092,1164.229971,-1072.122464,-505.9891503,1175.419577,-1074.736102,-575.3245536,1174.511622,-1075.574192,-479.1005542,1424.699202,-1551.737635,-550.8424488,1479.730293,-1543.222189,-560.5644078,1160.521799,-1135.994972,-537.9587641,1202.173193,-1072.192186,-514.9715015,1452.214748,-1547.479913,-535.7791797,1143.812819,-1091.150611,-489.6067578,1178.361627,-1075.283134,-591.6291602,1173.018696,-1080.260293,69.34641251,556.3931095
363_Tibia_R,-412.9776556,1179.040231,-264.4439752,-386.3084702,1187.436361,-261.9006019,-439.2440985,1187.155963,-262.8013342,-365.7797841,1534.345183,-482.1283561,-420.5527008,1567.480318,-455.4907175,-427.9751428,1200.97087,-308.0911265,-410.7163703,1204.154374,-250.0057837,-393.1662425,1550.912751,-468.8095371,-409.0523189,1172.804422,-284.8190804,-373.8009748,1189.590425,-261.1392053,-451.6922066,1187.957714,-266.469622,52.94403352,424.7904732
364_Tibia_R,-140.2004673,391.5304038,122.386664,-131.1466306,393.5671805,124.5596141,-149.1175783,393.6376356,124.2471993,-124.1774124,532.942041,118.6972136,-142.7720953,538.1623466,132.1532621,-145.2919164,405.38692,113.2767995,-139.4327908,396.4632796,130.8945131,-133.4747539,535.552194,125.4252379,-138.8678673,393.1555897,115.3378101,-126.9005009,394.0712424,125.1491061,-153.3435468,394.4960217,123.3047993,17.97380116,144.2107631
365_Tibia_R,-132.6437774,262.9043357,285.4908068,-124.077935,263.5452483,288.2347057,-141.0802634,263.7507635,288.0120583,-117.484352,380.5148813,349.3626985,-135.0767967,378.4267357,362.8573439,-137.4608015,278.5670606,284.5814942,-131.917478,262.9214329,294.7951894,-126.2805743,379.4708087,356.1100213,-131.3830034,267.5703907,280.4841419,-120.0606682,263.6793906,288.9561511,-145.0784556,264.8998825,287.6459653,17.00502806,136.4379216
366_Tibia_R,-125.6121751,80.43385028,358.6194214,-117.5004181,79.66025236,361.1732064,-133.601433,79.93422103,361.0879199,-111.2563686,146.6452014,466.6897424,-127.9162172,138.5430398,476.7681968,-130.1738431,93.709662,365.289892,-124.9243777,76.04229877,366.2581934,-119.5862929,142.5941207,471.7289698,-124.4182362,86.63118624,356.7227245,-113.6961113,79.42866432,361.8283912,-137.3876765,81.04997538,361.3317825,16.10357145,129.2051873
367_Tibia_R,-288.9655018,-252.2496854,806.9786199,-270.3047476,-256.7283268,811.1765958,-307.3444523,-256.0844124,811.3218101,-255.9405756,-244.6454036,1098.440449,-294.2658533,-272.3795037,1109.199959,-299.4594265,-233.4734529,835.5381193,-287.3832529,-269.7851113,817.1457111,-275.1032145,-258.5124536,1103.820204,-286.2188959,-237.7213771,810.328271,-261.5531005,-257.9433217,812.2155117,-316.0545453,-254.1420431,813.0910193,37.04558593,297.231074
368_Tibia_R,-321.5725118,-692.1244077,637.3673103,-300.8060688,-698.7765288,638.921095,-342.0253521,-698.2367577,639.419332,-284.8210366,-846.9710584,922.4942821,-327.4709576,-879.6865546,917.4319245,-333.2505761,-689.9199323,675.3389506,-319.8117212,-714.6813171,637.4087595,-306.1459971,-863.3288067,919.9631037,-318.5159775,-679.9865913,648.6793752,-291.0668816,-700.5255517,639.2463005,-351.7182963,-697.3492267,642.2051776,41.22582817,330.7707757
369_Tibia_R,-180.0852589,-514.1386279,115.3148629,-168.4557504,-517.7998895,114.2057858,-191.5391453,-517.6776176,114.598564,-159.503901,-669.0748171,210.2394855,-183.3884738,-683.5239027,198.6237334,-186.6251438,-523.7018205,134.3478746,-179.0991906,-525.0900363,109.0188674,-171.4461874,-676.2993602,204.4316096,-178.3735554,-511.4194077,124.1997409,-163.0016646,-518.7392023,113.8737671,-196.9673343,-518.0272338,116.1981774,23.08706013,185.2364197
370_Tibia_R,-297.1888476,-829.9435212,-259.4281768,-277.9970478,-834.2609626,-264.0342709,-316.090824,-834.4103094,-263.3720321,-263.224102,-1129.699737,-251.6074933,-302.6400359,-1140.765439,-280.1308471,-307.9814071,-859.3157634,-240.1176126,-295.5615712,-840.3999463,-277.4626238,-282.9320689,-1135.232588,-265.8691702,-294.3640791,-833.3884963,-244.4864237,-268.9963475,-835.3294439,-265.283842,-325.0487878,-836.2298665,-261.3743871,38.0998248,305.6896407
371_Tibia_R,-339.227692,-672.360459,-730.1238656,-317.3211165,-673.9995505,-737.1412058,-360.8034473,-674.5251421,-736.5717998,-300.4584638,-973.1416546,-893.4720064,-345.4499781,-967.8013602,-927.9836698,-351.5469129,-712.4168426,-727.7983587,-337.3702293,-672.4041838,-753.919209,-322.9542209,-970.4715078,-910.7278384,-336.0033459,-684.2935861,-717.3196511,-307.0472222,-674.3426107,-738.9862547,-371.0285597,-677.463938,-735.635541,43.48923501,348.9309649
372_Tibia_R,-101.6011902,-65.05878045,-290.0686977,-95.0400096,-64.43305711,-292.1343223,-108.0632877,-64.6546562,-292.0653385,-89.98952101,-118.6137171,-377.4811896,-103.4648106,-112.0602977,-385.63313,-105.2908875,-75.79689776,-295.4640963,-101.0448664,-61.50668162,-296.2473052,-96.72716583,-115.3370075,-381.5571599,-100.6354748,-70.0714849,-288.5345577,-91.96290264,-64.24573752,-292.6642674,-111.1257841,-65.55713217,-292.2625863,13.02534596,104.5073918
373_Tibia_R,-110.2356512,96.22916285,-307.8492523,-103.1168762,97.93769192,-309.450712,-117.2469227,97.69204902,-309.5061089,-97.63717761,93.32825271,-419.037212,-112.2576493,103.908362,-423.1417903,-114.2389132,89.06633476,-318.744238,-109.6320489,102.9186434,-311.7278327,-104.9474135,98.61830735,-421.0895013,-109.1878656,90.68684895,-309.1270899,-99.77826482,98.40119276,-309.8470416,-120.5696818,96.95106665,-310.1810335,14.1322901,113.3888331
374_Tibia_R,-556.5259226,214.7387683,-471.9416923,-544.5552754,218.5514111,-482.9795179,-571.9243358,218.0032503,-467.3207278,-656.2384636,208.265285,-700.8767551,-689.0732487,231.8751718,-692.4960755,-576.4187638,198.754665,-488.5302634,-559.6870156,229.6665798,-480.1107856,-672.6558563,220.0702284,-696.6864156,-555.9267773,202.3708995,-475.5802833,-538.5453996,219.5857296,-487.4705655,-579.098847,216.349722,-464.9176371,31.5367033,253.0311772
375_Tibia_R,-1345.185495,402.3524409,-244.422984,-1336.101931,409.4961261,-273.5481933,-1365.842731,408.4690463,-222.4988672,-1721.46068,390.2231836,-522.4912797,-1766.888915,434.4606338,-478.1313144,-1393.005623,372.4032937,-252.7041083,-1357.968012,430.3224319,-254.7171794,-1744.174798,412.3419087,-500.3112973,-1347.622071,379.1789718,-250.8884745,-1330.557362,411.4341113,-286.4659265,-1375.233188,405.370858,-211.8780938,59.08979415,474.1002871
376_Tibia_R,-1182.614867,369.668069,423.4745384,-1188.766937,376.2314498,396.1274874,-1188.979746,375.287803,450.4086101,-1609.747736,358.5241099,375.0770124,-1625.515633,399.1680109,431.2421227,-1224.468378,342.1517865,438.853225,-1197.514584,395.3659683,421.1557767,-1617.631685,378.8460604,403.1595675,-1187.52373,348.3770547,419.4494292,-1190.289452,378.0120063,383.3020821,-1191.572495,372.4412904,463.1731187,54.28974156,435.5876095
377_Tibia_R,-428.3572778,194.9073704,505.1300471,-438.3757462,198.3679108,494.2649043,-424.1630652,197.8703733,519.1063973,-636.1498969,189.0317215,595.6340082,-628.5431836,210.4612053,625.4364593,-443.4138733,180.3994193,523.1857591,-435.7719449,208.4565795,507.9992091,-632.3465405,199.7464634,610.5352339,-431.6598403,183.6816899,504.5862336,-442.4520399,199.3067086,488.8100482,-421.981903,196.3695505,525.6183332,28.6242488,229.6634266
378_Tibia_R,-155.8074327,256.4795661,857.4885024,-174.3732976,261.0333082,851.6981847,-141.8319044,260.3785963,870.6564576,-333.0620696,248.7477709,1097.345122,-304.7848095,276.9469338,1126.30335,-161.0862355,237.388482,887.9714438,-162.3694677,274.309037,865.6367182,-318.9234397,262.8473524,1111.824236,-159.9288597,241.7076381,859.0416978,-182.6077067,262.2686769,848.1637994,-135.0616922,258.4036561,876.6424049,37.66678949,302.215231
379_Tibia_R,401.12675,350.1597797,1120.205385,375.2228699,356.3767948,1126.032794,426.6394447,355.4829466,1126.234373,355.2832799,339.6039146,1524.797405,408.4844198,378.1029375,1539.733192,415.6938657,324.0955988,1159.850183,398.930355,374.501538,1134.318807,381.8838499,358.8534261,1532.265299,397.3140557,329.9923444,1124.855194,363.0742926,358.063387,1127.474963,438.7303389,352.7866515,1128.690297,51.42473882,412.6005834
380_Tibia_R,405.0135962,156.2768547,343.4571405,396.3019177,159.0515183,351.4899549,416.2198427,158.6525924,340.0942181,477.5797303,151.5657557,510.0653959,501.4753548,168.7479296,503.9663283,419.4906777,144.6443703,355.5295284,407.3140921,167.1406194,349.4022253,489.5275427,160.1568426,507.0158623,404.5775662,147.276097,346.1051372,391.9282106,159.804247,354.7583297,421.4411171,157.4492317,338.3453609,22.95094106,184.1442829
381_Tibia_R,1373.354995,410.7780945,249.5414403,1364.081212,418.0713754,279.27656,1394.444813,417.0227876,227.1582111,1757.50975,398.3948387,533.432758,1803.889297,443.5586643,488.1438517,1422.176523,380.2017828,257.9959795,1386.40519,439.3338044,260.0512062,1780.699524,420.9767515,510.7883052,1375.842595,387.1193503,256.1423245,1358.420535,420.0499439,292.4648031,1404.031916,413.8597202,216.3150282,60.327192,484.0284107
382_Tibia_R,1514.381627,473.3734939,-542.2746476,1522.259577,481.7781433,-507.2557478,1522.532087,480.5697691,-576.7647123,2061.3409,459.1032464,-480.2998439,2081.532269,511.1492494,-552.2213236,1567.97658,438.137887,-561.9676188,1533.46126,506.2805947,-539.3053884,2071.436585,485.1262479,-516.2605838,1520.667605,446.1095708,-537.1203479,1524.209214,484.0582111,-490.8323468,1525.852197,476.9247055,-593.1101328,69.52000126,557.7858774
383_Tibia_R,1062.756912,483.5663261,-1253.230602,1087.612791,492.1519471,-1226.274119,1052.351046,490.9175538,-1287.906008,1578.291616,468.988807,-1477.771459,1559.419316,522.1554815,-1551.711514,1100.112414,447.5720146,-1298.026929,1081.152745,517.1819933,-1260.34901,1568.855466,495.5721442,-1514.741487,1070.950589,455.7153473,-1251.881397,1097.726099,494.4811101,-1212.740589,1046.93957,487.1940036,-1304.06216,71.01692847,569.7963048
384_Tibia_R,305.8247034,503.4277624,-1683.110763,342.2664829,512.3660192,-1671.745309,278.3930094,511.0809258,-1708.957321,653.7467878,488.2515034,-2153.910378,598.2431154,543.6018835,-2210.750681,316.1861365,465.9550628,-1742.943829,318.704913,538.4241201,-1699.104388,625.994952,515.9266934,-2182.33053,313.9143956,474.4328652,-1686.159433,358.4292916,514.7908474,-1664.807884,265.1041818,507.2044388,-1720.706765,73.93379416,593.1994497
385_Tibia_R,-394.6254797,344.4845577,-1102.049632,-369.1414373,350.6008104,-1107.782594,-419.7246769,349.7214492,-1107.980906,-349.5250186,334.099777,-1500.084219,-401.8639,371.9748261,-1514.777934,-408.9564985,318.8428125,-1141.051887,-392.4646829,368.4317964,-1115.934311,-375.6944593,353.0373016,-1507.431077,-390.8745797,324.6439865,-1106.62408,-357.1897583,352.2600671,-1109.201389,-431.6196077,347.0688544,-1110.397025,50.5912713,405.9133515
386_Tibia_R,-421.3729172,82.81538496,-903.4546753,-405.787221,97.60354349,-908.1545284,-441.3390125,76.24528832,-908.3171033,-385.0965538,93.92913682,-1229.761403,-437.7801204,99.36545429,-1241.807235,-421.0369274,58.73644103,-935.4285252,-429.6547431,100.7027487,-914.8372644,-411.4383371,96.64729556,-1235.784319,-410.5773166,70.26679361,-907.2047845,-397.9820936,103.6805175,-909.3176489,-448.6966839,69.4863417,-910.2978253,41.47446652,332.7656979
387_Tibia_R,-602.3197175,-205.9967231,-1339.236883,-593.2721446,-175.4606362,-1346.203715,-623.0816691,-229.2294882,-1346.444708,-563.9870467,-164.8422539,-1822.937966,-635.6490284,-196.9111291,-1840.794116,-584.0416668,-236.6591259,-1386.633349,-626.2092162,-189.1720424,-1356.109875,-599.8180375,-180.8766915,-1831.866042,-579.1601186,-214.1045877,-1344.795861,-587.7563886,-161.8743302,-1347.927868,-627.5175406,-243.3596356,-1349.380833,61.47971433,493.2755444
388_Tibia_R,-302.5948611,-346.6385925,-968.0391992,-307.9673709,-324.2534374,-973.0750269,-307.194941,-368.6857001,-973.2492237,-293.4728811,-307.0223966,-1317.672348,-326.742283,-352.996813,-1330.579291,-280.0711801,-359.2269439,-1002.298737,-323.6300896,-344.7405509,-980.2354862,-310.1075821,-330.0096048,-1324.12582,-285.1669249,-343.3438061,-972.0573894,-309.4248601,-313.7550955,-974.3212945,-304.8649045,-379.1341944,-975.3715399,44.43931774,356.5538469
389_Tibia_R,-53.1241239,-270.3008272,-579.5449497,-62.61038019,-260.3029692,-582.559795,-48.90956126,-283.1086083,-582.664083,-60.25333463,-247.0303923,-788.8630494,-63.74060457,-280.8256626,-796.5901678,-37.67804705,-270.0852977,-600.0554232,-64.5984475,-275.613424,-586.8466132,-61.9969696,-263.9280275,-792.7266089,-45.07449735,-263.3757031,-581.9505566,-66.50861624,-255.2961634,-583.3059095,-44.57385578,-287.8283817,-583.9346696,26.60489598,213.4613777
390_Tibia_R,62.97604353,-184.137457,-409.423213,53.64073997,-181.371489,-411.5530696,70.07862069,-190.4846723,-411.6267446,50.39455384,-172.4186301,-557.2973149,60.19845193,-194.3266877,-562.7561868,72.34996357,-178.5496044,-423.9129674,57.83250623,-191.4408067,-414.5815196,55.29650289,-183.3726589,-560.026751,65.45472972,-177.0572477,-411.1226693,49.48721858,-179.6852462,-412.080167,74.39840192,-191.8407795,-412.5243586,18.7951978,150.8011469
391_Tibia_R,220.7324965,-192.6863326,-616.4279276,206.4780792,-196.107439,-619.6346415,234.771652,-195.6155711,-619.7455665,195.5056983,-186.8776389,-839.0672975,224.7812837,-208.0629261,-847.2861795,228.748506,-178.3437047,-638.2437137,219.5238618,-206.0811438,-624.1942782,210.143491,-197.4702825,-843.1767388,218.6344427,-181.5885728,-618.9866304,199.7929458,-197.0355389,-620.4282397,241.4250434,-194.1318507,-621.0970149,28.29806531,227.0463314
392_Tibia_R,285.8613986,-56.1823525,-612.9079646,275.2879878,-66.21470984,-616.0963674,299.4064929,-51.72516758,-616.206659,261.2513404,-63.72197482,-834.2760061,296.9921235,-67.40999854,-842.4479562,285.6334615,-39.84708199,-634.599177,291.4798288,-68.31722543,-620.6299674,279.121732,-65.56598668,-838.3619815,278.5376116,-47.66932822,-615.4520566,269.9929522,-70.33735801,-616.8854339,304.3979723,-47.13986592,-617.5503902,28.1364761,225.7498382
393_Tibia_R,240.0636483,82.10311477,-533.7731487,236.457601,69.93249469,-536.5498849,248.3386386,91.36288523,-536.6459364,224.7855816,65.70037757,-726.559543,253.3475501,78.48191362,-733.6763823,232.7786543,94.32407992,-552.6637283,249.5851699,75.39738336,-540.4981351,239.0665658,72.09114559,-730.1179629,230.8330393,85.33462703,-535.9887635,234.2592129,64.51746663,-537.2370722,250.1066224,96.99466954,-537.8161735,24.50367154,196.6024409
394_Tibia_R,250.5403668,287.007386,-801.5102937,254.9886596,268.4730825,-805.6798229,254.3491086,305.2617952,-805.8240532,242.9876138,254.2062464,-1090.997091,270.5337795,292.2718207,-1101.683691,231.8913676,297.4302007,-829.8762655,267.9569674,285.4358589,-811.6084897,256.7606967,273.2390336,-1096.340392,236.1105066,284.2793919,-804.8372466,256.1954214,259.7807392,-806.7116988,252.4199014,313.9128661,-807.5812737,36.79455408,295.2169489
395_Tibia_R,33.10353762,168.4340926,-361.1351423,39.01476248,162.2040704,-363.0138,30.47729322,176.4150781,-363.0787856,37.54600327,153.933454,-491.5687209,39.71904563,174.9924931,-496.3837641,23.47853586,168.2997884,-373.9159504,40.25359818,171.7445612,-365.6850694,38.63252445,164.4629736,-493.9762427,28.08752802,164.1188005,-362.6341618,41.44389249,159.084151,-363.4787306,27.77556039,179.3561373,-363.8705335,16.57846025,133.015403
396_Tibia_R,-206.6347793,604.1853481,-1343.385048,-176.0041095,595.1097512,-1350.373459,-229.9395057,625.011608,-1350.615198,-165.3528378,565.7339453,-1828.584351,-197.5210434,637.6178936,-1846.495809,-237.3921561,585.8506828,-1390.92832,-189.7579856,628.1488424,-1360.310302,-181.4369406,601.6759195,-1837.54008,-214.7677573,580.9540145,-1348.961244,-162.3757212,589.5769106,-1352.102952,-244.1134199,629.4612192,-1353.560418,61.67014222,494.8034195
397_Tibia_L,-314.844499,458.1735191,-1419.607893,-351.4773115,454.4327252,-1425.766696,-301.7441463,492.3462884,-1424.379504,-373.1308385,454.3041824,-1940.902837,-342.2776492,534.7948643,-1946.376778,-282.7987141,436.7236987,-1473.266626,-343.9760955,491.5437199,-1434.695976,-357.7042439,494.5495234,-1943.639808,-297.3309231,437.8000817,-1429.516948,-362.8533328,435.6025367,-1427.536776,-282.8961663,492.4658383,-1422.851481,62.55198076,527.0385369
398_Tibia_L,-119.0216744,418.3292188,-378.1578554,-132.8700938,418.26865,-380.8812356,-114.0693061,430.418831,-373.260795,-141.055846,515.5958495,-549.5540771,-129.392316,542.9820664,-536.1320956,-106.9073037,421.4492317,-399.7793648,-130.0343851,432.1060655,-376.789966,-135.224081,529.2889579,-542.8430863,-112.4009612,413.5322093,-385.2528627,-137.1706076,412.4384775,-385.0199538,-106.9441439,430.1691483,-372.7379443,23.6467256,199.238066
399_Tibia_L,-312.4555321,1447.436475,-310.638962,-348.8103834,1450.873479,-316.9100387,-299.4545818,1468.494193,-283.6367343,-370.2996084,1893.545618,-572.6342193,-339.680526,1938.190188,-506.1723673,-280.6529032,1482.910167,-355.6998919,-341.3660849,1476.962489,-289.4456016,-354.9900672,1915.867903,-539.4032933,-295.0748452,1445.84343,-333.0659321,-360.1000861,1443.051127,-333.9720477,-280.749616,1467.240249,-282.7757724,62.07735094,523.0394906
400_Tibia_L,-133.7349219,602.9997392,194.6160724,-149.2952583,605.6157831,193.0271141,-128.1703507,605.0265525,209.1314685,-158.4929186,824.4275833,192.9725136,-145.3875638,826.7527218,227.1621377,-120.1229943,625.7920907,185.5049395,-146.1090044,609.4086286,208.7905655,-151.9402412,825.5901525,210.0673256,-126.295768,607.2087588,185.9621494,-154.127394,606.3676509,185.0287091,-120.1643886,604.3775019,209.1822491,26.56989169,223.867521
401_Tibia_L,-168.0029463,533.7820545,590.4852343,-187.5504387,537.6261938,590.3997394,-161.0125181,526.8696952,607.5501132,-199.1048928,775.7133697,727.7802321,-182.6414427,756.7678083,766.4367638,-150.9031199,564.3015148,594.8892334,-183.547744,531.8512342,609.9316993,-190.8731678,766.240589,747.108498,-158.6575953,543.7968869,583.7141,-193.6207531,543.4681284,582.1702622,-150.955121,526.1316745,607.197678,33.37811878,281.2309798
402_Tibia_L,-123.8115538,123.0917318,573.5515635,-138.2172857,125.576667,574.913488,-118.6598836,112.3920084,581.8957551,-146.7324633,226.9082322,750.3238094,-134.599549,200.5725002,768.0143703,-111.2096553,140.9472766,587.608133,-135.2674574,114.6937916,585.2513457,-140.6660062,213.7403662,759.1690898,-116.9243982,131.978494,572.920314,-142.6908683,132.3375453,571.8138546,-111.2479781,112.0508494,581.3988755,24.59835875,207.2561544
403_Tibia_L,-120.6241934,-175.5368486,543.8845448,-134.6590692,-174.1036642,546.2441243,-115.6051459,-188.6292251,545.712659,-142.9550351,-174.0544164,743.604668,-131.1344663,-204.8922542,745.7018611,-108.3467136,-167.3189274,564.4424438,-131.7851803,-188.3217426,549.6651375,-137.0447507,-189.4733353,744.6532646,-113.9143383,-167.7313146,547.6809324,-139.0174855,-166.8893844,546.9222826,-108.3840498,-188.6750275,545.1272383,23.9651073,201.920626
404_Tibia_L,-357.0099062,-1254.793935,1134.298447,-398.5487515,-1254.612256,1142.467327,-342.1550946,-1291.057173,1119.609534,-423.1022173,-1546.548784,1648.407742,-388.1170286,-1628.694753,1608.148013,-320.672404,-1264.152529,1199.152963,-390.0429386,-1296.118095,1130.195412,-405.609623,-1587.621769,1628.277877,-337.1508325,-1240.405128,1155.580184,-411.4483013,-1237.124439,1154.881565,-320.7829075,-1290.308241,1118.041224,70.9292268,597.6219347
405_Tibia_L,-127.6998137,-591.563756,126.9573859,-142.5579527,-592.9684513,129.5203597,-122.386357,-600.169994,115.9216413,-151.3405466,-773.8874743,234.0342084,-138.8266023,-792.1336013,206.8714116,-114.7021568,-606.0617673,145.373678,-139.5154861,-603.6309658,118.2957112,-145.0835744,-783.0105378,220.45281,-120.5963693,-590.9126822,136.1232339,-147.1720266,-589.7714749,136.4935611,-114.7416831,-599.6575101,115.5697683,25.37086188,213.7649637
406_Tibia_L,-177.4736934,-800.2142543,-258.2663724,-198.1231269,-803.6858903,-256.1577363,-170.0891972,-802.9039484,-277.529112,-210.3289346,-1094.061342,-256.0852784,-192.9373985,-1097.14693,-301.4568147,-159.4099069,-830.4609748,-246.1753915,-193.8947903,-808.7192076,-277.0767147,-201.6331665,-1095.604136,-278.7710465,-167.6015215,-805.7998579,-246.7821344,-204.5356401,-804.6836607,-245.5434072,-159.4648394,-802.0426222,-277.5965007,35.25972698,297.0846748
407_Tibia_L,-277.1998296,-880.7244028,-974.2829512,-309.4526065,-887.0671175,-974.1418872,-265.6658325,-869.319217,-1002.43949,-328.5171098,-1279.903827,-1200.815586,-301.3529102,-1248.644218,-1264.597705,-248.9856282,-931.0805983,-981.5494178,-302.8482802,-877.5386071,-1006.369036,-314.93501,-1264.274022,-1232.706645,-261.7802804,-897.2485764,-963.1107824,-319.4684435,-896.7061346,-960.5634964,-249.0714284,-868.1015049,-1001.857983,55.072896,464.0226931
408_Tibia_L,-111.6663017,-111.0170903,-517.2892185,-124.6589082,-113.2582667,-518.5175455,-107.0199828,-101.3669527,-524.8148894,-132.3387923,-204.6497466,-676.7210512,-121.3960522,-180.8974092,-692.6762626,-100.3005821,-127.1211016,-529.9669136,-121.9984423,-103.4429432,-527.8413145,-126.8674223,-192.7735779,-684.6986569,-105.4547393,-119.0321086,-516.7198912,-128.6936562,-119.355939,-515.7219695,-100.3351456,-101.0592595,-524.3667511,22.1853911,186.9254327
409_Tibia_L,-269.6452556,392.3978855,-1215.808231,-301.0190421,389.194122,-1221.082873,-258.4255965,421.6647939,-1219.894827,-319.5639773,389.0840328,-1662.265796,-293.1400882,458.0194298,-1666.953895,-242.1999806,374.0274127,-1261.763688,-294.5947047,420.9774426,-1228.73026,-306.3520328,423.5517313,-1664.609845,-254.645938,374.9492696,-1224.294736,-310.7619158,373.0672053,-1222.598838,-242.2834425,421.7671811,-1218.586168,53.57198517,451.3766037
410_Tibia_L,-315.4072988,147.0901625,-344.1486725,-326.580745,145.8892333,-339.9807508,-312.5309989,158.0608493,-347.5781429,-415.2895782,145.8479664,-479.7258366,-407.5902777,171.6883675,-486.2002217,-315.1109514,140.2039994,-364.2110806,-325.9285272,157.803196,-343.6673962,-411.4399279,158.7681669,-482.9630292,-312.1286634,140.5495571,-349.7148838,-330.0276959,139.8440661,-338.6468218,-307.0455091,158.0992291,-350.1787534,20.08143342,169.1983075
411_Tibia_L,-1145.684917,378.5029015,-361.1273529,-1165.222551,375.4125848,-337.4629084,-1143.687509,406.7334557,-372.4707407,-1542.712827,375.3063939,-534.7514485,-1533.88497,441.8007577,-559.0859294,-1170.837512,360.7829354,-406.2180889,-1168.512441,406.0704438,-346.5178321,-1538.298898,408.5535758,-546.918689,-1145.540104,361.6721489,-377.7501662,-1171.187863,359.8567293,-330.0552531,-1134.809032,406.8322173,-385.3240758,51.6749776,435.3931576
412_Tibia_L,-964.6978476,311.3528811,213.953312,-968.8830764,308.810816,238.847225,-967.9404069,334.575066,205.0509368,-1318.94504,308.7234644,253.5619297,-1322.664869,363.4210946,232.5955731,-1001.161765,296.7766058,192.1765243,-974.9509893,334.0296788,233.7497562,-1320.804955,336.0722795,243.0787514,-971.4315689,297.5080644,202.0519207,-970.085938,296.0147175,246.5778267,-966.9020355,334.6563064,192.2427482,42.50734407,358.1502643
413_Tibia_L,-983.5828731,420.3862348,901.4395286,-971.6708806,416.9539582,933.3734316,-993.3843589,451.7406479,893.2190137,-1371.064759,416.8360168,1186.904815,-1389.568664,490.688331,1164.900081,-1040.921583,400.7054613,900.5925627,-982.2073771,451.0042703,931.5093818,-1380.316711,453.7621739,1175.902448,-999.4912014,401.693071,892.0691319,-967.8584885,399.6767657,943.2248772,-1000.816949,451.8503381,877.5413886,57.39308492,483.5716964
414_Tibia_L,-468.6003762,491.1469613,1486.64558,-437.8932932,487.1369532,1511.997696,-483.319604,527.7790474,1484.053735,-693.8957349,486.9991595,2001.830671,-725.4722598,573.2825264,1990.375606,-527.1103053,468.1534585,1519.283693,-449.6430003,526.9187204,1516.266671,-709.6839973,530.140843,1996.103138,-490.1702087,469.3073057,1486.45767,-428.2810884,466.9516096,1519.738311,-499.9981458,527.907201,1472.532986,67.05366873,564.9679978
415_Tibia_L,343.593089,500.0095451,1549.232916,383.5708598,495.9271777,1555.954082,329.2965373,537.302645,1554.440225,407.2015799,495.7868976,2118.127531,373.5311723,583.6272192,2124.1013,308.6211893,476.6011322,1607.791252,375.3847044,536.4267937,1565.698698,390.3663761,539.7070584,2121.114416,324.4803408,477.7758002,1560.046771,395.9856306,475.3775963,1557.885788,308.72754,537.4331111,1552.772678,68.2636297,575.1626579
416_Tibia_L,611.4121942,285.1320162,667.1269049,633.0717477,282.8040333,659.0474528,605.8365312,306.3985237,673.7748804,805.0324556,282.7240381,929.9411508,790.1074801,332.8152579,942.4916467,610.8377294,271.783295,706.0175742,631.8074336,305.8990667,666.1939582,797.5699679,307.769648,936.2163988,605.0566101,272.4531532,677.9169197,639.7536091,271.0855699,656.461652,595.2029936,306.4729224,678.8161238,38.92754961,327.9883151
417_Tibia_L,1213.312344,400.8451503,382.4439587,1234.003244,397.5724184,357.3826507,1211.197033,430.742096,394.4569234,1633.775996,397.4599593,566.316728,1624.427048,467.8793488,592.0876233,1239.949645,382.0792109,430.1963082,1237.48733,430.0399479,366.9720678,1629.101522,432.6696541,579.2021756,1213.158983,383.0209129,400.0479825,1240.320677,381.0983328,349.5377367,1201.794478,430.8466874,408.0689645,54.72524526,461.0935214
418_Tibia_L,676.140123,218.2218773,-149.9561952,679.073478,216.4401876,-167.4039105,678.4127771,234.4979072,-143.7166736,924.4258851,216.3789644,-177.7171938,927.0330495,254.7155923,-163.0222352,701.6970551,208.0056167,-134.6932193,683.3263737,234.1156546,-163.8311823,925.7294673,235.5472784,-170.3697145,680.8596725,208.5182835,-141.6147148,679.916543,207.4716224,-172.8221562,677.6850004,234.5548472,-134.7396345,29.79266612,251.0213578
419_Tibia_L,648.8323882,277.3128855,-594.6455334,640.9744977,275.0487426,-615.7111203,655.2980574,297.996205,-589.2227709,904.4395202,274.9709411,-782.9561766,916.6458459,323.6885172,-768.4404864,686.6565648,264.3302243,-594.086822,647.9250256,297.5104445,-614.4814773,910.5426831,299.3297291,-775.6983315,659.3265102,264.981713,-588.4642374,638.459607,263.6516328,-622.2097461,660.2010555,298.0685634,-578.8808351,37.86004552,318.9939428
420_Tibia_L,304.1564081,318.7908146,-964.9432713,284.2252332,316.1880218,-981.398675,313.710279,342.5677561,-963.2609715,450.3898099,316.0985835,-1299.336615,470.8853172,372.1028897,-1291.901428,342.1336929,303.8663254,-986.1278277,291.8516648,342.00934,-984.1695567,460.6375635,344.1007366,-1295.619021,318.1568297,304.6152579,-964.8213037,277.9861992,303.0862364,-986.4229085,324.53589,342.6509372,-955.7831509,43.52280547,366.7061434
421_Tibia_L,-272.3558055,396.3423793,-1228.029877,-304.0449702,393.1064107,-1233.357541,-261.0233632,425.9034869,-1232.157552,-322.7763242,392.9952149,-1678.975359,-296.0868148,462.6235698,-1683.710584,-244.6346429,377.7872414,-1274.447291,-297.5560534,425.2092261,-1241.081802,-309.4315695,427.8093924,-1681.342972,-257.2057105,378.7183651,-1236.601691,-313.8857819,376.8173817,-1234.888746,-244.7189438,426.0069034,-1230.835738,54.11050591,455.9139692
422_Tibia_L,-490.1472473,233.8323396,-1386.779812,-519.3114176,212.7747887,-1392.796195,-495.7556311,269.1411659,-1391.441081,-537.5674898,202.0896443,-1896.01994,-550.7804068,285.2545216,-1901.367298,-452.559653,231.3381847,-1439.197701,-531.091804,247.834521,-1401.518987,-544.1739483,243.6720829,-1898.693619,-465.3796301,225.1507258,-1396.459723,-519.7381452,191.2879953,-1394.525341,-479.8686557,278.4483675,-1389.948393,61.10548167,514.8509015
423_Tibia_L,-109.5981671,-8.617481002,-280.7344106,-112.5796749,-15.26112458,-281.952344,-114.1552922,-2.994988383,-281.67802,-114.698706,-18.98223413,-383.8230377,-125.432917,-5.739580184,-384.9055364,-102.756049,-5.250198915,-291.3456877,-118.193631,-10.30702017,-283.7181528,-120.0658115,-12.36090716,-384.364287,-104.3772989,-7.632566118,-282.6939747,-110.4796343,-19.07127166,-282.3023859,-112.3121262,0.244751836,-281.375846,12.36996042,104.2244506
424_Tibia_L,-276.0297926,-189.6802372,-855.2525541,-273.7761256,-211.7499274,-858.9629674,-296.6174129,-181.7878394,-858.127244,-273.6986841,-224.7952439,-1169.310284,-322.1908499,-206.2075275,-1172.608098,-263.1072006,-170.3740333,-887.5796276,-296.1339,-207.2307682,-864.3424736,-297.944767,-215.5013857,-1170.959191,-263.755675,-179.1290628,-861.2223325,-262.4317488,-218.6034898,-860.029364,-296.6894366,-170.4327441,-857.2066762,37.68487172,317.517997
425_Tibia_L,-122.841297,-257.4935687,-728.5298139,-111.7789398,-272.8146509,-731.6904554,-141.390408,-260.4398726,-730.9785611,-106.1656145,-282.4052815,-996.0536213,-149.8553856,-289.3465449,-998.8627979,-121.5310197,-237.7473315,-756.0669861,-130.197192,-279.0033498,-736.2728803,-128.0105,-285.8759132,-997.4582096,-118.2805049,-244.4821682,-733.6150505,-100.4910847,-273.0388276,-732.598844,-146.279846,-252.0938215,-730.1943938,32.1011056,270.4713666
426_Tibia_L,32.37813501,-411.7890423,-1054.792769,57.34004541,-422.9913487,-1059.368864,11.25295642,-428.9113559,-1058.338157,71.32122939,-430.9531041,-1442.123763,21.56510726,-471.2843486,-1446.190995,19.72637355,-386.0814114,-1094.662119,38.72617652,-444.0844536,-1066.00347,46.44316832,-451.1187264,-1444.157379,28.67755161,-392.1728723,-1062.155365,71.65576672,-415.100946,-1060.684063,-0.919596805,-421.9860983,-1057.20281,46.4771838,391.5985811
427_Tibia_L,235.7795182,-343.1151947,-1063.110412,263.2129557,-340.3138036,-1067.722592,225.9689772,-368.7063646,-1066.683757,279.4287644,-340.217541,-1453.495733,256.3235485,-400.4950884,-1457.595037,211.781196,-327.051937,-1103.294155,257.5954743,-368.1053403,-1074.409517,267.8761565,-370.3563147,-1455.545385,222.6640199,-327.8580145,-1070.531066,271.7321861,-326.2123256,-1069.048163,211.8541756,-368.7958927,-1065.539458,46.84368296,394.6865603
428_Tibia_L,236.2462219,-112.704921,-668.4144267,250.3030693,-102.5553856,-671.3142646,238.9494085,-129.723433,-670.661113,259.1023191,-97.40524958,-913.8632319,265.470817,-137.4899143,-916.4406064,218.1293658,-111.5027625,-693.6793408,255.9811013,-119.4538367,-675.518566,262.2865681,-117.4475819,-915.1519191,224.3084705,-108.5204673,-673.0800497,250.5087478,-92.19895945,-672.1476966,231.2920404,-134.209414,-669.9416521,29.45224983,248.1531435
429_Tibia_L,246.210312,19.35901615,-630.6648065,252.9082157,34.28384202,-633.400872,256.4478116,6.728187561,-632.7846081,257.668581,42.64324772,-862.2515542,281.7827931,12.8938637,-864.6833679,230.8396168,11.79447748,-654.5028499,265.5198673,23.15453551,-637.3677298,269.7256871,27.76855571,-863.467461,234.4817256,17.14642257,-635.066932,248.1905124,42.84326893,-634.1872348,252.3071725,-0.5498306,-632.1057797,27.7888937,234.1383547
430_Tibia_L,506.2747931,347.8983987,-1568.645202,502.1412726,388.3771012,-1575.450586,544.0351852,333.4227075,-1573.91776,501.9992347,412.3039203,-2144.668213,590.9402182,378.2116138,-2150.716835,482.5730667,312.4882921,-1627.937289,543.1483592,380.0883712,-1585.317305,546.4697264,395.257767,-2147.692524,483.7624537,328.5461628,-1579.594558,481.3341997,400.9474323,-1577.406497,544.167286,312.5959753,-1572.229318,69.11899056,582.3695936
431_Tibia_L,84.24499799,176.5900043,-499.6283351,76.65839411,187.097257,-501.7959142,96.96604423,178.61059,-501.3076946,72.80875566,193.6745455,-683.0971128,102.7713559,198.4348886,-685.0236561,83.34640513,163.0479647,-518.5134256,89.28969689,191.3414887,-504.9385575,87.79005579,196.0547171,-684.0603844,81.11719053,167.6667397,-503.1158084,68.91714297,187.2509982,-502.4188904,100.3192382,172.8868385,-500.7699099,22.01505232,185.4902242
432_Tibia_L,-29.65205872,377.1184739,-965.9845173,-52.51230168,387.3776024,-970.1753282,-10.30551403,392.7991748,-969.2314014,-65.31634022,394.669018,-1320.704188,-19.74943358,431.6045744,-1324.428979,-18.06551201,353.5752964,-1002.497068,-35.46562703,406.6947738,-976.2513342,-42.5328869,413.1367962,-1322.566584,-26.26304585,359.1538869,-972.7272197,-65.62271119,380.151532,-971.3797941,0.842171374,386.456989,-968.191645,42.56403845,358.6279487
